ISO-10303-21;
HEADER;
/* Generated by software containing ST-Developer
 * from STEP Tools, Inc. (www.steptools.com) 
 */
/* OPTION: using custom renumber hook */

FILE_DESCRIPTION(
/* description */ ('STEP AP242 Edition 2',
'CAx-IF Rec.Pracs.---Representation and Presentation of Product Manufa
cturing Information (PMI)---4.0---2014-10-13',
'CAx-IF Rec.Pracs.---3D Tessellated Geometry---0.4---2014-09-14','2;1',
'CAx-IF Rec.Pracs.---User Defined Attributes---1.5---2016-08-15'),
/* implementation_level */ '2;1');

FILE_NAME(
/* name */ '696af7a02143470f2d6af6ab',
/* time_stamp */ '2026-01-17T02:44:49Z',
/* author */ (''),
/* organization */ (''),
/* preprocessor_version */ 'ST-DEVELOPER v20',
/* originating_system */ 'ONSHAPE BY PTC INC, 1.209',
/* authorisation */ '  ');

FILE_SCHEMA (('AP242_MANAGED_MODEL_BASED_3D_ENGINEERING_MIM_LF { 1 0 10303 442 3 1 4 }'));
ENDSEC;

DATA;
#10=SHAPE_REPRESENTATION_RELATIONSHIP('','',#4200,#11);
#11=ADVANCED_BREP_SHAPE_REPRESENTATION('',(#4198),#10094);
#12=TOROIDAL_SURFACE('',#4652,0.0129286,0.001016);
#13=(
BOUNDED_SURFACE()
B_SPLINE_SURFACE(3,2,((#9090,#9091,#9092,#9093,#9094,#9095,#9096,#9097,
#9098,#9099,#9100,#9101,#9102,#9103,#9104,#9105,#9106,#9107,#9108,#9109,
#9110,#9111,#9112,#9113,#9114,#9115,#9116,#9117,#9118,#9119,#9120,#9121,
#9122,#9123,#9124,#9125,#9126,#9127,#9128,#9129,#9130,#9131,#9132,#9133,
#9134,#9135,#9136,#9137,#9138,#9139,#9140,#9141,#9142,#9143,#9144,#9145,
#9146,#9147,#9148,#9149,#9150,#9151,#9152,#9153,#9154,#9155,#9156,#9157,
#9158,#9159,#9160,#9161,#9162,#9163,#9164,#9165,#9166,#9167,#9168,#9169,
#9170,#9171,#9172,#9173,#9174,#9175,#9176,#9177,#9178,#9179,#9180),(#9181,
#9182,#9183,#9184,#9185,#9186,#9187,#9188,#9189,#9190,#9191,#9192,#9193,
#9194,#9195,#9196,#9197,#9198,#9199,#9200,#9201,#9202,#9203,#9204,#9205,
#9206,#9207,#9208,#9209,#9210,#9211,#9212,#9213,#9214,#9215,#9216,#9217,
#9218,#9219,#9220,#9221,#9222,#9223,#9224,#9225,#9226,#9227,#9228,#9229,
#9230,#9231,#9232,#9233,#9234,#9235,#9236,#9237,#9238,#9239,#9240,#9241,
#9242,#9243,#9244,#9245,#9246,#9247,#9248,#9249,#9250,#9251,#9252,#9253,
#9254,#9255,#9256,#9257,#9258,#9259,#9260,#9261,#9262,#9263,#9264,#9265,
#9266,#9267,#9268,#9269,#9270,#9271),(#9272,#9273,#9274,#9275,#9276,#9277,
#9278,#9279,#9280,#9281,#9282,#9283,#9284,#9285,#9286,#9287,#9288,#9289,
#9290,#9291,#9292,#9293,#9294,#9295,#9296,#9297,#9298,#9299,#9300,#9301,
#9302,#9303,#9304,#9305,#9306,#9307,#9308,#9309,#9310,#9311,#9312,#9313,
#9314,#9315,#9316,#9317,#9318,#9319,#9320,#9321,#9322,#9323,#9324,#9325,
#9326,#9327,#9328,#9329,#9330,#9331,#9332,#9333,#9334,#9335,#9336,#9337,
#9338,#9339,#9340,#9341,#9342,#9343,#9344,#9345,#9346,#9347,#9348,#9349,
#9350,#9351,#9352,#9353,#9354,#9355,#9356,#9357,#9358,#9359,#9360,#9361,
#9362),(#9363,#9364,#9365,#9366,#9367,#9368,#9369,#9370,#9371,#9372,#9373,
#9374,#9375,#9376,#9377,#9378,#9379,#9380,#9381,#9382,#9383,#9384,#9385,
#9386,#9387,#9388,#9389,#9390,#9391,#9392,#9393,#9394,#9395,#9396,#9397,
#9398,#9399,#9400,#9401,#9402,#9403,#9404,#9405,#9406,#9407,#9408,#9409,
#9410,#9411,#9412,#9413,#9414,#9415,#9416,#9417,#9418,#9419,#9420,#9421,
#9422,#9423,#9424,#9425,#9426,#9427,#9428,#9429,#9430,#9431,#9432,#9433,
#9434,#9435,#9436,#9437,#9438,#9439,#9440,#9441,#9442,#9443,#9444,#9445,
#9446,#9447,#9448,#9449,#9450,#9451,#9452,#9453)),.UNSPECIFIED.,.F.,.F.,
 .F.)
B_SPLINE_SURFACE_WITH_KNOTS((4,4),(3,2,2,2,2,2,2,2,2,2,2,2,2,2,2,2,2,2,
2,2,2,2,2,2,2,2,2,2,2,2,2,2,2,2,2,2,2,2,2,2,2,2,2,2,2,3),(0.,1.),(0.126563618819129,
0.136363636363636,0.151515151515151,0.166666666666667,0.181818181818182,
0.196969696969697,0.212121212121212,0.227272727272728,0.242424242424243,
0.257575757575758,0.272727272727273,0.287878787878788,0.303030303030303,
0.318181818181818,0.333333333333334,0.348484848484849,0.363636363636364,
0.378787878787879,0.393939393939394,0.409090909090909,0.424242424242425,
0.43939393939394,0.454545454545455,0.46969696969697,0.484848484848485,0.5,
0.515151515151515,0.53030303030303,0.545454545454545,0.560606060606061,
0.575757575757576,0.590909090909091,0.606060606060606,0.621212121212121,
0.636363636363636,0.651515151515152,0.666666666666667,0.681818181818182,
0.696969696969697,0.712121212121212,0.727272727272727,0.742424242424242,
0.757575757575758,0.772727272727273,0.787878787878788,0.800941284315325),
 .PIECEWISE_BEZIER_KNOTS.)
GEOMETRIC_REPRESENTATION_ITEM()
RATIONAL_B_SPLINE_SURFACE(((0.938787162392081,0.913345076033569,1.,0.866025403784439,
1.,0.866025403784439,1.,0.866025403784439,1.,0.866025403784439,1.,0.866025403784439,
1.,0.866025403784439,1.,0.866025403784439,1.,0.866025403784439,1.,0.866025403784439,
1.,0.866025403784439,1.,0.866025403784439,1.,0.866025403784439,1.,0.866025403784439,
1.,0.866025403784439,1.,0.866025403784439,1.,0.866025403784439,1.,0.866025403784439,
1.,0.866025403784439,1.,0.866025403784439,1.,0.866025403784439,1.,0.866025403784439,
1.,0.866025403784439,1.,0.866025403784439,1.,0.866025403784439,1.,0.866025403784439,
1.,0.866025403784439,1.,0.866025403784439,1.,0.866025403784439,1.,0.866025403784439,
1.,0.866025403784439,1.,0.866025403784439,1.,0.866025403784439,1.,0.866025403784439,
1.,0.866025403784439,1.,0.866025403784439,1.,0.866025403784439,1.,0.866025403784439,
1.,0.866025403784439,1.,0.866025403784439,1.,0.866025403784439,1.,0.866025403784439,
1.,0.866025403784439,1.,0.866025403784439,1.,0.884497182746953,0.968150043812588),
(0.741147761237822,0.721061903546943,0.789473685759972,0.683704267487469,
0.789473685759972,0.683704267487469,0.789473685759972,0.683704267487469,
0.789473685759972,0.683704267487469,0.789473685759972,0.683704267487469,
0.789473685759972,0.683704267487469,0.789473685759972,0.683704267487469,
0.789473685759972,0.683704267487469,0.789473685759972,0.683704267487469,
0.789473685759972,0.683704267487469,0.789473685759972,0.683704267487469,
0.789473685759972,0.683704267487469,0.789473685759972,0.683704267487469,
0.789473685759972,0.683704267487469,0.789473685759972,0.683704267487469,
0.789473685759972,0.683704267487469,0.789473685759972,0.683704267487469,
0.789473685759972,0.683704267487469,0.789473685759972,0.683704267487469,
0.789473685759972,0.683704267487469,0.789473685759972,0.683704267487469,
0.789473685759972,0.683704267487469,0.789473685759972,0.683704267487469,
0.789473685759972,0.683704267487469,0.789473685759972,0.683704267487469,
0.789473685759972,0.683704267487469,0.789473685759972,0.683704267487469,
0.789473685759972,0.683704267487469,0.789473685759972,0.683704267487469,
0.789473685759972,0.683704267487469,0.789473685759972,0.683704267487469,
0.789473685759972,0.683704267487469,0.789473685759972,0.683704267487469,
0.789473685759972,0.683704267487469,0.789473685759972,0.683704267487469,
0.789473685759972,0.683704267487469,0.789473685759972,0.683704267487469,
0.789473685759972,0.683704267487469,0.789473685759972,0.683704267487469,
0.789473685759972,0.683704267487469,0.789473685759972,0.683704267487469,
0.789473685759972,0.683704267487469,0.789473685759972,0.683704267487469,
0.789473685759972,0.698287250907548,0.764328983457403),(0.741147761237822,
0.721061903546943,0.789473685759972,0.683704267487469,0.789473685759972,
0.683704267487469,0.789473685759972,0.683704267487469,0.789473685759972,
0.683704267487469,0.789473685759972,0.683704267487469,0.789473685759972,
0.683704267487469,0.789473685759972,0.683704267487469,0.789473685759972,
0.683704267487469,0.789473685759972,0.683704267487469,0.789473685759972,
0.683704267487469,0.789473685759972,0.683704267487469,0.789473685759972,
0.683704267487469,0.789473685759972,0.683704267487469,0.789473685759972,
0.683704267487469,0.789473685759972,0.683704267487469,0.789473685759972,
0.683704267487469,0.789473685759972,0.683704267487469,0.789473685759972,
0.683704267487469,0.789473685759972,0.683704267487469,0.789473685759972,
0.683704267487469,0.789473685759972,0.683704267487469,0.789473685759972,
0.683704267487469,0.789473685759972,0.683704267487469,0.789473685759972,
0.683704267487469,0.789473685759972,0.683704267487469,0.789473685759972,
0.683704267487469,0.789473685759972,0.683704267487469,0.789473685759972,
0.683704267487469,0.789473685759972,0.683704267487469,0.789473685759972,
0.683704267487469,0.789473685759972,0.683704267487469,0.789473685759972,
0.683704267487469,0.789473685759972,0.683704267487469,0.789473685759972,
0.683704267487469,0.789473685759972,0.683704267487469,0.789473685759972,
0.683704267487469,0.789473685759972,0.683704267487469,0.789473685759972,
0.683704267487469,0.789473685759972,0.683704267487469,0.789473685759972,
0.683704267487469,0.789473685759972,0.683704267487469,0.789473685759972,
0.683704267487469,0.789473685759972,0.683704267487469,0.789473685759972,
0.698287250907548,0.764328983457403),(0.938787162392081,0.913345076033569,
1.,0.866025403784439,1.,0.866025403784439,1.,0.866025403784439,1.,0.866025403784439,
1.,0.866025403784439,1.,0.866025403784439,1.,0.866025403784439,1.,0.866025403784439,
1.,0.866025403784439,1.,0.866025403784439,1.,0.866025403784439,1.,0.866025403784439,
1.,0.866025403784439,1.,0.866025403784439,1.,0.866025403784439,1.,0.866025403784439,
1.,0.866025403784439,1.,0.866025403784439,1.,0.866025403784439,1.,0.866025403784439,
1.,0.866025403784439,1.,0.866025403784439,1.,0.866025403784439,1.,0.866025403784439,
1.,0.866025403784439,1.,0.866025403784439,1.,0.866025403784439,1.,0.866025403784439,
1.,0.866025403784439,1.,0.866025403784439,1.,0.866025403784439,1.,0.866025403784439,
1.,0.866025403784439,1.,0.866025403784439,1.,0.866025403784439,1.,0.866025403784439,
1.,0.866025403784439,1.,0.866025403784439,1.,0.866025403784439,1.,0.866025403784439,
1.,0.866025403784439,1.,0.866025403784439,1.,0.866025403784439,1.,0.884497182746953,
0.968150043812588)))
REPRESENTATION_ITEM('')
SURFACE()
);
#14=(
BOUNDED_SURFACE()
B_SPLINE_SURFACE(1,2,((#9720,#9721,#9722,#9723,#9724,#9725,#9726,#9727,
#9728,#9729,#9730,#9731,#9732,#9733,#9734,#9735,#9736,#9737,#9738,#9739,
#9740,#9741,#9742,#9743,#9744,#9745,#9746,#9747,#9748,#9749,#9750,#9751,
#9752,#9753,#9754,#9755,#9756,#9757,#9758,#9759,#9760,#9761,#9762,#9763,
#9764,#9765,#9766,#9767,#9768,#9769,#9770,#9771,#9772,#9773,#9774,#9775,
#9776,#9777,#9778,#9779,#9780,#9781,#9782,#9783,#9784,#9785,#9786,#9787,
#9788,#9789,#9790,#9791,#9792,#9793,#9794,#9795,#9796,#9797,#9798,#9799,
#9800,#9801,#9802,#9803,#9804,#9805,#9806,#9807,#9808,#9809,#9810,#9811,
#9812),(#9813,#9814,#9815,#9816,#9817,#9818,#9819,#9820,#9821,#9822,#9823,
#9824,#9825,#9826,#9827,#9828,#9829,#9830,#9831,#9832,#9833,#9834,#9835,
#9836,#9837,#9838,#9839,#9840,#9841,#9842,#9843,#9844,#9845,#9846,#9847,
#9848,#9849,#9850,#9851,#9852,#9853,#9854,#9855,#9856,#9857,#9858,#9859,
#9860,#9861,#9862,#9863,#9864,#9865,#9866,#9867,#9868,#9869,#9870,#9871,
#9872,#9873,#9874,#9875,#9876,#9877,#9878,#9879,#9880,#9881,#9882,#9883,
#9884,#9885,#9886,#9887,#9888,#9889,#9890,#9891,#9892,#9893,#9894,#9895,
#9896,#9897,#9898,#9899,#9900,#9901,#9902,#9903,#9904,#9905)),
 .UNSPECIFIED.,.F.,.F.,.F.)
B_SPLINE_SURFACE_WITH_KNOTS((2,2),(3,2,2,2,2,2,2,2,2,2,2,2,2,2,2,2,2,2,
2,2,2,2,2,2,2,2,2,2,2,2,2,2,2,2,2,2,2,2,2,2,2,2,2,2,2,2,3),(0.,1.),(0.098041566044228,
0.106060606060606,0.121212121212121,0.136363636363636,0.151515151515151,
0.166666666666667,0.181818181818182,0.196969696969697,0.212121212121212,
0.227272727272728,0.242424242424243,0.257575757575758,0.272727272727273,
0.287878787878788,0.303030303030303,0.318181818181818,0.333333333333334,
0.348484848484849,0.363636363636364,0.378787878787879,0.393939393939394,
0.409090909090909,0.424242424242425,0.43939393939394,0.454545454545455,
0.46969696969697,0.484848484848485,0.5,0.515151515151515,0.53030303030303,
0.545454545454545,0.560606060606061,0.575757575757576,0.590909090909091,
0.606060606060606,0.621212121212121,0.636363636363636,0.651515151515152,
0.666666666666667,0.681818181818182,0.696969696969697,0.712121212121212,
0.727272727272727,0.742424242424242,0.757575757575758,0.772727272727273,
0.778516866768327),.PIECEWISE_BEZIER_KNOTS.)
GEOMETRIC_REPRESENTATION_ITEM()
RATIONAL_B_SPLINE_SURFACE(((0.933242053284115,0.929093055216776,1.,0.866025403784439,
1.,0.866025403784439,1.,0.866025403784439,1.,0.866025403784439,1.,0.866025403784439,
1.,0.866025403784439,1.,0.866025403784439,1.,0.866025403784439,1.,0.866025403784439,
1.,0.866025403784439,1.,0.866025403784439,1.,0.866025403784439,1.,0.866025403784439,
1.,0.866025403784439,1.,0.866025403784439,1.,0.866025403784439,1.,0.866025403784439,
1.,0.866025403784439,1.,0.866025403784439,1.,0.866025403784439,1.,0.866025403784439,
1.,0.866025403784439,1.,0.866025403784439,1.,0.866025403784439,1.,0.866025403784439,
1.,0.866025403784439,1.,0.866025403784439,1.,0.866025403784439,1.,0.866025403784439,
1.,0.866025403784439,1.,0.866025403784439,1.,0.866025403784439,1.,0.866025403784439,
1.,0.866025403784439,1.,0.866025403784439,1.,0.866025403784439,1.,0.866025403784439,
1.,0.866025403784439,1.,0.866025403784439,1.,0.866025403784439,1.,0.866025403784439,
1.,0.866025403784439,1.,0.866025403784439,1.,0.866025403784439,1.,0.948806537422454,
0.936736471141052),(0.933242053284115,0.929093055216776,1.,0.866025403784439,
1.,0.866025403784439,1.,0.866025403784439,1.,0.866025403784439,1.,0.866025403784439,
1.,0.866025403784439,1.,0.866025403784439,1.,0.866025403784439,1.,0.866025403784439,
1.,0.866025403784439,1.,0.866025403784439,1.,0.866025403784439,1.,0.866025403784439,
1.,0.866025403784439,1.,0.866025403784439,1.,0.866025403784439,1.,0.866025403784439,
1.,0.866025403784439,1.,0.866025403784439,1.,0.866025403784439,1.,0.866025403784439,
1.,0.866025403784439,1.,0.866025403784439,1.,0.866025403784439,1.,0.866025403784439,
1.,0.866025403784439,1.,0.866025403784439,1.,0.866025403784439,1.,0.866025403784439,
1.,0.866025403784439,1.,0.866025403784439,1.,0.866025403784439,1.,0.866025403784439,
1.,0.866025403784439,1.,0.866025403784439,1.,0.866025403784439,1.,0.866025403784439,
1.,0.866025403784439,1.,0.866025403784439,1.,0.866025403784439,1.,0.866025403784439,
1.,0.866025403784439,1.,0.866025403784439,1.,0.866025403784439,1.,0.948806537422454,
0.936736471141052)))
REPRESENTATION_ITEM('')
SURFACE()
);
#15=(
BOUNDED_SURFACE()
B_SPLINE_SURFACE(1,2,((#9906,#9907,#9908,#9909,#9910,#9911,#9912,#9913,
#9914,#9915,#9916,#9917,#9918,#9919,#9920,#9921,#9922,#9923,#9924,#9925,
#9926,#9927,#9928,#9929,#9930,#9931,#9932,#9933,#9934,#9935,#9936,#9937,
#9938,#9939,#9940,#9941,#9942,#9943,#9944,#9945,#9946,#9947,#9948,#9949,
#9950,#9951,#9952,#9953,#9954,#9955,#9956,#9957,#9958,#9959,#9960,#9961,
#9962,#9963,#9964,#9965,#9966,#9967,#9968,#9969,#9970,#9971,#9972,#9973,
#9974,#9975,#9976,#9977,#9978,#9979,#9980,#9981,#9982,#9983,#9984,#9985,
#9986,#9987,#9988,#9989,#9990,#9991,#9992,#9993,#9994,#9995,#9996,#9997,
#9998),(#9999,#10000,#10001,#10002,#10003,#10004,#10005,#10006,#10007,#10008,
#10009,#10010,#10011,#10012,#10013,#10014,#10015,#10016,#10017,#10018,#10019,
#10020,#10021,#10022,#10023,#10024,#10025,#10026,#10027,#10028,#10029,#10030,
#10031,#10032,#10033,#10034,#10035,#10036,#10037,#10038,#10039,#10040,#10041,
#10042,#10043,#10044,#10045,#10046,#10047,#10048,#10049,#10050,#10051,#10052,
#10053,#10054,#10055,#10056,#10057,#10058,#10059,#10060,#10061,#10062,#10063,
#10064,#10065,#10066,#10067,#10068,#10069,#10070,#10071,#10072,#10073,#10074,
#10075,#10076,#10077,#10078,#10079,#10080,#10081,#10082,#10083,#10084,#10085,
#10086,#10087,#10088,#10089,#10090,#10091)),.UNSPECIFIED.,.F.,.F.,.F.)
B_SPLINE_SURFACE_WITH_KNOTS((2,2),(3,2,2,2,2,2,2,2,2,2,2,2,2,2,2,2,2,2,
2,2,2,2,2,2,2,2,2,2,2,2,2,2,2,2,2,2,2,2,2,2,2,2,2,2,2,2,3),(0.,1.),(0.149557631987866,
0.151515151515151,0.166666666666667,0.181818181818182,0.196969696969697,
0.212121212121212,0.227272727272728,0.242424242424243,0.257575757575758,
0.272727272727273,0.287878787878788,0.303030303030303,0.318181818181818,
0.333333333333334,0.348484848484849,0.363636363636364,0.378787878787879,
0.393939393939394,0.409090909090909,0.424242424242425,0.43939393939394,
0.454545454545455,0.46969696969697,0.484848484848485,0.5,0.515151515151515,
0.53030303030303,0.545454545454545,0.560606060606061,0.575757575757576,
0.590909090909091,0.606060606060606,0.621212121212121,0.636363636363636,
0.651515151515152,0.666666666666667,0.681818181818182,0.696969696969697,
0.712121212121212,0.727272727272727,0.742424242424242,0.757575757575758,
0.772727272727273,0.787878787878788,0.803030303030303,0.818181818181818,
0.829506131571947),.PIECEWISE_BEZIER_KNOTS.)
GEOMETRIC_REPRESENTATION_ITEM()
RATIONAL_B_SPLINE_SURFACE(((0.969854481205678,0.982690979375358,1.,0.866025403784439,
1.,0.866025403784439,1.,0.866025403784439,1.,0.866025403784439,1.,0.866025403784439,
1.,0.866025403784439,1.,0.866025403784439,1.,0.866025403784439,1.,0.866025403784439,
1.,0.866025403784439,1.,0.866025403784439,1.,0.866025403784439,1.,0.866025403784439,
1.,0.866025403784439,1.,0.866025403784439,1.,0.866025403784439,1.,0.866025403784439,
1.,0.866025403784439,1.,0.866025403784439,1.,0.866025403784439,1.,0.866025403784439,
1.,0.866025403784439,1.,0.866025403784439,1.,0.866025403784439,1.,0.866025403784439,
1.,0.866025403784439,1.,0.866025403784439,1.,0.866025403784439,1.,0.866025403784439,
1.,0.866025403784439,1.,0.866025403784439,1.,0.866025403784439,1.,0.866025403784439,
1.,0.866025403784439,1.,0.866025403784439,1.,0.866025403784439,1.,0.866025403784439,
1.,0.866025403784439,1.,0.866025403784439,1.,0.866025403784439,1.,0.866025403784439,
1.,0.866025403784439,1.,0.866025403784439,1.,0.866025403784439,1.,0.899866759285171,
0.949413624788707),(0.969854481205678,0.982690979375358,1.,0.866025403784439,
1.,0.866025403784439,1.,0.866025403784439,1.,0.866025403784439,1.,0.866025403784439,
1.,0.866025403784439,1.,0.866025403784439,1.,0.866025403784439,1.,0.866025403784439,
1.,0.866025403784439,1.,0.866025403784439,1.,0.866025403784439,1.,0.866025403784439,
1.,0.866025403784439,1.,0.866025403784439,1.,0.866025403784439,1.,0.866025403784439,
1.,0.866025403784439,1.,0.866025403784439,1.,0.866025403784439,1.,0.866025403784439,
1.,0.866025403784439,1.,0.866025403784439,1.,0.866025403784439,1.,0.866025403784439,
1.,0.866025403784439,1.,0.866025403784439,1.,0.866025403784439,1.,0.866025403784439,
1.,0.866025403784439,1.,0.866025403784439,1.,0.866025403784439,1.,0.866025403784439,
1.,0.866025403784439,1.,0.866025403784439,1.,0.866025403784439,1.,0.866025403784439,
1.,0.866025403784439,1.,0.866025403784439,1.,0.866025403784439,1.,0.866025403784439,
1.,0.866025403784439,1.,0.866025403784439,1.,0.866025403784439,1.,0.899866759285171,
0.949413624788707)))
REPRESENTATION_ITEM('')
SURFACE()
);
#16=CONICAL_SURFACE('',#4618,0.0024187145754695,1.02974425867665);
#17=CONICAL_SURFACE('',#4627,0.0127,0.78539816339745);
#18=CONICAL_SURFACE('',#4646,0.0142748,0.785398163397448);
#19=CONICAL_SURFACE('',#4647,0.0173609,0.78539816339745);
#20=CONICAL_SURFACE('',#4648,0.01825625,0.785398163397446);
#21=CONICAL_SURFACE('',#4649,0.01190625,0.785398163397448);
#22=CONICAL_SURFACE('',#4650,0.007874,0.78539816339745);
#23=CONICAL_SURFACE('',#4651,0.01106805,0.785398163397448);
#24=B_SPLINE_CURVE_WITH_KNOTS('',3,(#8679,#8680,#8681,#8682,#8683,#8684,
#8685,#8686,#8687,#8688,#8689),.UNSPECIFIED.,.F.,.F.,(4,1,1,1,1,1,1,1,4),
(0.102800437875105,0.107162865438809,0.111525293002512,0.120250148129919,
0.124612575693623,0.126793789475475,0.128975003257326,0.13333743082103,
0.137699858384733),.UNSPECIFIED.);
#25=B_SPLINE_CURVE_WITH_KNOTS('',3,(#8692,#8693,#8694,#8695,#8696,#8697,
#8698,#8699),.UNSPECIFIED.,.F.,.F.,(4,1,1,1,1,4),(0.0774550332472668,0.0843074949330699,
0.0877337257759715,0.091159956618873,0.0980124183046761,0.104864879990479),
 .UNSPECIFIED.);
#26=B_SPLINE_CURVE_WITH_KNOTS('',3,(#8701,#8702,#8703,#8704,#8705,#8706,
#8707,#8708,#8709,#8710,#8711),.UNSPECIFIED.,.F.,.F.,(4,1,1,1,1,1,1,1,4),
(0.0513424515837927,0.0557519316230014,0.0601614116622101,0.0689803717406274,
0.0733898517798361,0.0755945917994404,0.0777993318190448,0.0822088118582534,
0.0866182918974621),.UNSPECIFIED.);
#27=B_SPLINE_CURVE_WITH_KNOTS('',3,(#8777,#8778,#8779,#8780,#8781,#8782,
#8783,#8784,#8785,#8786,#8787),.UNSPECIFIED.,.F.,.F.,(4,1,1,1,1,1,1,1,4),
(0.0577351047504129,0.0621155297522977,0.0664959547541825,0.0752568047579521,
0.0796372297598369,0.0818274422607794,0.0840176547617218,0.0883980797636066,
0.0927785047654914),.UNSPECIFIED.);
#28=B_SPLINE_CURVE_WITH_KNOTS('',3,(#8789,#8790,#8791,#8792,#8793,#8794,
#8795,#8796,#8797,#8798),.UNSPECIFIED.,.F.,.F.,(4,1,1,1,1,1,1,4),(0.0775310975121676,
0.084499752262941,0.0879840796383277,0.0914684070137145,0.0949527343891012,
0.0984370617644879,0.101921389139875,0.105405716515261),.UNSPECIFIED.);
#29=B_SPLINE_CURVE_WITH_KNOTS('',3,(#8800,#8801,#8802,#8803,#8804,#8805,
#8806,#8807,#8808,#8809,#8810,#8811,#8812,#8813),.UNSPECIFIED.,.F.,.F.,
(4,1,1,1,1,1,1,1,1,1,1,4),(0.0717338403671854,0.0761423678690102,0.0783466316199227,
0.0805508953708351,0.0849594228726599,0.0871636866235723,0.0893679503744848,
0.0937764778763096,0.0981850053781344,0.100389269129047,0.102593532879959,
0.107002060381784),.UNSPECIFIED.);
#30=PLANE('',#4600);
#31=PLANE('',#4603);
#32=PLANE('',#4608);
#33=PLANE('',#4614);
#34=PLANE('',#4622);
#35=PLANE('',#4631);
#36=PLANE('',#4637);
#37=PLANE('',#4641);
#38=CIRCLE('',#4203,0.0127);
#39=CIRCLE('',#4209,0.0127);
#40=CIRCLE('',#4215,0.0127);
#41=CIRCLE('',#4217,0.0127);
#42=CIRCLE('',#4219,0.0127);
#43=CIRCLE('',#4225,0.0127);
#44=CIRCLE('',#4230,0.0127);
#45=CIRCLE('',#4232,0.0127);
#46=CIRCLE('',#4234,0.0127);
#47=CIRCLE('',#4240,0.0127);
#48=CIRCLE('',#4244,0.0127);
#49=CIRCLE('',#4246,0.0127);
#50=CIRCLE('',#4248,0.0127);
#51=CIRCLE('',#4254,0.0127);
#52=CIRCLE('',#4257,0.0127);
#53=CIRCLE('',#4259,0.0127);
#54=CIRCLE('',#4261,0.0127);
#55=CIRCLE('',#4267,0.0127);
#56=CIRCLE('',#4269,0.0127);
#57=CIRCLE('',#4271,0.0127);
#58=CIRCLE('',#4273,0.0127);
#59=CIRCLE('',#4279,0.0127);
#60=CIRCLE('',#4281,0.0127);
#61=CIRCLE('',#4283,0.0127);
#62=CIRCLE('',#4289,0.0127);
#63=CIRCLE('',#4291,0.0127);
#64=CIRCLE('',#4293,0.0127);
#65=CIRCLE('',#4299,0.0127);
#66=CIRCLE('',#4301,0.0127);
#67=CIRCLE('',#4303,0.0127);
#68=CIRCLE('',#4309,0.0127);
#69=CIRCLE('',#4311,0.0127);
#70=CIRCLE('',#4313,0.0127);
#71=CIRCLE('',#4319,0.0127);
#72=CIRCLE('',#4321,0.0127);
#73=CIRCLE('',#4323,0.0127);
#74=CIRCLE('',#4329,0.0127);
#75=CIRCLE('',#4331,0.0127);
#76=CIRCLE('',#4333,0.0127);
#77=CIRCLE('',#4339,0.0127);
#78=CIRCLE('',#4341,0.0127);
#79=CIRCLE('',#4343,0.0127);
#80=CIRCLE('',#4349,0.0127);
#81=CIRCLE('',#4351,0.0127);
#82=CIRCLE('',#4353,0.0127);
#83=CIRCLE('',#4359,0.0127);
#84=CIRCLE('',#4361,0.0127);
#85=CIRCLE('',#4363,0.0127);
#86=CIRCLE('',#4369,0.0127);
#87=CIRCLE('',#4371,0.0127);
#88=CIRCLE('',#4373,0.0127);
#89=CIRCLE('',#4379,0.0127);
#90=CIRCLE('',#4381,0.0127);
#91=CIRCLE('',#4383,0.0127);
#92=CIRCLE('',#4389,0.0127);
#93=CIRCLE('',#4391,0.0127);
#94=CIRCLE('',#4393,0.0127);
#95=CIRCLE('',#4399,0.0127);
#96=CIRCLE('',#4401,0.0127);
#97=CIRCLE('',#4403,0.0127);
#98=CIRCLE('',#4409,0.0127);
#99=CIRCLE('',#4411,0.0127);
#100=CIRCLE('',#4413,0.0127);
#101=CIRCLE('',#4419,0.0127);
#102=CIRCLE('',#4421,0.0127);
#103=CIRCLE('',#4423,0.0127);
#104=CIRCLE('',#4429,0.0127);
#105=CIRCLE('',#4431,0.0127);
#106=CIRCLE('',#4433,0.0127);
#107=CIRCLE('',#4439,0.0127);
#108=CIRCLE('',#4441,0.0127);
#109=CIRCLE('',#4443,0.0127);
#110=CIRCLE('',#4449,0.0127);
#111=CIRCLE('',#4451,0.0127);
#112=CIRCLE('',#4453,0.0127);
#113=CIRCLE('',#4459,0.0127);
#114=CIRCLE('',#4461,0.0127);
#115=CIRCLE('',#4463,0.0127);
#116=CIRCLE('',#4469,0.0127);
#117=CIRCLE('',#4471,0.0127);
#118=CIRCLE('',#4473,0.0127);
#119=CIRCLE('',#4479,0.0127);
#120=CIRCLE('',#4481,0.0127);
#121=CIRCLE('',#4483,0.0127);
#122=CIRCLE('',#4489,0.0127);
#123=CIRCLE('',#4491,0.0127);
#124=CIRCLE('',#4493,0.0127);
#125=CIRCLE('',#4499,0.0127);
#126=CIRCLE('',#4501,0.0127);
#127=CIRCLE('',#4503,0.0127);
#128=CIRCLE('',#4509,0.0127);
#129=CIRCLE('',#4511,0.0127);
#130=CIRCLE('',#4513,0.0127);
#131=CIRCLE('',#4519,0.0127);
#132=CIRCLE('',#4521,0.0127);
#133=CIRCLE('',#4523,0.0127);
#134=CIRCLE('',#4529,0.0127);
#135=CIRCLE('',#4531,0.0127);
#136=CIRCLE('',#4533,0.0127);
#137=CIRCLE('',#4539,0.0127);
#138=CIRCLE('',#4541,0.0127);
#139=CIRCLE('',#4543,0.0127);
#140=CIRCLE('',#4549,0.0127);
#141=CIRCLE('',#4551,0.0127);
#142=CIRCLE('',#4553,0.0127);
#143=CIRCLE('',#4559,0.0127);
#144=CIRCLE('',#4561,0.0127);
#145=CIRCLE('',#4563,0.0127);
#146=CIRCLE('',#4569,0.0127);
#147=CIRCLE('',#4571,0.0127);
#148=CIRCLE('',#4577,0.0127);
#149=CIRCLE('',#4579,0.0127);
#150=CIRCLE('',#4584,0.0127);
#151=CIRCLE('',#4586,0.0127);
#152=CIRCLE('',#4590,0.0127);
#153=CIRCLE('',#4592,0.0127);
#154=CIRCLE('',#4595,0.0127);
#155=CIRCLE('',#4597,0.0127);
#156=CIRCLE('',#4599,0.0127);
#157=CIRCLE('',#4601,0.0173609);
#158=CIRCLE('',#4602,0.0180594);
#159=CIRCLE('',#4604,0.01656715);
#160=CIRCLE('',#4605,0.0142748);
#161=CIRCLE('',#4607,0.0142748);
#162=CIRCLE('',#4609,0.01348105);
#163=CIRCLE('',#4610,0.01106805);
#164=CIRCLE('',#4612,0.0102743);
#165=CIRCLE('',#4613,0.0102743);
#166=CIRCLE('',#4615,0.0024187145754695);
#167=CIRCLE('',#4617,0.0024187145754695);
#168=CIRCLE('',#4619,0.007874);
#169=CIRCLE('',#4621,0.007874);
#170=CIRCLE('',#4623,0.01190625);
#171=CIRCLE('',#4624,0.00866775);
#172=CIRCLE('',#4626,0.0127);
#173=CIRCLE('',#4628,0.0119126);
#174=CIRCLE('',#4630,0.0119126);
#175=CIRCLE('',#4632,0.0129286);
#176=CIRCLE('',#4633,0.01825625);
#177=CIRCLE('',#4635,0.01905);
#178=CIRCLE('',#4636,0.01905);
#179=CIRCLE('',#4638,0.0173609);
#180=CIRCLE('',#4640,0.0173609);
#181=CIRCLE('',#4642,0.0180594);
#182=CIRCLE('',#4645,0.0173609);
#183=ORIENTED_EDGE('',*,*,#1453,.T.);
#184=ORIENTED_EDGE('',*,*,#1454,.T.);
#185=ORIENTED_EDGE('',*,*,#1455,.T.);
#186=ORIENTED_EDGE('',*,*,#1456,.F.);
#187=ORIENTED_EDGE('',*,*,#1457,.F.);
#188=ORIENTED_EDGE('',*,*,#1458,.T.);
#189=ORIENTED_EDGE('',*,*,#1459,.T.);
#190=ORIENTED_EDGE('',*,*,#1453,.F.);
#191=ORIENTED_EDGE('',*,*,#1460,.F.);
#192=ORIENTED_EDGE('',*,*,#1461,.T.);
#193=ORIENTED_EDGE('',*,*,#1462,.T.);
#194=ORIENTED_EDGE('',*,*,#1458,.F.);
#195=ORIENTED_EDGE('',*,*,#1463,.F.);
#196=ORIENTED_EDGE('',*,*,#1464,.T.);
#197=ORIENTED_EDGE('',*,*,#1465,.T.);
#198=ORIENTED_EDGE('',*,*,#1461,.F.);
#199=ORIENTED_EDGE('',*,*,#1466,.F.);
#200=ORIENTED_EDGE('',*,*,#1467,.T.);
#201=ORIENTED_EDGE('',*,*,#1468,.T.);
#202=ORIENTED_EDGE('',*,*,#1464,.F.);
#203=ORIENTED_EDGE('',*,*,#1469,.F.);
#204=ORIENTED_EDGE('',*,*,#1470,.T.);
#205=ORIENTED_EDGE('',*,*,#1471,.T.);
#206=ORIENTED_EDGE('',*,*,#1467,.F.);
#207=ORIENTED_EDGE('',*,*,#1471,.F.);
#208=ORIENTED_EDGE('',*,*,#1472,.T.);
#209=ORIENTED_EDGE('',*,*,#1473,.T.);
#210=ORIENTED_EDGE('',*,*,#1474,.F.);
#211=ORIENTED_EDGE('',*,*,#1473,.F.);
#212=ORIENTED_EDGE('',*,*,#1475,.T.);
#213=ORIENTED_EDGE('',*,*,#1476,.T.);
#214=ORIENTED_EDGE('',*,*,#1477,.F.);
#215=ORIENTED_EDGE('',*,*,#1476,.F.);
#216=ORIENTED_EDGE('',*,*,#1478,.T.);
#217=ORIENTED_EDGE('',*,*,#1479,.T.);
#218=ORIENTED_EDGE('',*,*,#1480,.F.);
#219=ORIENTED_EDGE('',*,*,#1479,.F.);
#220=ORIENTED_EDGE('',*,*,#1481,.T.);
#221=ORIENTED_EDGE('',*,*,#1482,.T.);
#222=ORIENTED_EDGE('',*,*,#1483,.F.);
#223=ORIENTED_EDGE('',*,*,#1482,.F.);
#224=ORIENTED_EDGE('',*,*,#1484,.T.);
#225=ORIENTED_EDGE('',*,*,#1485,.T.);
#226=ORIENTED_EDGE('',*,*,#1486,.T.);
#227=ORIENTED_EDGE('',*,*,#1487,.F.);
#228=ORIENTED_EDGE('',*,*,#1485,.F.);
#229=ORIENTED_EDGE('',*,*,#1488,.T.);
#230=ORIENTED_EDGE('',*,*,#1489,.T.);
#231=ORIENTED_EDGE('',*,*,#1490,.T.);
#232=ORIENTED_EDGE('',*,*,#1491,.T.);
#233=ORIENTED_EDGE('',*,*,#1492,.T.);
#234=ORIENTED_EDGE('',*,*,#1493,.F.);
#235=ORIENTED_EDGE('',*,*,#1494,.F.);
#236=ORIENTED_EDGE('',*,*,#1495,.T.);
#237=ORIENTED_EDGE('',*,*,#1457,.T.);
#238=ORIENTED_EDGE('',*,*,#1490,.F.);
#239=ORIENTED_EDGE('',*,*,#1496,.F.);
#240=ORIENTED_EDGE('',*,*,#1497,.T.);
#241=ORIENTED_EDGE('',*,*,#1460,.T.);
#242=ORIENTED_EDGE('',*,*,#1495,.F.);
#243=ORIENTED_EDGE('',*,*,#1498,.F.);
#244=ORIENTED_EDGE('',*,*,#1499,.T.);
#245=ORIENTED_EDGE('',*,*,#1463,.T.);
#246=ORIENTED_EDGE('',*,*,#1497,.F.);
#247=ORIENTED_EDGE('',*,*,#1500,.F.);
#248=ORIENTED_EDGE('',*,*,#1501,.T.);
#249=ORIENTED_EDGE('',*,*,#1466,.T.);
#250=ORIENTED_EDGE('',*,*,#1499,.F.);
#251=ORIENTED_EDGE('',*,*,#1502,.F.);
#252=ORIENTED_EDGE('',*,*,#1503,.T.);
#253=ORIENTED_EDGE('',*,*,#1469,.T.);
#254=ORIENTED_EDGE('',*,*,#1501,.F.);
#255=ORIENTED_EDGE('',*,*,#1468,.F.);
#256=ORIENTED_EDGE('',*,*,#1474,.T.);
#257=ORIENTED_EDGE('',*,*,#1504,.T.);
#258=ORIENTED_EDGE('',*,*,#1505,.F.);
#259=ORIENTED_EDGE('',*,*,#1504,.F.);
#260=ORIENTED_EDGE('',*,*,#1477,.T.);
#261=ORIENTED_EDGE('',*,*,#1506,.T.);
#262=ORIENTED_EDGE('',*,*,#1507,.F.);
#263=ORIENTED_EDGE('',*,*,#1506,.F.);
#264=ORIENTED_EDGE('',*,*,#1480,.T.);
#265=ORIENTED_EDGE('',*,*,#1508,.T.);
#266=ORIENTED_EDGE('',*,*,#1509,.F.);
#267=ORIENTED_EDGE('',*,*,#1508,.F.);
#268=ORIENTED_EDGE('',*,*,#1483,.T.);
#269=ORIENTED_EDGE('',*,*,#1510,.T.);
#270=ORIENTED_EDGE('',*,*,#1511,.T.);
#271=ORIENTED_EDGE('',*,*,#1512,.F.);
#272=ORIENTED_EDGE('',*,*,#1510,.F.);
#273=ORIENTED_EDGE('',*,*,#1487,.T.);
#274=ORIENTED_EDGE('',*,*,#1513,.T.);
#275=ORIENTED_EDGE('',*,*,#1514,.T.);
#276=ORIENTED_EDGE('',*,*,#1515,.T.);
#277=ORIENTED_EDGE('',*,*,#1516,.T.);
#278=ORIENTED_EDGE('',*,*,#1517,.F.);
#279=ORIENTED_EDGE('',*,*,#1518,.F.);
#280=ORIENTED_EDGE('',*,*,#1519,.T.);
#281=ORIENTED_EDGE('',*,*,#1494,.T.);
#282=ORIENTED_EDGE('',*,*,#1514,.F.);
#283=ORIENTED_EDGE('',*,*,#1520,.F.);
#284=ORIENTED_EDGE('',*,*,#1521,.T.);
#285=ORIENTED_EDGE('',*,*,#1496,.T.);
#286=ORIENTED_EDGE('',*,*,#1519,.F.);
#287=ORIENTED_EDGE('',*,*,#1522,.F.);
#288=ORIENTED_EDGE('',*,*,#1523,.T.);
#289=ORIENTED_EDGE('',*,*,#1498,.T.);
#290=ORIENTED_EDGE('',*,*,#1521,.F.);
#291=ORIENTED_EDGE('',*,*,#1524,.F.);
#292=ORIENTED_EDGE('',*,*,#1525,.T.);
#293=ORIENTED_EDGE('',*,*,#1500,.T.);
#294=ORIENTED_EDGE('',*,*,#1523,.F.);
#295=ORIENTED_EDGE('',*,*,#1526,.F.);
#296=ORIENTED_EDGE('',*,*,#1527,.T.);
#297=ORIENTED_EDGE('',*,*,#1502,.T.);
#298=ORIENTED_EDGE('',*,*,#1525,.F.);
#299=ORIENTED_EDGE('',*,*,#1465,.F.);
#300=ORIENTED_EDGE('',*,*,#1505,.T.);
#301=ORIENTED_EDGE('',*,*,#1528,.T.);
#302=ORIENTED_EDGE('',*,*,#1529,.F.);
#303=ORIENTED_EDGE('',*,*,#1528,.F.);
#304=ORIENTED_EDGE('',*,*,#1507,.T.);
#305=ORIENTED_EDGE('',*,*,#1530,.T.);
#306=ORIENTED_EDGE('',*,*,#1531,.F.);
#307=ORIENTED_EDGE('',*,*,#1530,.F.);
#308=ORIENTED_EDGE('',*,*,#1509,.T.);
#309=ORIENTED_EDGE('',*,*,#1532,.T.);
#310=ORIENTED_EDGE('',*,*,#1533,.T.);
#311=ORIENTED_EDGE('',*,*,#1534,.F.);
#312=ORIENTED_EDGE('',*,*,#1532,.F.);
#313=ORIENTED_EDGE('',*,*,#1512,.T.);
#314=ORIENTED_EDGE('',*,*,#1535,.T.);
#315=ORIENTED_EDGE('',*,*,#1536,.T.);
#316=ORIENTED_EDGE('',*,*,#1537,.T.);
#317=ORIENTED_EDGE('',*,*,#1538,.T.);
#318=ORIENTED_EDGE('',*,*,#1539,.F.);
#319=ORIENTED_EDGE('',*,*,#1540,.F.);
#320=ORIENTED_EDGE('',*,*,#1541,.T.);
#321=ORIENTED_EDGE('',*,*,#1518,.T.);
#322=ORIENTED_EDGE('',*,*,#1536,.F.);
#323=ORIENTED_EDGE('',*,*,#1542,.F.);
#324=ORIENTED_EDGE('',*,*,#1543,.T.);
#325=ORIENTED_EDGE('',*,*,#1520,.T.);
#326=ORIENTED_EDGE('',*,*,#1541,.F.);
#327=ORIENTED_EDGE('',*,*,#1544,.F.);
#328=ORIENTED_EDGE('',*,*,#1545,.T.);
#329=ORIENTED_EDGE('',*,*,#1522,.T.);
#330=ORIENTED_EDGE('',*,*,#1543,.F.);
#331=ORIENTED_EDGE('',*,*,#1546,.F.);
#332=ORIENTED_EDGE('',*,*,#1547,.T.);
#333=ORIENTED_EDGE('',*,*,#1524,.T.);
#334=ORIENTED_EDGE('',*,*,#1545,.F.);
#335=ORIENTED_EDGE('',*,*,#1548,.F.);
#336=ORIENTED_EDGE('',*,*,#1549,.T.);
#337=ORIENTED_EDGE('',*,*,#1526,.T.);
#338=ORIENTED_EDGE('',*,*,#1547,.F.);
#339=ORIENTED_EDGE('',*,*,#1462,.F.);
#340=ORIENTED_EDGE('',*,*,#1529,.T.);
#341=ORIENTED_EDGE('',*,*,#1550,.T.);
#342=ORIENTED_EDGE('',*,*,#1551,.F.);
#343=ORIENTED_EDGE('',*,*,#1550,.F.);
#344=ORIENTED_EDGE('',*,*,#1531,.T.);
#345=ORIENTED_EDGE('',*,*,#1552,.T.);
#346=ORIENTED_EDGE('',*,*,#1553,.T.);
#347=ORIENTED_EDGE('',*,*,#1554,.F.);
#348=ORIENTED_EDGE('',*,*,#1552,.F.);
#349=ORIENTED_EDGE('',*,*,#1534,.T.);
#350=ORIENTED_EDGE('',*,*,#1555,.T.);
#351=ORIENTED_EDGE('',*,*,#1556,.T.);
#352=ORIENTED_EDGE('',*,*,#1557,.T.);
#353=ORIENTED_EDGE('',*,*,#1558,.T.);
#354=ORIENTED_EDGE('',*,*,#1559,.F.);
#355=ORIENTED_EDGE('',*,*,#1560,.F.);
#356=ORIENTED_EDGE('',*,*,#1561,.T.);
#357=ORIENTED_EDGE('',*,*,#1540,.T.);
#358=ORIENTED_EDGE('',*,*,#1556,.F.);
#359=ORIENTED_EDGE('',*,*,#1562,.F.);
#360=ORIENTED_EDGE('',*,*,#1563,.T.);
#361=ORIENTED_EDGE('',*,*,#1542,.T.);
#362=ORIENTED_EDGE('',*,*,#1561,.F.);
#363=ORIENTED_EDGE('',*,*,#1564,.F.);
#364=ORIENTED_EDGE('',*,*,#1565,.T.);
#365=ORIENTED_EDGE('',*,*,#1544,.T.);
#366=ORIENTED_EDGE('',*,*,#1563,.F.);
#367=ORIENTED_EDGE('',*,*,#1566,.F.);
#368=ORIENTED_EDGE('',*,*,#1567,.T.);
#369=ORIENTED_EDGE('',*,*,#1546,.T.);
#370=ORIENTED_EDGE('',*,*,#1565,.F.);
#371=ORIENTED_EDGE('',*,*,#1568,.F.);
#372=ORIENTED_EDGE('',*,*,#1569,.T.);
#373=ORIENTED_EDGE('',*,*,#1548,.T.);
#374=ORIENTED_EDGE('',*,*,#1567,.F.);
#375=ORIENTED_EDGE('',*,*,#1459,.F.);
#376=ORIENTED_EDGE('',*,*,#1551,.T.);
#377=ORIENTED_EDGE('',*,*,#1570,.T.);
#378=ORIENTED_EDGE('',*,*,#1571,.T.);
#379=ORIENTED_EDGE('',*,*,#1572,.F.);
#380=ORIENTED_EDGE('',*,*,#1570,.F.);
#381=ORIENTED_EDGE('',*,*,#1554,.T.);
#382=ORIENTED_EDGE('',*,*,#1573,.T.);
#383=ORIENTED_EDGE('',*,*,#1574,.T.);
#384=ORIENTED_EDGE('',*,*,#1575,.T.);
#385=ORIENTED_EDGE('',*,*,#1576,.T.);
#386=ORIENTED_EDGE('',*,*,#1577,.F.);
#387=ORIENTED_EDGE('',*,*,#1578,.F.);
#388=ORIENTED_EDGE('',*,*,#1579,.T.);
#389=ORIENTED_EDGE('',*,*,#1560,.T.);
#390=ORIENTED_EDGE('',*,*,#1574,.F.);
#391=ORIENTED_EDGE('',*,*,#1580,.F.);
#392=ORIENTED_EDGE('',*,*,#1581,.T.);
#393=ORIENTED_EDGE('',*,*,#1562,.T.);
#394=ORIENTED_EDGE('',*,*,#1579,.F.);
#395=ORIENTED_EDGE('',*,*,#1582,.F.);
#396=ORIENTED_EDGE('',*,*,#1583,.T.);
#397=ORIENTED_EDGE('',*,*,#1564,.T.);
#398=ORIENTED_EDGE('',*,*,#1581,.F.);
#399=ORIENTED_EDGE('',*,*,#1584,.F.);
#400=ORIENTED_EDGE('',*,*,#1585,.T.);
#401=ORIENTED_EDGE('',*,*,#1566,.T.);
#402=ORIENTED_EDGE('',*,*,#1583,.F.);
#403=ORIENTED_EDGE('',*,*,#1586,.F.);
#404=ORIENTED_EDGE('',*,*,#1587,.T.);
#405=ORIENTED_EDGE('',*,*,#1568,.T.);
#406=ORIENTED_EDGE('',*,*,#1585,.F.);
#407=ORIENTED_EDGE('',*,*,#1454,.F.);
#408=ORIENTED_EDGE('',*,*,#1572,.T.);
#409=ORIENTED_EDGE('',*,*,#1588,.T.);
#410=ORIENTED_EDGE('',*,*,#1589,.T.);
#411=ORIENTED_EDGE('',*,*,#1590,.T.);
#412=ORIENTED_EDGE('',*,*,#1591,.T.);
#413=ORIENTED_EDGE('',*,*,#1592,.F.);
#414=ORIENTED_EDGE('',*,*,#1593,.F.);
#415=ORIENTED_EDGE('',*,*,#1594,.T.);
#416=ORIENTED_EDGE('',*,*,#1578,.T.);
#417=ORIENTED_EDGE('',*,*,#1589,.F.);
#418=ORIENTED_EDGE('',*,*,#1595,.F.);
#419=ORIENTED_EDGE('',*,*,#1596,.T.);
#420=ORIENTED_EDGE('',*,*,#1580,.T.);
#421=ORIENTED_EDGE('',*,*,#1594,.F.);
#422=ORIENTED_EDGE('',*,*,#1597,.F.);
#423=ORIENTED_EDGE('',*,*,#1598,.T.);
#424=ORIENTED_EDGE('',*,*,#1582,.T.);
#425=ORIENTED_EDGE('',*,*,#1596,.F.);
#426=ORIENTED_EDGE('',*,*,#1599,.F.);
#427=ORIENTED_EDGE('',*,*,#1600,.T.);
#428=ORIENTED_EDGE('',*,*,#1584,.T.);
#429=ORIENTED_EDGE('',*,*,#1598,.F.);
#430=ORIENTED_EDGE('',*,*,#1601,.F.);
#431=ORIENTED_EDGE('',*,*,#1602,.T.);
#432=ORIENTED_EDGE('',*,*,#1586,.T.);
#433=ORIENTED_EDGE('',*,*,#1600,.F.);
#434=ORIENTED_EDGE('',*,*,#1491,.F.);
#435=ORIENTED_EDGE('',*,*,#1456,.T.);
#436=ORIENTED_EDGE('',*,*,#1603,.T.);
#437=ORIENTED_EDGE('',*,*,#1604,.T.);
#438=ORIENTED_EDGE('',*,*,#1605,.T.);
#439=ORIENTED_EDGE('',*,*,#1606,.T.);
#440=ORIENTED_EDGE('',*,*,#1607,.F.);
#441=ORIENTED_EDGE('',*,*,#1608,.F.);
#442=ORIENTED_EDGE('',*,*,#1609,.T.);
#443=ORIENTED_EDGE('',*,*,#1593,.T.);
#444=ORIENTED_EDGE('',*,*,#1604,.F.);
#445=ORIENTED_EDGE('',*,*,#1610,.F.);
#446=ORIENTED_EDGE('',*,*,#1611,.T.);
#447=ORIENTED_EDGE('',*,*,#1595,.T.);
#448=ORIENTED_EDGE('',*,*,#1609,.F.);
#449=ORIENTED_EDGE('',*,*,#1612,.F.);
#450=ORIENTED_EDGE('',*,*,#1613,.T.);
#451=ORIENTED_EDGE('',*,*,#1597,.T.);
#452=ORIENTED_EDGE('',*,*,#1611,.F.);
#453=ORIENTED_EDGE('',*,*,#1614,.F.);
#454=ORIENTED_EDGE('',*,*,#1615,.T.);
#455=ORIENTED_EDGE('',*,*,#1599,.T.);
#456=ORIENTED_EDGE('',*,*,#1613,.F.);
#457=ORIENTED_EDGE('',*,*,#1616,.F.);
#458=ORIENTED_EDGE('',*,*,#1617,.T.);
#459=ORIENTED_EDGE('',*,*,#1601,.T.);
#460=ORIENTED_EDGE('',*,*,#1615,.F.);
#461=ORIENTED_EDGE('',*,*,#1515,.F.);
#462=ORIENTED_EDGE('',*,*,#1493,.T.);
#463=ORIENTED_EDGE('',*,*,#1618,.T.);
#464=ORIENTED_EDGE('',*,*,#1619,.T.);
#465=ORIENTED_EDGE('',*,*,#1620,.T.);
#466=ORIENTED_EDGE('',*,*,#1621,.T.);
#467=ORIENTED_EDGE('',*,*,#1622,.F.);
#468=ORIENTED_EDGE('',*,*,#1623,.F.);
#469=ORIENTED_EDGE('',*,*,#1624,.T.);
#470=ORIENTED_EDGE('',*,*,#1608,.T.);
#471=ORIENTED_EDGE('',*,*,#1619,.F.);
#472=ORIENTED_EDGE('',*,*,#1625,.F.);
#473=ORIENTED_EDGE('',*,*,#1626,.T.);
#474=ORIENTED_EDGE('',*,*,#1610,.T.);
#475=ORIENTED_EDGE('',*,*,#1624,.F.);
#476=ORIENTED_EDGE('',*,*,#1627,.F.);
#477=ORIENTED_EDGE('',*,*,#1628,.T.);
#478=ORIENTED_EDGE('',*,*,#1612,.T.);
#479=ORIENTED_EDGE('',*,*,#1626,.F.);
#480=ORIENTED_EDGE('',*,*,#1629,.F.);
#481=ORIENTED_EDGE('',*,*,#1630,.T.);
#482=ORIENTED_EDGE('',*,*,#1614,.T.);
#483=ORIENTED_EDGE('',*,*,#1628,.F.);
#484=ORIENTED_EDGE('',*,*,#1631,.F.);
#485=ORIENTED_EDGE('',*,*,#1632,.T.);
#486=ORIENTED_EDGE('',*,*,#1616,.T.);
#487=ORIENTED_EDGE('',*,*,#1630,.F.);
#488=ORIENTED_EDGE('',*,*,#1537,.F.);
#489=ORIENTED_EDGE('',*,*,#1517,.T.);
#490=ORIENTED_EDGE('',*,*,#1633,.T.);
#491=ORIENTED_EDGE('',*,*,#1634,.T.);
#492=ORIENTED_EDGE('',*,*,#1635,.T.);
#493=ORIENTED_EDGE('',*,*,#1636,.T.);
#494=ORIENTED_EDGE('',*,*,#1637,.F.);
#495=ORIENTED_EDGE('',*,*,#1638,.F.);
#496=ORIENTED_EDGE('',*,*,#1639,.T.);
#497=ORIENTED_EDGE('',*,*,#1623,.T.);
#498=ORIENTED_EDGE('',*,*,#1634,.F.);
#499=ORIENTED_EDGE('',*,*,#1640,.F.);
#500=ORIENTED_EDGE('',*,*,#1641,.T.);
#501=ORIENTED_EDGE('',*,*,#1625,.T.);
#502=ORIENTED_EDGE('',*,*,#1639,.F.);
#503=ORIENTED_EDGE('',*,*,#1642,.F.);
#504=ORIENTED_EDGE('',*,*,#1643,.T.);
#505=ORIENTED_EDGE('',*,*,#1627,.T.);
#506=ORIENTED_EDGE('',*,*,#1641,.F.);
#507=ORIENTED_EDGE('',*,*,#1644,.F.);
#508=ORIENTED_EDGE('',*,*,#1645,.T.);
#509=ORIENTED_EDGE('',*,*,#1629,.T.);
#510=ORIENTED_EDGE('',*,*,#1643,.F.);
#511=ORIENTED_EDGE('',*,*,#1646,.F.);
#512=ORIENTED_EDGE('',*,*,#1647,.T.);
#513=ORIENTED_EDGE('',*,*,#1631,.T.);
#514=ORIENTED_EDGE('',*,*,#1645,.F.);
#515=ORIENTED_EDGE('',*,*,#1557,.F.);
#516=ORIENTED_EDGE('',*,*,#1539,.T.);
#517=ORIENTED_EDGE('',*,*,#1648,.T.);
#518=ORIENTED_EDGE('',*,*,#1649,.T.);
#519=ORIENTED_EDGE('',*,*,#1650,.T.);
#520=ORIENTED_EDGE('',*,*,#1651,.T.);
#521=ORIENTED_EDGE('',*,*,#1652,.F.);
#522=ORIENTED_EDGE('',*,*,#1653,.F.);
#523=ORIENTED_EDGE('',*,*,#1654,.T.);
#524=ORIENTED_EDGE('',*,*,#1638,.T.);
#525=ORIENTED_EDGE('',*,*,#1649,.F.);
#526=ORIENTED_EDGE('',*,*,#1655,.F.);
#527=ORIENTED_EDGE('',*,*,#1656,.T.);
#528=ORIENTED_EDGE('',*,*,#1640,.T.);
#529=ORIENTED_EDGE('',*,*,#1654,.F.);
#530=ORIENTED_EDGE('',*,*,#1657,.F.);
#531=ORIENTED_EDGE('',*,*,#1658,.T.);
#532=ORIENTED_EDGE('',*,*,#1642,.T.);
#533=ORIENTED_EDGE('',*,*,#1656,.F.);
#534=ORIENTED_EDGE('',*,*,#1659,.F.);
#535=ORIENTED_EDGE('',*,*,#1660,.T.);
#536=ORIENTED_EDGE('',*,*,#1644,.T.);
#537=ORIENTED_EDGE('',*,*,#1658,.F.);
#538=ORIENTED_EDGE('',*,*,#1661,.F.);
#539=ORIENTED_EDGE('',*,*,#1662,.T.);
#540=ORIENTED_EDGE('',*,*,#1646,.T.);
#541=ORIENTED_EDGE('',*,*,#1660,.F.);
#542=ORIENTED_EDGE('',*,*,#1575,.F.);
#543=ORIENTED_EDGE('',*,*,#1559,.T.);
#544=ORIENTED_EDGE('',*,*,#1663,.T.);
#545=ORIENTED_EDGE('',*,*,#1664,.T.);
#546=ORIENTED_EDGE('',*,*,#1665,.T.);
#547=ORIENTED_EDGE('',*,*,#1666,.T.);
#548=ORIENTED_EDGE('',*,*,#1667,.F.);
#549=ORIENTED_EDGE('',*,*,#1668,.F.);
#550=ORIENTED_EDGE('',*,*,#1669,.T.);
#551=ORIENTED_EDGE('',*,*,#1653,.T.);
#552=ORIENTED_EDGE('',*,*,#1664,.F.);
#553=ORIENTED_EDGE('',*,*,#1670,.F.);
#554=ORIENTED_EDGE('',*,*,#1671,.T.);
#555=ORIENTED_EDGE('',*,*,#1655,.T.);
#556=ORIENTED_EDGE('',*,*,#1669,.F.);
#557=ORIENTED_EDGE('',*,*,#1672,.F.);
#558=ORIENTED_EDGE('',*,*,#1673,.T.);
#559=ORIENTED_EDGE('',*,*,#1657,.T.);
#560=ORIENTED_EDGE('',*,*,#1671,.F.);
#561=ORIENTED_EDGE('',*,*,#1674,.F.);
#562=ORIENTED_EDGE('',*,*,#1675,.T.);
#563=ORIENTED_EDGE('',*,*,#1659,.T.);
#564=ORIENTED_EDGE('',*,*,#1673,.F.);
#565=ORIENTED_EDGE('',*,*,#1676,.F.);
#566=ORIENTED_EDGE('',*,*,#1677,.T.);
#567=ORIENTED_EDGE('',*,*,#1661,.T.);
#568=ORIENTED_EDGE('',*,*,#1675,.F.);
#569=ORIENTED_EDGE('',*,*,#1590,.F.);
#570=ORIENTED_EDGE('',*,*,#1577,.T.);
#571=ORIENTED_EDGE('',*,*,#1678,.T.);
#572=ORIENTED_EDGE('',*,*,#1679,.T.);
#573=ORIENTED_EDGE('',*,*,#1680,.T.);
#574=ORIENTED_EDGE('',*,*,#1681,.T.);
#575=ORIENTED_EDGE('',*,*,#1682,.F.);
#576=ORIENTED_EDGE('',*,*,#1683,.F.);
#577=ORIENTED_EDGE('',*,*,#1684,.T.);
#578=ORIENTED_EDGE('',*,*,#1668,.T.);
#579=ORIENTED_EDGE('',*,*,#1679,.F.);
#580=ORIENTED_EDGE('',*,*,#1685,.F.);
#581=ORIENTED_EDGE('',*,*,#1686,.T.);
#582=ORIENTED_EDGE('',*,*,#1670,.T.);
#583=ORIENTED_EDGE('',*,*,#1684,.F.);
#584=ORIENTED_EDGE('',*,*,#1687,.F.);
#585=ORIENTED_EDGE('',*,*,#1688,.T.);
#586=ORIENTED_EDGE('',*,*,#1672,.T.);
#587=ORIENTED_EDGE('',*,*,#1686,.F.);
#588=ORIENTED_EDGE('',*,*,#1689,.F.);
#589=ORIENTED_EDGE('',*,*,#1690,.T.);
#590=ORIENTED_EDGE('',*,*,#1674,.T.);
#591=ORIENTED_EDGE('',*,*,#1688,.F.);
#592=ORIENTED_EDGE('',*,*,#1691,.F.);
#593=ORIENTED_EDGE('',*,*,#1692,.T.);
#594=ORIENTED_EDGE('',*,*,#1676,.T.);
#595=ORIENTED_EDGE('',*,*,#1690,.F.);
#596=ORIENTED_EDGE('',*,*,#1605,.F.);
#597=ORIENTED_EDGE('',*,*,#1592,.T.);
#598=ORIENTED_EDGE('',*,*,#1693,.T.);
#599=ORIENTED_EDGE('',*,*,#1694,.T.);
#600=ORIENTED_EDGE('',*,*,#1695,.T.);
#601=ORIENTED_EDGE('',*,*,#1696,.T.);
#602=ORIENTED_EDGE('',*,*,#1697,.F.);
#603=ORIENTED_EDGE('',*,*,#1698,.F.);
#604=ORIENTED_EDGE('',*,*,#1699,.T.);
#605=ORIENTED_EDGE('',*,*,#1683,.T.);
#606=ORIENTED_EDGE('',*,*,#1694,.F.);
#607=ORIENTED_EDGE('',*,*,#1700,.F.);
#608=ORIENTED_EDGE('',*,*,#1701,.T.);
#609=ORIENTED_EDGE('',*,*,#1685,.T.);
#610=ORIENTED_EDGE('',*,*,#1699,.F.);
#611=ORIENTED_EDGE('',*,*,#1702,.F.);
#612=ORIENTED_EDGE('',*,*,#1703,.T.);
#613=ORIENTED_EDGE('',*,*,#1687,.T.);
#614=ORIENTED_EDGE('',*,*,#1701,.F.);
#615=ORIENTED_EDGE('',*,*,#1704,.F.);
#616=ORIENTED_EDGE('',*,*,#1705,.T.);
#617=ORIENTED_EDGE('',*,*,#1689,.T.);
#618=ORIENTED_EDGE('',*,*,#1703,.F.);
#619=ORIENTED_EDGE('',*,*,#1706,.F.);
#620=ORIENTED_EDGE('',*,*,#1707,.T.);
#621=ORIENTED_EDGE('',*,*,#1691,.T.);
#622=ORIENTED_EDGE('',*,*,#1705,.F.);
#623=ORIENTED_EDGE('',*,*,#1620,.F.);
#624=ORIENTED_EDGE('',*,*,#1607,.T.);
#625=ORIENTED_EDGE('',*,*,#1708,.T.);
#626=ORIENTED_EDGE('',*,*,#1709,.T.);
#627=ORIENTED_EDGE('',*,*,#1710,.T.);
#628=ORIENTED_EDGE('',*,*,#1711,.T.);
#629=ORIENTED_EDGE('',*,*,#1712,.F.);
#630=ORIENTED_EDGE('',*,*,#1713,.F.);
#631=ORIENTED_EDGE('',*,*,#1714,.T.);
#632=ORIENTED_EDGE('',*,*,#1698,.T.);
#633=ORIENTED_EDGE('',*,*,#1709,.F.);
#634=ORIENTED_EDGE('',*,*,#1715,.F.);
#635=ORIENTED_EDGE('',*,*,#1716,.T.);
#636=ORIENTED_EDGE('',*,*,#1700,.T.);
#637=ORIENTED_EDGE('',*,*,#1714,.F.);
#638=ORIENTED_EDGE('',*,*,#1717,.F.);
#639=ORIENTED_EDGE('',*,*,#1718,.T.);
#640=ORIENTED_EDGE('',*,*,#1702,.T.);
#641=ORIENTED_EDGE('',*,*,#1716,.F.);
#642=ORIENTED_EDGE('',*,*,#1719,.F.);
#643=ORIENTED_EDGE('',*,*,#1720,.T.);
#644=ORIENTED_EDGE('',*,*,#1704,.T.);
#645=ORIENTED_EDGE('',*,*,#1718,.F.);
#646=ORIENTED_EDGE('',*,*,#1721,.F.);
#647=ORIENTED_EDGE('',*,*,#1722,.T.);
#648=ORIENTED_EDGE('',*,*,#1706,.T.);
#649=ORIENTED_EDGE('',*,*,#1720,.F.);
#650=ORIENTED_EDGE('',*,*,#1635,.F.);
#651=ORIENTED_EDGE('',*,*,#1622,.T.);
#652=ORIENTED_EDGE('',*,*,#1723,.T.);
#653=ORIENTED_EDGE('',*,*,#1724,.T.);
#654=ORIENTED_EDGE('',*,*,#1725,.T.);
#655=ORIENTED_EDGE('',*,*,#1726,.T.);
#656=ORIENTED_EDGE('',*,*,#1727,.F.);
#657=ORIENTED_EDGE('',*,*,#1728,.F.);
#658=ORIENTED_EDGE('',*,*,#1729,.T.);
#659=ORIENTED_EDGE('',*,*,#1713,.T.);
#660=ORIENTED_EDGE('',*,*,#1724,.F.);
#661=ORIENTED_EDGE('',*,*,#1730,.F.);
#662=ORIENTED_EDGE('',*,*,#1731,.T.);
#663=ORIENTED_EDGE('',*,*,#1715,.T.);
#664=ORIENTED_EDGE('',*,*,#1729,.F.);
#665=ORIENTED_EDGE('',*,*,#1732,.F.);
#666=ORIENTED_EDGE('',*,*,#1733,.T.);
#667=ORIENTED_EDGE('',*,*,#1717,.T.);
#668=ORIENTED_EDGE('',*,*,#1731,.F.);
#669=ORIENTED_EDGE('',*,*,#1734,.F.);
#670=ORIENTED_EDGE('',*,*,#1735,.T.);
#671=ORIENTED_EDGE('',*,*,#1719,.T.);
#672=ORIENTED_EDGE('',*,*,#1733,.F.);
#673=ORIENTED_EDGE('',*,*,#1736,.F.);
#674=ORIENTED_EDGE('',*,*,#1737,.T.);
#675=ORIENTED_EDGE('',*,*,#1721,.T.);
#676=ORIENTED_EDGE('',*,*,#1735,.F.);
#677=ORIENTED_EDGE('',*,*,#1650,.F.);
#678=ORIENTED_EDGE('',*,*,#1637,.T.);
#679=ORIENTED_EDGE('',*,*,#1738,.T.);
#680=ORIENTED_EDGE('',*,*,#1739,.T.);
#681=ORIENTED_EDGE('',*,*,#1740,.T.);
#682=ORIENTED_EDGE('',*,*,#1741,.T.);
#683=ORIENTED_EDGE('',*,*,#1742,.F.);
#684=ORIENTED_EDGE('',*,*,#1743,.F.);
#685=ORIENTED_EDGE('',*,*,#1744,.T.);
#686=ORIENTED_EDGE('',*,*,#1728,.T.);
#687=ORIENTED_EDGE('',*,*,#1739,.F.);
#688=ORIENTED_EDGE('',*,*,#1745,.F.);
#689=ORIENTED_EDGE('',*,*,#1746,.T.);
#690=ORIENTED_EDGE('',*,*,#1730,.T.);
#691=ORIENTED_EDGE('',*,*,#1744,.F.);
#692=ORIENTED_EDGE('',*,*,#1747,.F.);
#693=ORIENTED_EDGE('',*,*,#1748,.T.);
#694=ORIENTED_EDGE('',*,*,#1732,.T.);
#695=ORIENTED_EDGE('',*,*,#1746,.F.);
#696=ORIENTED_EDGE('',*,*,#1749,.F.);
#697=ORIENTED_EDGE('',*,*,#1750,.T.);
#698=ORIENTED_EDGE('',*,*,#1734,.T.);
#699=ORIENTED_EDGE('',*,*,#1748,.F.);
#700=ORIENTED_EDGE('',*,*,#1751,.F.);
#701=ORIENTED_EDGE('',*,*,#1752,.T.);
#702=ORIENTED_EDGE('',*,*,#1736,.T.);
#703=ORIENTED_EDGE('',*,*,#1750,.F.);
#704=ORIENTED_EDGE('',*,*,#1665,.F.);
#705=ORIENTED_EDGE('',*,*,#1652,.T.);
#706=ORIENTED_EDGE('',*,*,#1753,.T.);
#707=ORIENTED_EDGE('',*,*,#1754,.T.);
#708=ORIENTED_EDGE('',*,*,#1755,.T.);
#709=ORIENTED_EDGE('',*,*,#1756,.T.);
#710=ORIENTED_EDGE('',*,*,#1757,.F.);
#711=ORIENTED_EDGE('',*,*,#1758,.F.);
#712=ORIENTED_EDGE('',*,*,#1759,.T.);
#713=ORIENTED_EDGE('',*,*,#1743,.T.);
#714=ORIENTED_EDGE('',*,*,#1754,.F.);
#715=ORIENTED_EDGE('',*,*,#1760,.F.);
#716=ORIENTED_EDGE('',*,*,#1761,.T.);
#717=ORIENTED_EDGE('',*,*,#1745,.T.);
#718=ORIENTED_EDGE('',*,*,#1759,.F.);
#719=ORIENTED_EDGE('',*,*,#1762,.F.);
#720=ORIENTED_EDGE('',*,*,#1763,.T.);
#721=ORIENTED_EDGE('',*,*,#1747,.T.);
#722=ORIENTED_EDGE('',*,*,#1761,.F.);
#723=ORIENTED_EDGE('',*,*,#1764,.F.);
#724=ORIENTED_EDGE('',*,*,#1765,.T.);
#725=ORIENTED_EDGE('',*,*,#1749,.T.);
#726=ORIENTED_EDGE('',*,*,#1763,.F.);
#727=ORIENTED_EDGE('',*,*,#1766,.F.);
#728=ORIENTED_EDGE('',*,*,#1767,.T.);
#729=ORIENTED_EDGE('',*,*,#1751,.T.);
#730=ORIENTED_EDGE('',*,*,#1765,.F.);
#731=ORIENTED_EDGE('',*,*,#1680,.F.);
#732=ORIENTED_EDGE('',*,*,#1667,.T.);
#733=ORIENTED_EDGE('',*,*,#1768,.T.);
#734=ORIENTED_EDGE('',*,*,#1769,.T.);
#735=ORIENTED_EDGE('',*,*,#1770,.T.);
#736=ORIENTED_EDGE('',*,*,#1771,.T.);
#737=ORIENTED_EDGE('',*,*,#1772,.F.);
#738=ORIENTED_EDGE('',*,*,#1773,.F.);
#739=ORIENTED_EDGE('',*,*,#1774,.T.);
#740=ORIENTED_EDGE('',*,*,#1758,.T.);
#741=ORIENTED_EDGE('',*,*,#1769,.F.);
#742=ORIENTED_EDGE('',*,*,#1775,.F.);
#743=ORIENTED_EDGE('',*,*,#1776,.T.);
#744=ORIENTED_EDGE('',*,*,#1760,.T.);
#745=ORIENTED_EDGE('',*,*,#1774,.F.);
#746=ORIENTED_EDGE('',*,*,#1777,.F.);
#747=ORIENTED_EDGE('',*,*,#1778,.T.);
#748=ORIENTED_EDGE('',*,*,#1762,.T.);
#749=ORIENTED_EDGE('',*,*,#1776,.F.);
#750=ORIENTED_EDGE('',*,*,#1779,.F.);
#751=ORIENTED_EDGE('',*,*,#1780,.T.);
#752=ORIENTED_EDGE('',*,*,#1764,.T.);
#753=ORIENTED_EDGE('',*,*,#1778,.F.);
#754=ORIENTED_EDGE('',*,*,#1781,.F.);
#755=ORIENTED_EDGE('',*,*,#1782,.T.);
#756=ORIENTED_EDGE('',*,*,#1766,.T.);
#757=ORIENTED_EDGE('',*,*,#1780,.F.);
#758=ORIENTED_EDGE('',*,*,#1695,.F.);
#759=ORIENTED_EDGE('',*,*,#1682,.T.);
#760=ORIENTED_EDGE('',*,*,#1783,.T.);
#761=ORIENTED_EDGE('',*,*,#1784,.T.);
#762=ORIENTED_EDGE('',*,*,#1785,.T.);
#763=ORIENTED_EDGE('',*,*,#1786,.T.);
#764=ORIENTED_EDGE('',*,*,#1787,.F.);
#765=ORIENTED_EDGE('',*,*,#1788,.F.);
#766=ORIENTED_EDGE('',*,*,#1789,.T.);
#767=ORIENTED_EDGE('',*,*,#1773,.T.);
#768=ORIENTED_EDGE('',*,*,#1784,.F.);
#769=ORIENTED_EDGE('',*,*,#1790,.F.);
#770=ORIENTED_EDGE('',*,*,#1791,.T.);
#771=ORIENTED_EDGE('',*,*,#1775,.T.);
#772=ORIENTED_EDGE('',*,*,#1789,.F.);
#773=ORIENTED_EDGE('',*,*,#1792,.F.);
#774=ORIENTED_EDGE('',*,*,#1793,.T.);
#775=ORIENTED_EDGE('',*,*,#1777,.T.);
#776=ORIENTED_EDGE('',*,*,#1791,.F.);
#777=ORIENTED_EDGE('',*,*,#1794,.F.);
#778=ORIENTED_EDGE('',*,*,#1795,.T.);
#779=ORIENTED_EDGE('',*,*,#1779,.T.);
#780=ORIENTED_EDGE('',*,*,#1793,.F.);
#781=ORIENTED_EDGE('',*,*,#1796,.F.);
#782=ORIENTED_EDGE('',*,*,#1797,.T.);
#783=ORIENTED_EDGE('',*,*,#1781,.T.);
#784=ORIENTED_EDGE('',*,*,#1795,.F.);
#785=ORIENTED_EDGE('',*,*,#1710,.F.);
#786=ORIENTED_EDGE('',*,*,#1697,.T.);
#787=ORIENTED_EDGE('',*,*,#1798,.T.);
#788=ORIENTED_EDGE('',*,*,#1799,.T.);
#789=ORIENTED_EDGE('',*,*,#1800,.T.);
#790=ORIENTED_EDGE('',*,*,#1801,.T.);
#791=ORIENTED_EDGE('',*,*,#1802,.F.);
#792=ORIENTED_EDGE('',*,*,#1803,.F.);
#793=ORIENTED_EDGE('',*,*,#1804,.T.);
#794=ORIENTED_EDGE('',*,*,#1788,.T.);
#795=ORIENTED_EDGE('',*,*,#1799,.F.);
#796=ORIENTED_EDGE('',*,*,#1805,.F.);
#797=ORIENTED_EDGE('',*,*,#1806,.T.);
#798=ORIENTED_EDGE('',*,*,#1790,.T.);
#799=ORIENTED_EDGE('',*,*,#1804,.F.);
#800=ORIENTED_EDGE('',*,*,#1807,.F.);
#801=ORIENTED_EDGE('',*,*,#1808,.T.);
#802=ORIENTED_EDGE('',*,*,#1792,.T.);
#803=ORIENTED_EDGE('',*,*,#1806,.F.);
#804=ORIENTED_EDGE('',*,*,#1809,.F.);
#805=ORIENTED_EDGE('',*,*,#1810,.T.);
#806=ORIENTED_EDGE('',*,*,#1794,.T.);
#807=ORIENTED_EDGE('',*,*,#1808,.F.);
#808=ORIENTED_EDGE('',*,*,#1811,.F.);
#809=ORIENTED_EDGE('',*,*,#1812,.T.);
#810=ORIENTED_EDGE('',*,*,#1796,.T.);
#811=ORIENTED_EDGE('',*,*,#1810,.F.);
#812=ORIENTED_EDGE('',*,*,#1725,.F.);
#813=ORIENTED_EDGE('',*,*,#1712,.T.);
#814=ORIENTED_EDGE('',*,*,#1813,.T.);
#815=ORIENTED_EDGE('',*,*,#1814,.T.);
#816=ORIENTED_EDGE('',*,*,#1815,.T.);
#817=ORIENTED_EDGE('',*,*,#1816,.T.);
#818=ORIENTED_EDGE('',*,*,#1817,.F.);
#819=ORIENTED_EDGE('',*,*,#1818,.F.);
#820=ORIENTED_EDGE('',*,*,#1819,.T.);
#821=ORIENTED_EDGE('',*,*,#1803,.T.);
#822=ORIENTED_EDGE('',*,*,#1814,.F.);
#823=ORIENTED_EDGE('',*,*,#1820,.F.);
#824=ORIENTED_EDGE('',*,*,#1821,.T.);
#825=ORIENTED_EDGE('',*,*,#1805,.T.);
#826=ORIENTED_EDGE('',*,*,#1819,.F.);
#827=ORIENTED_EDGE('',*,*,#1822,.F.);
#828=ORIENTED_EDGE('',*,*,#1823,.T.);
#829=ORIENTED_EDGE('',*,*,#1807,.T.);
#830=ORIENTED_EDGE('',*,*,#1821,.F.);
#831=ORIENTED_EDGE('',*,*,#1824,.F.);
#832=ORIENTED_EDGE('',*,*,#1825,.T.);
#833=ORIENTED_EDGE('',*,*,#1809,.T.);
#834=ORIENTED_EDGE('',*,*,#1823,.F.);
#835=ORIENTED_EDGE('',*,*,#1826,.F.);
#836=ORIENTED_EDGE('',*,*,#1827,.T.);
#837=ORIENTED_EDGE('',*,*,#1811,.T.);
#838=ORIENTED_EDGE('',*,*,#1825,.F.);
#839=ORIENTED_EDGE('',*,*,#1740,.F.);
#840=ORIENTED_EDGE('',*,*,#1727,.T.);
#841=ORIENTED_EDGE('',*,*,#1828,.T.);
#842=ORIENTED_EDGE('',*,*,#1829,.T.);
#843=ORIENTED_EDGE('',*,*,#1830,.T.);
#844=ORIENTED_EDGE('',*,*,#1831,.T.);
#845=ORIENTED_EDGE('',*,*,#1832,.F.);
#846=ORIENTED_EDGE('',*,*,#1833,.F.);
#847=ORIENTED_EDGE('',*,*,#1834,.T.);
#848=ORIENTED_EDGE('',*,*,#1818,.T.);
#849=ORIENTED_EDGE('',*,*,#1829,.F.);
#850=ORIENTED_EDGE('',*,*,#1835,.F.);
#851=ORIENTED_EDGE('',*,*,#1836,.T.);
#852=ORIENTED_EDGE('',*,*,#1820,.T.);
#853=ORIENTED_EDGE('',*,*,#1834,.F.);
#854=ORIENTED_EDGE('',*,*,#1837,.F.);
#855=ORIENTED_EDGE('',*,*,#1838,.T.);
#856=ORIENTED_EDGE('',*,*,#1822,.T.);
#857=ORIENTED_EDGE('',*,*,#1836,.F.);
#858=ORIENTED_EDGE('',*,*,#1839,.F.);
#859=ORIENTED_EDGE('',*,*,#1840,.T.);
#860=ORIENTED_EDGE('',*,*,#1824,.T.);
#861=ORIENTED_EDGE('',*,*,#1838,.F.);
#862=ORIENTED_EDGE('',*,*,#1841,.F.);
#863=ORIENTED_EDGE('',*,*,#1842,.T.);
#864=ORIENTED_EDGE('',*,*,#1826,.T.);
#865=ORIENTED_EDGE('',*,*,#1840,.F.);
#866=ORIENTED_EDGE('',*,*,#1755,.F.);
#867=ORIENTED_EDGE('',*,*,#1742,.T.);
#868=ORIENTED_EDGE('',*,*,#1843,.T.);
#869=ORIENTED_EDGE('',*,*,#1844,.T.);
#870=ORIENTED_EDGE('',*,*,#1845,.T.);
#871=ORIENTED_EDGE('',*,*,#1846,.T.);
#872=ORIENTED_EDGE('',*,*,#1847,.F.);
#873=ORIENTED_EDGE('',*,*,#1848,.F.);
#874=ORIENTED_EDGE('',*,*,#1849,.T.);
#875=ORIENTED_EDGE('',*,*,#1833,.T.);
#876=ORIENTED_EDGE('',*,*,#1844,.F.);
#877=ORIENTED_EDGE('',*,*,#1850,.F.);
#878=ORIENTED_EDGE('',*,*,#1851,.T.);
#879=ORIENTED_EDGE('',*,*,#1835,.T.);
#880=ORIENTED_EDGE('',*,*,#1849,.F.);
#881=ORIENTED_EDGE('',*,*,#1852,.F.);
#882=ORIENTED_EDGE('',*,*,#1853,.T.);
#883=ORIENTED_EDGE('',*,*,#1837,.T.);
#884=ORIENTED_EDGE('',*,*,#1851,.F.);
#885=ORIENTED_EDGE('',*,*,#1854,.F.);
#886=ORIENTED_EDGE('',*,*,#1855,.T.);
#887=ORIENTED_EDGE('',*,*,#1839,.T.);
#888=ORIENTED_EDGE('',*,*,#1853,.F.);
#889=ORIENTED_EDGE('',*,*,#1856,.F.);
#890=ORIENTED_EDGE('',*,*,#1857,.T.);
#891=ORIENTED_EDGE('',*,*,#1841,.T.);
#892=ORIENTED_EDGE('',*,*,#1855,.F.);
#893=ORIENTED_EDGE('',*,*,#1770,.F.);
#894=ORIENTED_EDGE('',*,*,#1757,.T.);
#895=ORIENTED_EDGE('',*,*,#1858,.T.);
#896=ORIENTED_EDGE('',*,*,#1859,.T.);
#897=ORIENTED_EDGE('',*,*,#1860,.T.);
#898=ORIENTED_EDGE('',*,*,#1861,.T.);
#899=ORIENTED_EDGE('',*,*,#1862,.F.);
#900=ORIENTED_EDGE('',*,*,#1863,.F.);
#901=ORIENTED_EDGE('',*,*,#1864,.T.);
#902=ORIENTED_EDGE('',*,*,#1848,.T.);
#903=ORIENTED_EDGE('',*,*,#1859,.F.);
#904=ORIENTED_EDGE('',*,*,#1865,.F.);
#905=ORIENTED_EDGE('',*,*,#1866,.T.);
#906=ORIENTED_EDGE('',*,*,#1850,.T.);
#907=ORIENTED_EDGE('',*,*,#1864,.F.);
#908=ORIENTED_EDGE('',*,*,#1867,.F.);
#909=ORIENTED_EDGE('',*,*,#1868,.T.);
#910=ORIENTED_EDGE('',*,*,#1852,.T.);
#911=ORIENTED_EDGE('',*,*,#1866,.F.);
#912=ORIENTED_EDGE('',*,*,#1869,.F.);
#913=ORIENTED_EDGE('',*,*,#1870,.T.);
#914=ORIENTED_EDGE('',*,*,#1854,.T.);
#915=ORIENTED_EDGE('',*,*,#1868,.F.);
#916=ORIENTED_EDGE('',*,*,#1871,.F.);
#917=ORIENTED_EDGE('',*,*,#1872,.T.);
#918=ORIENTED_EDGE('',*,*,#1856,.T.);
#919=ORIENTED_EDGE('',*,*,#1870,.F.);
#920=ORIENTED_EDGE('',*,*,#1785,.F.);
#921=ORIENTED_EDGE('',*,*,#1772,.T.);
#922=ORIENTED_EDGE('',*,*,#1873,.T.);
#923=ORIENTED_EDGE('',*,*,#1874,.T.);
#924=ORIENTED_EDGE('',*,*,#1875,.T.);
#925=ORIENTED_EDGE('',*,*,#1876,.T.);
#926=ORIENTED_EDGE('',*,*,#1877,.F.);
#927=ORIENTED_EDGE('',*,*,#1878,.F.);
#928=ORIENTED_EDGE('',*,*,#1879,.T.);
#929=ORIENTED_EDGE('',*,*,#1863,.T.);
#930=ORIENTED_EDGE('',*,*,#1874,.F.);
#931=ORIENTED_EDGE('',*,*,#1880,.F.);
#932=ORIENTED_EDGE('',*,*,#1881,.T.);
#933=ORIENTED_EDGE('',*,*,#1865,.T.);
#934=ORIENTED_EDGE('',*,*,#1879,.F.);
#935=ORIENTED_EDGE('',*,*,#1882,.F.);
#936=ORIENTED_EDGE('',*,*,#1883,.T.);
#937=ORIENTED_EDGE('',*,*,#1867,.T.);
#938=ORIENTED_EDGE('',*,*,#1881,.F.);
#939=ORIENTED_EDGE('',*,*,#1884,.F.);
#940=ORIENTED_EDGE('',*,*,#1885,.T.);
#941=ORIENTED_EDGE('',*,*,#1869,.T.);
#942=ORIENTED_EDGE('',*,*,#1883,.F.);
#943=ORIENTED_EDGE('',*,*,#1886,.F.);
#944=ORIENTED_EDGE('',*,*,#1887,.T.);
#945=ORIENTED_EDGE('',*,*,#1871,.T.);
#946=ORIENTED_EDGE('',*,*,#1885,.F.);
#947=ORIENTED_EDGE('',*,*,#1800,.F.);
#948=ORIENTED_EDGE('',*,*,#1787,.T.);
#949=ORIENTED_EDGE('',*,*,#1888,.T.);
#950=ORIENTED_EDGE('',*,*,#1889,.T.);
#951=ORIENTED_EDGE('',*,*,#1890,.T.);
#952=ORIENTED_EDGE('',*,*,#1891,.T.);
#953=ORIENTED_EDGE('',*,*,#1892,.F.);
#954=ORIENTED_EDGE('',*,*,#1893,.F.);
#955=ORIENTED_EDGE('',*,*,#1894,.T.);
#956=ORIENTED_EDGE('',*,*,#1878,.T.);
#957=ORIENTED_EDGE('',*,*,#1889,.F.);
#958=ORIENTED_EDGE('',*,*,#1895,.F.);
#959=ORIENTED_EDGE('',*,*,#1896,.T.);
#960=ORIENTED_EDGE('',*,*,#1880,.T.);
#961=ORIENTED_EDGE('',*,*,#1894,.F.);
#962=ORIENTED_EDGE('',*,*,#1897,.F.);
#963=ORIENTED_EDGE('',*,*,#1898,.T.);
#964=ORIENTED_EDGE('',*,*,#1882,.T.);
#965=ORIENTED_EDGE('',*,*,#1896,.F.);
#966=ORIENTED_EDGE('',*,*,#1899,.F.);
#967=ORIENTED_EDGE('',*,*,#1900,.T.);
#968=ORIENTED_EDGE('',*,*,#1884,.T.);
#969=ORIENTED_EDGE('',*,*,#1898,.F.);
#970=ORIENTED_EDGE('',*,*,#1901,.F.);
#971=ORIENTED_EDGE('',*,*,#1902,.T.);
#972=ORIENTED_EDGE('',*,*,#1886,.T.);
#973=ORIENTED_EDGE('',*,*,#1900,.F.);
#974=ORIENTED_EDGE('',*,*,#1815,.F.);
#975=ORIENTED_EDGE('',*,*,#1802,.T.);
#976=ORIENTED_EDGE('',*,*,#1903,.T.);
#977=ORIENTED_EDGE('',*,*,#1904,.T.);
#978=ORIENTED_EDGE('',*,*,#1905,.T.);
#979=ORIENTED_EDGE('',*,*,#1906,.T.);
#980=ORIENTED_EDGE('',*,*,#1907,.F.);
#981=ORIENTED_EDGE('',*,*,#1908,.F.);
#982=ORIENTED_EDGE('',*,*,#1909,.T.);
#983=ORIENTED_EDGE('',*,*,#1893,.T.);
#984=ORIENTED_EDGE('',*,*,#1904,.F.);
#985=ORIENTED_EDGE('',*,*,#1910,.F.);
#986=ORIENTED_EDGE('',*,*,#1911,.T.);
#987=ORIENTED_EDGE('',*,*,#1895,.T.);
#988=ORIENTED_EDGE('',*,*,#1909,.F.);
#989=ORIENTED_EDGE('',*,*,#1912,.F.);
#990=ORIENTED_EDGE('',*,*,#1913,.T.);
#991=ORIENTED_EDGE('',*,*,#1897,.T.);
#992=ORIENTED_EDGE('',*,*,#1911,.F.);
#993=ORIENTED_EDGE('',*,*,#1914,.F.);
#994=ORIENTED_EDGE('',*,*,#1915,.T.);
#995=ORIENTED_EDGE('',*,*,#1899,.T.);
#996=ORIENTED_EDGE('',*,*,#1913,.F.);
#997=ORIENTED_EDGE('',*,*,#1916,.F.);
#998=ORIENTED_EDGE('',*,*,#1917,.T.);
#999=ORIENTED_EDGE('',*,*,#1901,.T.);
#1000=ORIENTED_EDGE('',*,*,#1915,.F.);
#1001=ORIENTED_EDGE('',*,*,#1830,.F.);
#1002=ORIENTED_EDGE('',*,*,#1817,.T.);
#1003=ORIENTED_EDGE('',*,*,#1918,.T.);
#1004=ORIENTED_EDGE('',*,*,#1919,.T.);
#1005=ORIENTED_EDGE('',*,*,#1920,.T.);
#1006=ORIENTED_EDGE('',*,*,#1921,.T.);
#1007=ORIENTED_EDGE('',*,*,#1922,.F.);
#1008=ORIENTED_EDGE('',*,*,#1923,.F.);
#1009=ORIENTED_EDGE('',*,*,#1924,.T.);
#1010=ORIENTED_EDGE('',*,*,#1908,.T.);
#1011=ORIENTED_EDGE('',*,*,#1919,.F.);
#1012=ORIENTED_EDGE('',*,*,#1925,.F.);
#1013=ORIENTED_EDGE('',*,*,#1926,.T.);
#1014=ORIENTED_EDGE('',*,*,#1910,.T.);
#1015=ORIENTED_EDGE('',*,*,#1924,.F.);
#1016=ORIENTED_EDGE('',*,*,#1927,.F.);
#1017=ORIENTED_EDGE('',*,*,#1928,.T.);
#1018=ORIENTED_EDGE('',*,*,#1912,.T.);
#1019=ORIENTED_EDGE('',*,*,#1926,.F.);
#1020=ORIENTED_EDGE('',*,*,#1929,.F.);
#1021=ORIENTED_EDGE('',*,*,#1930,.T.);
#1022=ORIENTED_EDGE('',*,*,#1914,.T.);
#1023=ORIENTED_EDGE('',*,*,#1928,.F.);
#1024=ORIENTED_EDGE('',*,*,#1931,.F.);
#1025=ORIENTED_EDGE('',*,*,#1932,.T.);
#1026=ORIENTED_EDGE('',*,*,#1916,.T.);
#1027=ORIENTED_EDGE('',*,*,#1930,.F.);
#1028=ORIENTED_EDGE('',*,*,#1845,.F.);
#1029=ORIENTED_EDGE('',*,*,#1832,.T.);
#1030=ORIENTED_EDGE('',*,*,#1933,.T.);
#1031=ORIENTED_EDGE('',*,*,#1934,.T.);
#1032=ORIENTED_EDGE('',*,*,#1935,.T.);
#1033=ORIENTED_EDGE('',*,*,#1936,.T.);
#1034=ORIENTED_EDGE('',*,*,#1937,.F.);
#1035=ORIENTED_EDGE('',*,*,#1938,.F.);
#1036=ORIENTED_EDGE('',*,*,#1939,.T.);
#1037=ORIENTED_EDGE('',*,*,#1923,.T.);
#1038=ORIENTED_EDGE('',*,*,#1934,.F.);
#1039=ORIENTED_EDGE('',*,*,#1940,.F.);
#1040=ORIENTED_EDGE('',*,*,#1941,.T.);
#1041=ORIENTED_EDGE('',*,*,#1925,.T.);
#1042=ORIENTED_EDGE('',*,*,#1939,.F.);
#1043=ORIENTED_EDGE('',*,*,#1942,.F.);
#1044=ORIENTED_EDGE('',*,*,#1943,.T.);
#1045=ORIENTED_EDGE('',*,*,#1927,.T.);
#1046=ORIENTED_EDGE('',*,*,#1941,.F.);
#1047=ORIENTED_EDGE('',*,*,#1944,.F.);
#1048=ORIENTED_EDGE('',*,*,#1945,.T.);
#1049=ORIENTED_EDGE('',*,*,#1929,.T.);
#1050=ORIENTED_EDGE('',*,*,#1943,.F.);
#1051=ORIENTED_EDGE('',*,*,#1946,.F.);
#1052=ORIENTED_EDGE('',*,*,#1947,.T.);
#1053=ORIENTED_EDGE('',*,*,#1931,.T.);
#1054=ORIENTED_EDGE('',*,*,#1945,.F.);
#1055=ORIENTED_EDGE('',*,*,#1860,.F.);
#1056=ORIENTED_EDGE('',*,*,#1847,.T.);
#1057=ORIENTED_EDGE('',*,*,#1948,.T.);
#1058=ORIENTED_EDGE('',*,*,#1949,.T.);
#1059=ORIENTED_EDGE('',*,*,#1950,.T.);
#1060=ORIENTED_EDGE('',*,*,#1951,.T.);
#1061=ORIENTED_EDGE('',*,*,#1952,.F.);
#1062=ORIENTED_EDGE('',*,*,#1953,.F.);
#1063=ORIENTED_EDGE('',*,*,#1954,.T.);
#1064=ORIENTED_EDGE('',*,*,#1938,.T.);
#1065=ORIENTED_EDGE('',*,*,#1949,.F.);
#1066=ORIENTED_EDGE('',*,*,#1955,.F.);
#1067=ORIENTED_EDGE('',*,*,#1956,.T.);
#1068=ORIENTED_EDGE('',*,*,#1940,.T.);
#1069=ORIENTED_EDGE('',*,*,#1954,.F.);
#1070=ORIENTED_EDGE('',*,*,#1957,.F.);
#1071=ORIENTED_EDGE('',*,*,#1958,.T.);
#1072=ORIENTED_EDGE('',*,*,#1942,.T.);
#1073=ORIENTED_EDGE('',*,*,#1956,.F.);
#1074=ORIENTED_EDGE('',*,*,#1959,.F.);
#1075=ORIENTED_EDGE('',*,*,#1960,.T.);
#1076=ORIENTED_EDGE('',*,*,#1944,.T.);
#1077=ORIENTED_EDGE('',*,*,#1958,.F.);
#1078=ORIENTED_EDGE('',*,*,#1961,.F.);
#1079=ORIENTED_EDGE('',*,*,#1962,.T.);
#1080=ORIENTED_EDGE('',*,*,#1946,.T.);
#1081=ORIENTED_EDGE('',*,*,#1960,.F.);
#1082=ORIENTED_EDGE('',*,*,#1875,.F.);
#1083=ORIENTED_EDGE('',*,*,#1862,.T.);
#1084=ORIENTED_EDGE('',*,*,#1963,.T.);
#1085=ORIENTED_EDGE('',*,*,#1964,.T.);
#1086=ORIENTED_EDGE('',*,*,#1965,.T.);
#1087=ORIENTED_EDGE('',*,*,#1966,.T.);
#1088=ORIENTED_EDGE('',*,*,#1967,.F.);
#1089=ORIENTED_EDGE('',*,*,#1968,.F.);
#1090=ORIENTED_EDGE('',*,*,#1969,.T.);
#1091=ORIENTED_EDGE('',*,*,#1953,.T.);
#1092=ORIENTED_EDGE('',*,*,#1964,.F.);
#1093=ORIENTED_EDGE('',*,*,#1970,.F.);
#1094=ORIENTED_EDGE('',*,*,#1971,.T.);
#1095=ORIENTED_EDGE('',*,*,#1955,.T.);
#1096=ORIENTED_EDGE('',*,*,#1969,.F.);
#1097=ORIENTED_EDGE('',*,*,#1972,.F.);
#1098=ORIENTED_EDGE('',*,*,#1973,.T.);
#1099=ORIENTED_EDGE('',*,*,#1957,.T.);
#1100=ORIENTED_EDGE('',*,*,#1971,.F.);
#1101=ORIENTED_EDGE('',*,*,#1974,.F.);
#1102=ORIENTED_EDGE('',*,*,#1975,.T.);
#1103=ORIENTED_EDGE('',*,*,#1959,.T.);
#1104=ORIENTED_EDGE('',*,*,#1973,.F.);
#1105=ORIENTED_EDGE('',*,*,#1976,.F.);
#1106=ORIENTED_EDGE('',*,*,#1977,.T.);
#1107=ORIENTED_EDGE('',*,*,#1961,.T.);
#1108=ORIENTED_EDGE('',*,*,#1975,.F.);
#1109=ORIENTED_EDGE('',*,*,#1890,.F.);
#1110=ORIENTED_EDGE('',*,*,#1877,.T.);
#1111=ORIENTED_EDGE('',*,*,#1978,.T.);
#1112=ORIENTED_EDGE('',*,*,#1979,.T.);
#1113=ORIENTED_EDGE('',*,*,#1980,.T.);
#1114=ORIENTED_EDGE('',*,*,#1981,.T.);
#1115=ORIENTED_EDGE('',*,*,#1982,.F.);
#1116=ORIENTED_EDGE('',*,*,#1983,.F.);
#1117=ORIENTED_EDGE('',*,*,#1984,.T.);
#1118=ORIENTED_EDGE('',*,*,#1968,.T.);
#1119=ORIENTED_EDGE('',*,*,#1979,.F.);
#1120=ORIENTED_EDGE('',*,*,#1985,.F.);
#1121=ORIENTED_EDGE('',*,*,#1986,.T.);
#1122=ORIENTED_EDGE('',*,*,#1970,.T.);
#1123=ORIENTED_EDGE('',*,*,#1984,.F.);
#1124=ORIENTED_EDGE('',*,*,#1987,.F.);
#1125=ORIENTED_EDGE('',*,*,#1988,.T.);
#1126=ORIENTED_EDGE('',*,*,#1972,.T.);
#1127=ORIENTED_EDGE('',*,*,#1986,.F.);
#1128=ORIENTED_EDGE('',*,*,#1989,.F.);
#1129=ORIENTED_EDGE('',*,*,#1990,.T.);
#1130=ORIENTED_EDGE('',*,*,#1974,.T.);
#1131=ORIENTED_EDGE('',*,*,#1988,.F.);
#1132=ORIENTED_EDGE('',*,*,#1991,.F.);
#1133=ORIENTED_EDGE('',*,*,#1992,.T.);
#1134=ORIENTED_EDGE('',*,*,#1976,.T.);
#1135=ORIENTED_EDGE('',*,*,#1990,.F.);
#1136=ORIENTED_EDGE('',*,*,#1905,.F.);
#1137=ORIENTED_EDGE('',*,*,#1892,.T.);
#1138=ORIENTED_EDGE('',*,*,#1993,.T.);
#1139=ORIENTED_EDGE('',*,*,#1994,.T.);
#1140=ORIENTED_EDGE('',*,*,#1995,.T.);
#1141=ORIENTED_EDGE('',*,*,#1996,.T.);
#1142=ORIENTED_EDGE('',*,*,#1997,.F.);
#1143=ORIENTED_EDGE('',*,*,#1998,.F.);
#1144=ORIENTED_EDGE('',*,*,#1999,.T.);
#1145=ORIENTED_EDGE('',*,*,#1983,.T.);
#1146=ORIENTED_EDGE('',*,*,#1994,.F.);
#1147=ORIENTED_EDGE('',*,*,#2000,.F.);
#1148=ORIENTED_EDGE('',*,*,#2001,.T.);
#1149=ORIENTED_EDGE('',*,*,#1985,.T.);
#1150=ORIENTED_EDGE('',*,*,#1999,.F.);
#1151=ORIENTED_EDGE('',*,*,#2002,.F.);
#1152=ORIENTED_EDGE('',*,*,#2003,.T.);
#1153=ORIENTED_EDGE('',*,*,#1987,.T.);
#1154=ORIENTED_EDGE('',*,*,#2001,.F.);
#1155=ORIENTED_EDGE('',*,*,#2004,.F.);
#1156=ORIENTED_EDGE('',*,*,#2005,.T.);
#1157=ORIENTED_EDGE('',*,*,#1989,.T.);
#1158=ORIENTED_EDGE('',*,*,#2003,.F.);
#1159=ORIENTED_EDGE('',*,*,#2006,.F.);
#1160=ORIENTED_EDGE('',*,*,#2007,.T.);
#1161=ORIENTED_EDGE('',*,*,#1991,.T.);
#1162=ORIENTED_EDGE('',*,*,#2005,.F.);
#1163=ORIENTED_EDGE('',*,*,#1920,.F.);
#1164=ORIENTED_EDGE('',*,*,#1907,.T.);
#1165=ORIENTED_EDGE('',*,*,#2008,.T.);
#1166=ORIENTED_EDGE('',*,*,#1488,.F.);
#1167=ORIENTED_EDGE('',*,*,#2009,.F.);
#1168=ORIENTED_EDGE('',*,*,#2010,.T.);
#1169=ORIENTED_EDGE('',*,*,#2011,.T.);
#1170=ORIENTED_EDGE('',*,*,#2012,.T.);
#1171=ORIENTED_EDGE('',*,*,#2013,.T.);
#1172=ORIENTED_EDGE('',*,*,#1998,.T.);
#1173=ORIENTED_EDGE('',*,*,#2010,.F.);
#1174=ORIENTED_EDGE('',*,*,#2014,.F.);
#1175=ORIENTED_EDGE('',*,*,#2015,.T.);
#1176=ORIENTED_EDGE('',*,*,#2000,.T.);
#1177=ORIENTED_EDGE('',*,*,#2013,.F.);
#1178=ORIENTED_EDGE('',*,*,#2016,.F.);
#1179=ORIENTED_EDGE('',*,*,#2017,.T.);
#1180=ORIENTED_EDGE('',*,*,#2002,.T.);
#1181=ORIENTED_EDGE('',*,*,#2015,.F.);
#1182=ORIENTED_EDGE('',*,*,#2018,.F.);
#1183=ORIENTED_EDGE('',*,*,#2019,.T.);
#1184=ORIENTED_EDGE('',*,*,#2004,.T.);
#1185=ORIENTED_EDGE('',*,*,#2017,.F.);
#1186=ORIENTED_EDGE('',*,*,#2020,.F.);
#1187=ORIENTED_EDGE('',*,*,#2021,.T.);
#1188=ORIENTED_EDGE('',*,*,#2006,.T.);
#1189=ORIENTED_EDGE('',*,*,#2019,.F.);
#1190=ORIENTED_EDGE('',*,*,#1935,.F.);
#1191=ORIENTED_EDGE('',*,*,#1922,.T.);
#1192=ORIENTED_EDGE('',*,*,#2022,.T.);
#1193=ORIENTED_EDGE('',*,*,#1484,.F.);
#1194=ORIENTED_EDGE('',*,*,#2023,.F.);
#1195=ORIENTED_EDGE('',*,*,#2024,.T.);
#1196=ORIENTED_EDGE('',*,*,#2009,.T.);
#1197=ORIENTED_EDGE('',*,*,#2025,.T.);
#1198=ORIENTED_EDGE('',*,*,#2014,.T.);
#1199=ORIENTED_EDGE('',*,*,#2024,.F.);
#1200=ORIENTED_EDGE('',*,*,#2026,.F.);
#1201=ORIENTED_EDGE('',*,*,#2027,.T.);
#1202=ORIENTED_EDGE('',*,*,#2016,.T.);
#1203=ORIENTED_EDGE('',*,*,#2025,.F.);
#1204=ORIENTED_EDGE('',*,*,#2028,.F.);
#1205=ORIENTED_EDGE('',*,*,#2029,.T.);
#1206=ORIENTED_EDGE('',*,*,#2018,.T.);
#1207=ORIENTED_EDGE('',*,*,#2027,.F.);
#1208=ORIENTED_EDGE('',*,*,#2030,.F.);
#1209=ORIENTED_EDGE('',*,*,#2031,.T.);
#1210=ORIENTED_EDGE('',*,*,#2020,.T.);
#1211=ORIENTED_EDGE('',*,*,#2029,.F.);
#1212=ORIENTED_EDGE('',*,*,#1950,.F.);
#1213=ORIENTED_EDGE('',*,*,#1937,.T.);
#1214=ORIENTED_EDGE('',*,*,#2032,.T.);
#1215=ORIENTED_EDGE('',*,*,#1481,.F.);
#1216=ORIENTED_EDGE('',*,*,#2033,.F.);
#1217=ORIENTED_EDGE('',*,*,#2034,.T.);
#1218=ORIENTED_EDGE('',*,*,#2023,.T.);
#1219=ORIENTED_EDGE('',*,*,#2035,.T.);
#1220=ORIENTED_EDGE('',*,*,#2026,.T.);
#1221=ORIENTED_EDGE('',*,*,#2034,.F.);
#1222=ORIENTED_EDGE('',*,*,#2036,.F.);
#1223=ORIENTED_EDGE('',*,*,#2037,.T.);
#1224=ORIENTED_EDGE('',*,*,#2028,.T.);
#1225=ORIENTED_EDGE('',*,*,#2035,.F.);
#1226=ORIENTED_EDGE('',*,*,#2038,.F.);
#1227=ORIENTED_EDGE('',*,*,#2039,.T.);
#1228=ORIENTED_EDGE('',*,*,#2030,.T.);
#1229=ORIENTED_EDGE('',*,*,#2037,.F.);
#1230=ORIENTED_EDGE('',*,*,#1965,.F.);
#1231=ORIENTED_EDGE('',*,*,#1952,.T.);
#1232=ORIENTED_EDGE('',*,*,#2040,.T.);
#1233=ORIENTED_EDGE('',*,*,#1478,.F.);
#1234=ORIENTED_EDGE('',*,*,#2041,.F.);
#1235=ORIENTED_EDGE('',*,*,#2042,.T.);
#1236=ORIENTED_EDGE('',*,*,#2033,.T.);
#1237=ORIENTED_EDGE('',*,*,#2043,.T.);
#1238=ORIENTED_EDGE('',*,*,#2036,.T.);
#1239=ORIENTED_EDGE('',*,*,#2042,.F.);
#1240=ORIENTED_EDGE('',*,*,#2044,.F.);
#1241=ORIENTED_EDGE('',*,*,#2045,.T.);
#1242=ORIENTED_EDGE('',*,*,#2038,.T.);
#1243=ORIENTED_EDGE('',*,*,#2043,.F.);
#1244=ORIENTED_EDGE('',*,*,#1980,.F.);
#1245=ORIENTED_EDGE('',*,*,#1967,.T.);
#1246=ORIENTED_EDGE('',*,*,#2046,.T.);
#1247=ORIENTED_EDGE('',*,*,#1475,.F.);
#1248=ORIENTED_EDGE('',*,*,#2047,.F.);
#1249=ORIENTED_EDGE('',*,*,#2048,.T.);
#1250=ORIENTED_EDGE('',*,*,#2041,.T.);
#1251=ORIENTED_EDGE('',*,*,#2049,.T.);
#1252=ORIENTED_EDGE('',*,*,#2044,.T.);
#1253=ORIENTED_EDGE('',*,*,#2048,.F.);
#1254=ORIENTED_EDGE('',*,*,#1995,.F.);
#1255=ORIENTED_EDGE('',*,*,#1982,.T.);
#1256=ORIENTED_EDGE('',*,*,#2050,.T.);
#1257=ORIENTED_EDGE('',*,*,#1472,.F.);
#1258=ORIENTED_EDGE('',*,*,#2051,.T.);
#1259=ORIENTED_EDGE('',*,*,#2047,.T.);
#1260=ORIENTED_EDGE('',*,*,#2052,.T.);
#1261=ORIENTED_EDGE('',*,*,#2053,.F.);
#1262=ORIENTED_EDGE('',*,*,#2054,.F.);
#1263=ORIENTED_EDGE('',*,*,#2055,.F.);
#1264=ORIENTED_EDGE('',*,*,#2056,.F.);
#1265=ORIENTED_EDGE('',*,*,#2057,.T.);
#1266=ORIENTED_EDGE('',*,*,#2058,.T.);
#1267=ORIENTED_EDGE('',*,*,#2059,.T.);
#1268=ORIENTED_EDGE('',*,*,#2058,.F.);
#1269=ORIENTED_EDGE('',*,*,#2060,.T.);
#1270=ORIENTED_EDGE('',*,*,#2061,.T.);
#1271=ORIENTED_EDGE('',*,*,#2062,.T.);
#1272=ORIENTED_EDGE('',*,*,#2063,.T.);
#1273=ORIENTED_EDGE('',*,*,#2064,.T.);
#1274=ORIENTED_EDGE('',*,*,#2063,.F.);
#1275=ORIENTED_EDGE('',*,*,#2065,.T.);
#1276=ORIENTED_EDGE('',*,*,#2064,.F.);
#1277=ORIENTED_EDGE('',*,*,#2066,.T.);
#1278=ORIENTED_EDGE('',*,*,#2065,.F.);
#1279=ORIENTED_EDGE('',*,*,#2067,.T.);
#1280=ORIENTED_EDGE('',*,*,#2066,.F.);
#1281=ORIENTED_EDGE('',*,*,#2068,.T.);
#1282=ORIENTED_EDGE('',*,*,#2069,.T.);
#1283=ORIENTED_EDGE('',*,*,#2011,.F.);
#1284=ORIENTED_EDGE('',*,*,#1997,.T.);
#1285=ORIENTED_EDGE('',*,*,#2070,.T.);
#1286=ORIENTED_EDGE('',*,*,#2071,.T.);
#1287=ORIENTED_EDGE('',*,*,#2049,.F.);
#1288=ORIENTED_EDGE('',*,*,#2051,.F.);
#1289=ORIENTED_EDGE('',*,*,#1470,.F.);
#1290=ORIENTED_EDGE('',*,*,#1503,.F.);
#1291=ORIENTED_EDGE('',*,*,#1527,.F.);
#1292=ORIENTED_EDGE('',*,*,#1549,.F.);
#1293=ORIENTED_EDGE('',*,*,#1569,.F.);
#1294=ORIENTED_EDGE('',*,*,#1587,.F.);
#1295=ORIENTED_EDGE('',*,*,#1602,.F.);
#1296=ORIENTED_EDGE('',*,*,#1617,.F.);
#1297=ORIENTED_EDGE('',*,*,#1632,.F.);
#1298=ORIENTED_EDGE('',*,*,#1647,.F.);
#1299=ORIENTED_EDGE('',*,*,#1662,.F.);
#1300=ORIENTED_EDGE('',*,*,#1677,.F.);
#1301=ORIENTED_EDGE('',*,*,#1692,.F.);
#1302=ORIENTED_EDGE('',*,*,#1707,.F.);
#1303=ORIENTED_EDGE('',*,*,#1722,.F.);
#1304=ORIENTED_EDGE('',*,*,#1737,.F.);
#1305=ORIENTED_EDGE('',*,*,#1752,.F.);
#1306=ORIENTED_EDGE('',*,*,#1767,.F.);
#1307=ORIENTED_EDGE('',*,*,#1782,.F.);
#1308=ORIENTED_EDGE('',*,*,#1797,.F.);
#1309=ORIENTED_EDGE('',*,*,#1812,.F.);
#1310=ORIENTED_EDGE('',*,*,#1827,.F.);
#1311=ORIENTED_EDGE('',*,*,#1842,.F.);
#1312=ORIENTED_EDGE('',*,*,#1857,.F.);
#1313=ORIENTED_EDGE('',*,*,#1872,.F.);
#1314=ORIENTED_EDGE('',*,*,#1887,.F.);
#1315=ORIENTED_EDGE('',*,*,#1902,.F.);
#1316=ORIENTED_EDGE('',*,*,#1917,.F.);
#1317=ORIENTED_EDGE('',*,*,#1932,.F.);
#1318=ORIENTED_EDGE('',*,*,#1947,.F.);
#1319=ORIENTED_EDGE('',*,*,#1962,.F.);
#1320=ORIENTED_EDGE('',*,*,#1977,.F.);
#1321=ORIENTED_EDGE('',*,*,#1992,.F.);
#1322=ORIENTED_EDGE('',*,*,#2007,.F.);
#1323=ORIENTED_EDGE('',*,*,#2021,.F.);
#1324=ORIENTED_EDGE('',*,*,#2031,.F.);
#1325=ORIENTED_EDGE('',*,*,#2039,.F.);
#1326=ORIENTED_EDGE('',*,*,#2045,.F.);
#1327=ORIENTED_EDGE('',*,*,#2072,.T.);
#1328=ORIENTED_EDGE('',*,*,#2071,.F.);
#1329=ORIENTED_EDGE('',*,*,#2073,.T.);
#1330=ORIENTED_EDGE('',*,*,#2074,.T.);
#1331=ORIENTED_EDGE('',*,*,#2075,.T.);
#1332=ORIENTED_EDGE('',*,*,#2076,.T.);
#1333=ORIENTED_EDGE('',*,*,#2077,.T.);
#1334=ORIENTED_EDGE('',*,*,#2076,.F.);
#1335=ORIENTED_EDGE('',*,*,#2077,.F.);
#1336=ORIENTED_EDGE('',*,*,#2078,.T.);
#1337=ORIENTED_EDGE('',*,*,#2079,.T.);
#1338=ORIENTED_EDGE('',*,*,#2080,.T.);
#1339=ORIENTED_EDGE('',*,*,#2081,.T.);
#1340=ORIENTED_EDGE('',*,*,#2082,.T.);
#1341=ORIENTED_EDGE('',*,*,#2078,.F.);
#1342=ORIENTED_EDGE('',*,*,#2079,.F.);
#1343=ORIENTED_EDGE('',*,*,#2083,.T.);
#1344=ORIENTED_EDGE('',*,*,#2056,.T.);
#1345=ORIENTED_EDGE('',*,*,#2084,.F.);
#1346=ORIENTED_EDGE('',*,*,#2085,.T.);
#1347=ORIENTED_EDGE('',*,*,#2052,.F.);
#1348=ORIENTED_EDGE('',*,*,#2060,.F.);
#1349=ORIENTED_EDGE('',*,*,#2059,.F.);
#1350=ORIENTED_EDGE('',*,*,#2057,.F.);
#1351=ORIENTED_EDGE('',*,*,#2085,.F.);
#1352=ORIENTED_EDGE('',*,*,#2075,.F.);
#1353=ORIENTED_EDGE('',*,*,#2074,.F.);
#1354=ORIENTED_EDGE('',*,*,#2070,.F.);
#1355=ORIENTED_EDGE('',*,*,#1996,.F.);
#1356=ORIENTED_EDGE('',*,*,#2050,.F.);
#1357=ORIENTED_EDGE('',*,*,#1981,.F.);
#1358=ORIENTED_EDGE('',*,*,#2046,.F.);
#1359=ORIENTED_EDGE('',*,*,#1966,.F.);
#1360=ORIENTED_EDGE('',*,*,#2040,.F.);
#1361=ORIENTED_EDGE('',*,*,#1951,.F.);
#1362=ORIENTED_EDGE('',*,*,#2032,.F.);
#1363=ORIENTED_EDGE('',*,*,#1936,.F.);
#1364=ORIENTED_EDGE('',*,*,#2022,.F.);
#1365=ORIENTED_EDGE('',*,*,#1921,.F.);
#1366=ORIENTED_EDGE('',*,*,#2008,.F.);
#1367=ORIENTED_EDGE('',*,*,#1906,.F.);
#1368=ORIENTED_EDGE('',*,*,#1993,.F.);
#1369=ORIENTED_EDGE('',*,*,#1891,.F.);
#1370=ORIENTED_EDGE('',*,*,#1978,.F.);
#1371=ORIENTED_EDGE('',*,*,#1876,.F.);
#1372=ORIENTED_EDGE('',*,*,#1963,.F.);
#1373=ORIENTED_EDGE('',*,*,#1861,.F.);
#1374=ORIENTED_EDGE('',*,*,#1948,.F.);
#1375=ORIENTED_EDGE('',*,*,#1846,.F.);
#1376=ORIENTED_EDGE('',*,*,#1933,.F.);
#1377=ORIENTED_EDGE('',*,*,#1831,.F.);
#1378=ORIENTED_EDGE('',*,*,#1918,.F.);
#1379=ORIENTED_EDGE('',*,*,#1816,.F.);
#1380=ORIENTED_EDGE('',*,*,#1903,.F.);
#1381=ORIENTED_EDGE('',*,*,#1801,.F.);
#1382=ORIENTED_EDGE('',*,*,#1888,.F.);
#1383=ORIENTED_EDGE('',*,*,#1786,.F.);
#1384=ORIENTED_EDGE('',*,*,#1873,.F.);
#1385=ORIENTED_EDGE('',*,*,#1771,.F.);
#1386=ORIENTED_EDGE('',*,*,#1858,.F.);
#1387=ORIENTED_EDGE('',*,*,#1756,.F.);
#1388=ORIENTED_EDGE('',*,*,#1843,.F.);
#1389=ORIENTED_EDGE('',*,*,#1741,.F.);
#1390=ORIENTED_EDGE('',*,*,#1828,.F.);
#1391=ORIENTED_EDGE('',*,*,#1726,.F.);
#1392=ORIENTED_EDGE('',*,*,#1813,.F.);
#1393=ORIENTED_EDGE('',*,*,#1711,.F.);
#1394=ORIENTED_EDGE('',*,*,#1798,.F.);
#1395=ORIENTED_EDGE('',*,*,#1696,.F.);
#1396=ORIENTED_EDGE('',*,*,#1783,.F.);
#1397=ORIENTED_EDGE('',*,*,#1681,.F.);
#1398=ORIENTED_EDGE('',*,*,#1768,.F.);
#1399=ORIENTED_EDGE('',*,*,#1666,.F.);
#1400=ORIENTED_EDGE('',*,*,#1753,.F.);
#1401=ORIENTED_EDGE('',*,*,#1651,.F.);
#1402=ORIENTED_EDGE('',*,*,#1738,.F.);
#1403=ORIENTED_EDGE('',*,*,#1636,.F.);
#1404=ORIENTED_EDGE('',*,*,#1723,.F.);
#1405=ORIENTED_EDGE('',*,*,#1621,.F.);
#1406=ORIENTED_EDGE('',*,*,#1708,.F.);
#1407=ORIENTED_EDGE('',*,*,#1606,.F.);
#1408=ORIENTED_EDGE('',*,*,#1693,.F.);
#1409=ORIENTED_EDGE('',*,*,#1591,.F.);
#1410=ORIENTED_EDGE('',*,*,#1678,.F.);
#1411=ORIENTED_EDGE('',*,*,#1576,.F.);
#1412=ORIENTED_EDGE('',*,*,#1663,.F.);
#1413=ORIENTED_EDGE('',*,*,#1558,.F.);
#1414=ORIENTED_EDGE('',*,*,#1648,.F.);
#1415=ORIENTED_EDGE('',*,*,#1538,.F.);
#1416=ORIENTED_EDGE('',*,*,#1633,.F.);
#1417=ORIENTED_EDGE('',*,*,#1516,.F.);
#1418=ORIENTED_EDGE('',*,*,#1618,.F.);
#1419=ORIENTED_EDGE('',*,*,#1492,.F.);
#1420=ORIENTED_EDGE('',*,*,#1603,.F.);
#1421=ORIENTED_EDGE('',*,*,#1455,.F.);
#1422=ORIENTED_EDGE('',*,*,#1588,.F.);
#1423=ORIENTED_EDGE('',*,*,#1571,.F.);
#1424=ORIENTED_EDGE('',*,*,#1573,.F.);
#1425=ORIENTED_EDGE('',*,*,#1553,.F.);
#1426=ORIENTED_EDGE('',*,*,#1555,.F.);
#1427=ORIENTED_EDGE('',*,*,#1533,.F.);
#1428=ORIENTED_EDGE('',*,*,#1535,.F.);
#1429=ORIENTED_EDGE('',*,*,#1511,.F.);
#1430=ORIENTED_EDGE('',*,*,#1513,.F.);
#1431=ORIENTED_EDGE('',*,*,#1486,.F.);
#1432=ORIENTED_EDGE('',*,*,#1489,.F.);
#1433=ORIENTED_EDGE('',*,*,#2012,.F.);
#1434=ORIENTED_EDGE('',*,*,#2068,.F.);
#1435=ORIENTED_EDGE('',*,*,#2069,.F.);
#1436=ORIENTED_EDGE('',*,*,#2067,.F.);
#1437=ORIENTED_EDGE('',*,*,#2062,.F.);
#1438=ORIENTED_EDGE('',*,*,#2061,.F.);
#1439=ORIENTED_EDGE('',*,*,#2086,.T.);
#1440=ORIENTED_EDGE('',*,*,#2054,.T.);
#1441=ORIENTED_EDGE('',*,*,#2087,.F.);
#1442=ORIENTED_EDGE('',*,*,#2081,.F.);
#1443=ORIENTED_EDGE('',*,*,#2087,.T.);
#1444=ORIENTED_EDGE('',*,*,#2053,.T.);
#1445=ORIENTED_EDGE('',*,*,#2083,.F.);
#1446=ORIENTED_EDGE('',*,*,#2082,.F.);
#1447=ORIENTED_EDGE('',*,*,#2084,.T.);
#1448=ORIENTED_EDGE('',*,*,#2055,.T.);
#1449=ORIENTED_EDGE('',*,*,#2086,.F.);
#1450=ORIENTED_EDGE('',*,*,#2080,.F.);
#1451=ORIENTED_EDGE('',*,*,#2073,.F.);
#1452=ORIENTED_EDGE('',*,*,#2072,.F.);
#1453=EDGE_CURVE('',#2088,#2089,#2439,.T.);
#1454=EDGE_CURVE('',#2089,#2090,#2440,.T.);
#1455=EDGE_CURVE('',#2090,#2091,#38,.F.);
#1456=EDGE_CURVE('',#2092,#2091,#2441,.T.);
#1457=EDGE_CURVE('',#2088,#2092,#2442,.T.);
#1458=EDGE_CURVE('',#2093,#2094,#2443,.T.);
#1459=EDGE_CURVE('',#2094,#2089,#2444,.T.);
#1460=EDGE_CURVE('',#2093,#2088,#2445,.T.);
#1461=EDGE_CURVE('',#2095,#2096,#2446,.T.);
#1462=EDGE_CURVE('',#2096,#2094,#2447,.T.);
#1463=EDGE_CURVE('',#2095,#2093,#2448,.T.);
#1464=EDGE_CURVE('',#2097,#2098,#2449,.T.);
#1465=EDGE_CURVE('',#2098,#2096,#2450,.T.);
#1466=EDGE_CURVE('',#2097,#2095,#2451,.T.);
#1467=EDGE_CURVE('',#2099,#2100,#2452,.T.);
#1468=EDGE_CURVE('',#2100,#2098,#2453,.T.);
#1469=EDGE_CURVE('',#2099,#2097,#2454,.T.);
#1470=EDGE_CURVE('',#2099,#2101,#39,.T.);
#1471=EDGE_CURVE('',#2101,#2100,#2455,.T.);
#1472=EDGE_CURVE('',#2101,#2102,#2456,.T.);
#1473=EDGE_CURVE('',#2102,#2103,#2457,.T.);
#1474=EDGE_CURVE('',#2100,#2103,#2458,.T.);
#1475=EDGE_CURVE('',#2102,#2104,#2459,.T.);
#1476=EDGE_CURVE('',#2104,#2105,#2460,.T.);
#1477=EDGE_CURVE('',#2103,#2105,#2461,.T.);
#1478=EDGE_CURVE('',#2104,#2106,#2462,.T.);
#1479=EDGE_CURVE('',#2106,#2107,#2463,.T.);
#1480=EDGE_CURVE('',#2105,#2107,#2464,.T.);
#1481=EDGE_CURVE('',#2106,#2108,#2465,.T.);
#1482=EDGE_CURVE('',#2108,#2109,#2466,.T.);
#1483=EDGE_CURVE('',#2107,#2109,#2467,.T.);
#1484=EDGE_CURVE('',#2108,#2110,#2468,.T.);
#1485=EDGE_CURVE('',#2110,#2111,#2469,.T.);
#1486=EDGE_CURVE('',#2111,#2112,#40,.F.);
#1487=EDGE_CURVE('',#2109,#2112,#2470,.T.);
#1488=EDGE_CURVE('',#2110,#2113,#2471,.T.);
#1489=EDGE_CURVE('',#2113,#2111,#41,.F.);
#1490=EDGE_CURVE('',#2114,#2092,#2472,.T.);
#1491=EDGE_CURVE('',#2092,#2115,#2473,.T.);
#1492=EDGE_CURVE('',#2115,#2116,#42,.F.);
#1493=EDGE_CURVE('',#2117,#2116,#2474,.T.);
#1494=EDGE_CURVE('',#2114,#2117,#2475,.T.);
#1495=EDGE_CURVE('',#2118,#2088,#2476,.T.);
#1496=EDGE_CURVE('',#2118,#2114,#2477,.T.);
#1497=EDGE_CURVE('',#2119,#2093,#2478,.T.);
#1498=EDGE_CURVE('',#2119,#2118,#2479,.T.);
#1499=EDGE_CURVE('',#2120,#2095,#2480,.T.);
#1500=EDGE_CURVE('',#2120,#2119,#2481,.T.);
#1501=EDGE_CURVE('',#2121,#2097,#2482,.T.);
#1502=EDGE_CURVE('',#2121,#2120,#2483,.T.);
#1503=EDGE_CURVE('',#2121,#2099,#43,.T.);
#1504=EDGE_CURVE('',#2103,#2122,#2484,.T.);
#1505=EDGE_CURVE('',#2098,#2122,#2485,.T.);
#1506=EDGE_CURVE('',#2105,#2123,#2486,.T.);
#1507=EDGE_CURVE('',#2122,#2123,#2487,.T.);
#1508=EDGE_CURVE('',#2107,#2124,#2488,.T.);
#1509=EDGE_CURVE('',#2123,#2124,#2489,.T.);
#1510=EDGE_CURVE('',#2109,#2125,#2490,.T.);
#1511=EDGE_CURVE('',#2125,#2126,#44,.F.);
#1512=EDGE_CURVE('',#2124,#2126,#2491,.T.);
#1513=EDGE_CURVE('',#2112,#2125,#45,.F.);
#1514=EDGE_CURVE('',#2127,#2117,#2492,.T.);
#1515=EDGE_CURVE('',#2117,#2128,#2493,.T.);
#1516=EDGE_CURVE('',#2128,#2129,#46,.F.);
#1517=EDGE_CURVE('',#2130,#2129,#2494,.T.);
#1518=EDGE_CURVE('',#2127,#2130,#2495,.T.);
#1519=EDGE_CURVE('',#2131,#2114,#2496,.T.);
#1520=EDGE_CURVE('',#2131,#2127,#2497,.T.);
#1521=EDGE_CURVE('',#2132,#2118,#2498,.T.);
#1522=EDGE_CURVE('',#2132,#2131,#2499,.T.);
#1523=EDGE_CURVE('',#2133,#2119,#2500,.T.);
#1524=EDGE_CURVE('',#2133,#2132,#2501,.T.);
#1525=EDGE_CURVE('',#2134,#2120,#2502,.T.);
#1526=EDGE_CURVE('',#2134,#2133,#2503,.T.);
#1527=EDGE_CURVE('',#2134,#2121,#47,.T.);
#1528=EDGE_CURVE('',#2122,#2135,#2504,.T.);
#1529=EDGE_CURVE('',#2096,#2135,#2505,.T.);
#1530=EDGE_CURVE('',#2123,#2136,#2506,.T.);
#1531=EDGE_CURVE('',#2135,#2136,#2507,.T.);
#1532=EDGE_CURVE('',#2124,#2137,#2508,.T.);
#1533=EDGE_CURVE('',#2137,#2138,#48,.F.);
#1534=EDGE_CURVE('',#2136,#2138,#2509,.T.);
#1535=EDGE_CURVE('',#2126,#2137,#49,.F.);
#1536=EDGE_CURVE('',#2139,#2130,#2510,.T.);
#1537=EDGE_CURVE('',#2130,#2140,#2511,.T.);
#1538=EDGE_CURVE('',#2140,#2141,#50,.F.);
#1539=EDGE_CURVE('',#2142,#2141,#2512,.T.);
#1540=EDGE_CURVE('',#2139,#2142,#2513,.T.);
#1541=EDGE_CURVE('',#2143,#2127,#2514,.T.);
#1542=EDGE_CURVE('',#2143,#2139,#2515,.T.);
#1543=EDGE_CURVE('',#2144,#2131,#2516,.T.);
#1544=EDGE_CURVE('',#2144,#2143,#2517,.T.);
#1545=EDGE_CURVE('',#2145,#2132,#2518,.T.);
#1546=EDGE_CURVE('',#2145,#2144,#2519,.T.);
#1547=EDGE_CURVE('',#2146,#2133,#2520,.T.);
#1548=EDGE_CURVE('',#2146,#2145,#2521,.T.);
#1549=EDGE_CURVE('',#2146,#2134,#51,.T.);
#1550=EDGE_CURVE('',#2135,#2147,#2522,.T.);
#1551=EDGE_CURVE('',#2094,#2147,#2523,.T.);
#1552=EDGE_CURVE('',#2136,#2148,#2524,.T.);
#1553=EDGE_CURVE('',#2148,#2149,#52,.F.);
#1554=EDGE_CURVE('',#2147,#2149,#2525,.T.);
#1555=EDGE_CURVE('',#2138,#2148,#53,.F.);
#1556=EDGE_CURVE('',#2150,#2142,#2526,.T.);
#1557=EDGE_CURVE('',#2142,#2151,#2527,.T.);
#1558=EDGE_CURVE('',#2151,#2152,#54,.F.);
#1559=EDGE_CURVE('',#2153,#2152,#2528,.T.);
#1560=EDGE_CURVE('',#2150,#2153,#2529,.T.);
#1561=EDGE_CURVE('',#2154,#2139,#2530,.T.);
#1562=EDGE_CURVE('',#2154,#2150,#2531,.T.);
#1563=EDGE_CURVE('',#2155,#2143,#2532,.T.);
#1564=EDGE_CURVE('',#2155,#2154,#2533,.T.);
#1565=EDGE_CURVE('',#2156,#2144,#2534,.T.);
#1566=EDGE_CURVE('',#2156,#2155,#2535,.T.);
#1567=EDGE_CURVE('',#2157,#2145,#2536,.T.);
#1568=EDGE_CURVE('',#2157,#2156,#2537,.T.);
#1569=EDGE_CURVE('',#2157,#2146,#55,.T.);
#1570=EDGE_CURVE('',#2147,#2158,#2538,.T.);
#1571=EDGE_CURVE('',#2158,#2159,#56,.F.);
#1572=EDGE_CURVE('',#2089,#2159,#2539,.T.);
#1573=EDGE_CURVE('',#2149,#2158,#57,.F.);
#1574=EDGE_CURVE('',#2160,#2153,#2540,.T.);
#1575=EDGE_CURVE('',#2153,#2161,#2541,.T.);
#1576=EDGE_CURVE('',#2161,#2162,#58,.F.);
#1577=EDGE_CURVE('',#2163,#2162,#2542,.T.);
#1578=EDGE_CURVE('',#2160,#2163,#2543,.T.);
#1579=EDGE_CURVE('',#2164,#2150,#2544,.T.);
#1580=EDGE_CURVE('',#2164,#2160,#2545,.T.);
#1581=EDGE_CURVE('',#2165,#2154,#2546,.T.);
#1582=EDGE_CURVE('',#2165,#2164,#2547,.T.);
#1583=EDGE_CURVE('',#2166,#2155,#2548,.T.);
#1584=EDGE_CURVE('',#2166,#2165,#2549,.T.);
#1585=EDGE_CURVE('',#2167,#2156,#2550,.T.);
#1586=EDGE_CURVE('',#2167,#2166,#2551,.T.);
#1587=EDGE_CURVE('',#2167,#2157,#59,.T.);
#1588=EDGE_CURVE('',#2159,#2090,#60,.F.);
#1589=EDGE_CURVE('',#2168,#2163,#2552,.T.);
#1590=EDGE_CURVE('',#2163,#2169,#2553,.T.);
#1591=EDGE_CURVE('',#2169,#2170,#61,.F.);
#1592=EDGE_CURVE('',#2171,#2170,#2554,.T.);
#1593=EDGE_CURVE('',#2168,#2171,#2555,.T.);
#1594=EDGE_CURVE('',#2172,#2160,#2556,.T.);
#1595=EDGE_CURVE('',#2172,#2168,#2557,.T.);
#1596=EDGE_CURVE('',#2173,#2164,#2558,.T.);
#1597=EDGE_CURVE('',#2173,#2172,#2559,.T.);
#1598=EDGE_CURVE('',#2174,#2165,#2560,.T.);
#1599=EDGE_CURVE('',#2174,#2173,#2561,.T.);
#1600=EDGE_CURVE('',#2175,#2166,#2562,.T.);
#1601=EDGE_CURVE('',#2175,#2174,#2563,.T.);
#1602=EDGE_CURVE('',#2175,#2167,#62,.T.);
#1603=EDGE_CURVE('',#2091,#2115,#63,.F.);
#1604=EDGE_CURVE('',#2176,#2171,#2564,.T.);
#1605=EDGE_CURVE('',#2171,#2177,#2565,.T.);
#1606=EDGE_CURVE('',#2177,#2178,#64,.F.);
#1607=EDGE_CURVE('',#2179,#2178,#2566,.T.);
#1608=EDGE_CURVE('',#2176,#2179,#2567,.T.);
#1609=EDGE_CURVE('',#2180,#2168,#2568,.T.);
#1610=EDGE_CURVE('',#2180,#2176,#2569,.T.);
#1611=EDGE_CURVE('',#2181,#2172,#2570,.T.);
#1612=EDGE_CURVE('',#2181,#2180,#2571,.T.);
#1613=EDGE_CURVE('',#2182,#2173,#2572,.T.);
#1614=EDGE_CURVE('',#2182,#2181,#2573,.T.);
#1615=EDGE_CURVE('',#2183,#2174,#2574,.T.);
#1616=EDGE_CURVE('',#2183,#2182,#2575,.T.);
#1617=EDGE_CURVE('',#2183,#2175,#65,.T.);
#1618=EDGE_CURVE('',#2116,#2128,#66,.F.);
#1619=EDGE_CURVE('',#2184,#2179,#2576,.T.);
#1620=EDGE_CURVE('',#2179,#2185,#2577,.T.);
#1621=EDGE_CURVE('',#2185,#2186,#67,.F.);
#1622=EDGE_CURVE('',#2187,#2186,#2578,.T.);
#1623=EDGE_CURVE('',#2184,#2187,#2579,.T.);
#1624=EDGE_CURVE('',#2188,#2176,#2580,.T.);
#1625=EDGE_CURVE('',#2188,#2184,#2581,.T.);
#1626=EDGE_CURVE('',#2189,#2180,#2582,.T.);
#1627=EDGE_CURVE('',#2189,#2188,#2583,.T.);
#1628=EDGE_CURVE('',#2190,#2181,#2584,.T.);
#1629=EDGE_CURVE('',#2190,#2189,#2585,.T.);
#1630=EDGE_CURVE('',#2191,#2182,#2586,.T.);
#1631=EDGE_CURVE('',#2191,#2190,#2587,.T.);
#1632=EDGE_CURVE('',#2191,#2183,#68,.T.);
#1633=EDGE_CURVE('',#2129,#2140,#69,.F.);
#1634=EDGE_CURVE('',#2192,#2187,#2588,.T.);
#1635=EDGE_CURVE('',#2187,#2193,#2589,.T.);
#1636=EDGE_CURVE('',#2193,#2194,#70,.F.);
#1637=EDGE_CURVE('',#2195,#2194,#2590,.T.);
#1638=EDGE_CURVE('',#2192,#2195,#2591,.T.);
#1639=EDGE_CURVE('',#2196,#2184,#2592,.T.);
#1640=EDGE_CURVE('',#2196,#2192,#2593,.T.);
#1641=EDGE_CURVE('',#2197,#2188,#2594,.T.);
#1642=EDGE_CURVE('',#2197,#2196,#2595,.T.);
#1643=EDGE_CURVE('',#2198,#2189,#2596,.T.);
#1644=EDGE_CURVE('',#2198,#2197,#2597,.T.);
#1645=EDGE_CURVE('',#2199,#2190,#2598,.T.);
#1646=EDGE_CURVE('',#2199,#2198,#2599,.T.);
#1647=EDGE_CURVE('',#2199,#2191,#71,.T.);
#1648=EDGE_CURVE('',#2141,#2151,#72,.F.);
#1649=EDGE_CURVE('',#2200,#2195,#2600,.T.);
#1650=EDGE_CURVE('',#2195,#2201,#2601,.T.);
#1651=EDGE_CURVE('',#2201,#2202,#73,.F.);
#1652=EDGE_CURVE('',#2203,#2202,#2602,.T.);
#1653=EDGE_CURVE('',#2200,#2203,#2603,.T.);
#1654=EDGE_CURVE('',#2204,#2192,#2604,.T.);
#1655=EDGE_CURVE('',#2204,#2200,#2605,.T.);
#1656=EDGE_CURVE('',#2205,#2196,#2606,.T.);
#1657=EDGE_CURVE('',#2205,#2204,#2607,.T.);
#1658=EDGE_CURVE('',#2206,#2197,#2608,.T.);
#1659=EDGE_CURVE('',#2206,#2205,#2609,.T.);
#1660=EDGE_CURVE('',#2207,#2198,#2610,.T.);
#1661=EDGE_CURVE('',#2207,#2206,#2611,.T.);
#1662=EDGE_CURVE('',#2207,#2199,#74,.T.);
#1663=EDGE_CURVE('',#2152,#2161,#75,.F.);
#1664=EDGE_CURVE('',#2208,#2203,#2612,.T.);
#1665=EDGE_CURVE('',#2203,#2209,#2613,.T.);
#1666=EDGE_CURVE('',#2209,#2210,#76,.F.);
#1667=EDGE_CURVE('',#2211,#2210,#2614,.T.);
#1668=EDGE_CURVE('',#2208,#2211,#2615,.T.);
#1669=EDGE_CURVE('',#2212,#2200,#2616,.T.);
#1670=EDGE_CURVE('',#2212,#2208,#2617,.T.);
#1671=EDGE_CURVE('',#2213,#2204,#2618,.T.);
#1672=EDGE_CURVE('',#2213,#2212,#2619,.T.);
#1673=EDGE_CURVE('',#2214,#2205,#2620,.T.);
#1674=EDGE_CURVE('',#2214,#2213,#2621,.T.);
#1675=EDGE_CURVE('',#2215,#2206,#2622,.T.);
#1676=EDGE_CURVE('',#2215,#2214,#2623,.T.);
#1677=EDGE_CURVE('',#2215,#2207,#77,.T.);
#1678=EDGE_CURVE('',#2162,#2169,#78,.F.);
#1679=EDGE_CURVE('',#2216,#2211,#2624,.T.);
#1680=EDGE_CURVE('',#2211,#2217,#2625,.T.);
#1681=EDGE_CURVE('',#2217,#2218,#79,.F.);
#1682=EDGE_CURVE('',#2219,#2218,#2626,.T.);
#1683=EDGE_CURVE('',#2216,#2219,#2627,.T.);
#1684=EDGE_CURVE('',#2220,#2208,#2628,.T.);
#1685=EDGE_CURVE('',#2220,#2216,#2629,.T.);
#1686=EDGE_CURVE('',#2221,#2212,#2630,.T.);
#1687=EDGE_CURVE('',#2221,#2220,#2631,.T.);
#1688=EDGE_CURVE('',#2222,#2213,#2632,.T.);
#1689=EDGE_CURVE('',#2222,#2221,#2633,.T.);
#1690=EDGE_CURVE('',#2223,#2214,#2634,.T.);
#1691=EDGE_CURVE('',#2223,#2222,#2635,.T.);
#1692=EDGE_CURVE('',#2223,#2215,#80,.T.);
#1693=EDGE_CURVE('',#2170,#2177,#81,.F.);
#1694=EDGE_CURVE('',#2224,#2219,#2636,.T.);
#1695=EDGE_CURVE('',#2219,#2225,#2637,.T.);
#1696=EDGE_CURVE('',#2225,#2226,#82,.F.);
#1697=EDGE_CURVE('',#2227,#2226,#2638,.T.);
#1698=EDGE_CURVE('',#2224,#2227,#2639,.T.);
#1699=EDGE_CURVE('',#2228,#2216,#2640,.T.);
#1700=EDGE_CURVE('',#2228,#2224,#2641,.T.);
#1701=EDGE_CURVE('',#2229,#2220,#2642,.T.);
#1702=EDGE_CURVE('',#2229,#2228,#2643,.T.);
#1703=EDGE_CURVE('',#2230,#2221,#2644,.T.);
#1704=EDGE_CURVE('',#2230,#2229,#2645,.T.);
#1705=EDGE_CURVE('',#2231,#2222,#2646,.T.);
#1706=EDGE_CURVE('',#2231,#2230,#2647,.T.);
#1707=EDGE_CURVE('',#2231,#2223,#83,.T.);
#1708=EDGE_CURVE('',#2178,#2185,#84,.F.);
#1709=EDGE_CURVE('',#2232,#2227,#2648,.T.);
#1710=EDGE_CURVE('',#2227,#2233,#2649,.T.);
#1711=EDGE_CURVE('',#2233,#2234,#85,.F.);
#1712=EDGE_CURVE('',#2235,#2234,#2650,.T.);
#1713=EDGE_CURVE('',#2232,#2235,#2651,.T.);
#1714=EDGE_CURVE('',#2236,#2224,#2652,.T.);
#1715=EDGE_CURVE('',#2236,#2232,#2653,.T.);
#1716=EDGE_CURVE('',#2237,#2228,#2654,.T.);
#1717=EDGE_CURVE('',#2237,#2236,#2655,.T.);
#1718=EDGE_CURVE('',#2238,#2229,#2656,.T.);
#1719=EDGE_CURVE('',#2238,#2237,#2657,.T.);
#1720=EDGE_CURVE('',#2239,#2230,#2658,.T.);
#1721=EDGE_CURVE('',#2239,#2238,#2659,.T.);
#1722=EDGE_CURVE('',#2239,#2231,#86,.T.);
#1723=EDGE_CURVE('',#2186,#2193,#87,.F.);
#1724=EDGE_CURVE('',#2240,#2235,#2660,.T.);
#1725=EDGE_CURVE('',#2235,#2241,#2661,.T.);
#1726=EDGE_CURVE('',#2241,#2242,#88,.F.);
#1727=EDGE_CURVE('',#2243,#2242,#2662,.T.);
#1728=EDGE_CURVE('',#2240,#2243,#2663,.T.);
#1729=EDGE_CURVE('',#2244,#2232,#2664,.T.);
#1730=EDGE_CURVE('',#2244,#2240,#2665,.T.);
#1731=EDGE_CURVE('',#2245,#2236,#2666,.T.);
#1732=EDGE_CURVE('',#2245,#2244,#2667,.T.);
#1733=EDGE_CURVE('',#2246,#2237,#2668,.T.);
#1734=EDGE_CURVE('',#2246,#2245,#2669,.T.);
#1735=EDGE_CURVE('',#2247,#2238,#2670,.T.);
#1736=EDGE_CURVE('',#2247,#2246,#2671,.T.);
#1737=EDGE_CURVE('',#2247,#2239,#89,.T.);
#1738=EDGE_CURVE('',#2194,#2201,#90,.F.);
#1739=EDGE_CURVE('',#2248,#2243,#2672,.T.);
#1740=EDGE_CURVE('',#2243,#2249,#2673,.T.);
#1741=EDGE_CURVE('',#2249,#2250,#91,.F.);
#1742=EDGE_CURVE('',#2251,#2250,#2674,.T.);
#1743=EDGE_CURVE('',#2248,#2251,#2675,.T.);
#1744=EDGE_CURVE('',#2252,#2240,#2676,.T.);
#1745=EDGE_CURVE('',#2252,#2248,#2677,.T.);
#1746=EDGE_CURVE('',#2253,#2244,#2678,.T.);
#1747=EDGE_CURVE('',#2253,#2252,#2679,.T.);
#1748=EDGE_CURVE('',#2254,#2245,#2680,.T.);
#1749=EDGE_CURVE('',#2254,#2253,#2681,.T.);
#1750=EDGE_CURVE('',#2255,#2246,#2682,.T.);
#1751=EDGE_CURVE('',#2255,#2254,#2683,.T.);
#1752=EDGE_CURVE('',#2255,#2247,#92,.T.);
#1753=EDGE_CURVE('',#2202,#2209,#93,.F.);
#1754=EDGE_CURVE('',#2256,#2251,#2684,.T.);
#1755=EDGE_CURVE('',#2251,#2257,#2685,.T.);
#1756=EDGE_CURVE('',#2257,#2258,#94,.F.);
#1757=EDGE_CURVE('',#2259,#2258,#2686,.T.);
#1758=EDGE_CURVE('',#2256,#2259,#2687,.T.);
#1759=EDGE_CURVE('',#2260,#2248,#2688,.T.);
#1760=EDGE_CURVE('',#2260,#2256,#2689,.T.);
#1761=EDGE_CURVE('',#2261,#2252,#2690,.T.);
#1762=EDGE_CURVE('',#2261,#2260,#2691,.T.);
#1763=EDGE_CURVE('',#2262,#2253,#2692,.T.);
#1764=EDGE_CURVE('',#2262,#2261,#2693,.T.);
#1765=EDGE_CURVE('',#2263,#2254,#2694,.T.);
#1766=EDGE_CURVE('',#2263,#2262,#2695,.T.);
#1767=EDGE_CURVE('',#2263,#2255,#95,.T.);
#1768=EDGE_CURVE('',#2210,#2217,#96,.F.);
#1769=EDGE_CURVE('',#2264,#2259,#2696,.T.);
#1770=EDGE_CURVE('',#2259,#2265,#2697,.T.);
#1771=EDGE_CURVE('',#2265,#2266,#97,.F.);
#1772=EDGE_CURVE('',#2267,#2266,#2698,.T.);
#1773=EDGE_CURVE('',#2264,#2267,#2699,.T.);
#1774=EDGE_CURVE('',#2268,#2256,#2700,.T.);
#1775=EDGE_CURVE('',#2268,#2264,#2701,.T.);
#1776=EDGE_CURVE('',#2269,#2260,#2702,.T.);
#1777=EDGE_CURVE('',#2269,#2268,#2703,.T.);
#1778=EDGE_CURVE('',#2270,#2261,#2704,.T.);
#1779=EDGE_CURVE('',#2270,#2269,#2705,.T.);
#1780=EDGE_CURVE('',#2271,#2262,#2706,.T.);
#1781=EDGE_CURVE('',#2271,#2270,#2707,.T.);
#1782=EDGE_CURVE('',#2271,#2263,#98,.T.);
#1783=EDGE_CURVE('',#2218,#2225,#99,.F.);
#1784=EDGE_CURVE('',#2272,#2267,#2708,.T.);
#1785=EDGE_CURVE('',#2267,#2273,#2709,.T.);
#1786=EDGE_CURVE('',#2273,#2274,#100,.F.);
#1787=EDGE_CURVE('',#2275,#2274,#2710,.T.);
#1788=EDGE_CURVE('',#2272,#2275,#2711,.T.);
#1789=EDGE_CURVE('',#2276,#2264,#2712,.T.);
#1790=EDGE_CURVE('',#2276,#2272,#2713,.T.);
#1791=EDGE_CURVE('',#2277,#2268,#2714,.T.);
#1792=EDGE_CURVE('',#2277,#2276,#2715,.T.);
#1793=EDGE_CURVE('',#2278,#2269,#2716,.T.);
#1794=EDGE_CURVE('',#2278,#2277,#2717,.T.);
#1795=EDGE_CURVE('',#2279,#2270,#2718,.T.);
#1796=EDGE_CURVE('',#2279,#2278,#2719,.T.);
#1797=EDGE_CURVE('',#2279,#2271,#101,.T.);
#1798=EDGE_CURVE('',#2226,#2233,#102,.F.);
#1799=EDGE_CURVE('',#2280,#2275,#2720,.T.);
#1800=EDGE_CURVE('',#2275,#2281,#2721,.T.);
#1801=EDGE_CURVE('',#2281,#2282,#103,.F.);
#1802=EDGE_CURVE('',#2283,#2282,#2722,.T.);
#1803=EDGE_CURVE('',#2280,#2283,#2723,.T.);
#1804=EDGE_CURVE('',#2284,#2272,#2724,.T.);
#1805=EDGE_CURVE('',#2284,#2280,#2725,.T.);
#1806=EDGE_CURVE('',#2285,#2276,#2726,.T.);
#1807=EDGE_CURVE('',#2285,#2284,#2727,.T.);
#1808=EDGE_CURVE('',#2286,#2277,#2728,.T.);
#1809=EDGE_CURVE('',#2286,#2285,#2729,.T.);
#1810=EDGE_CURVE('',#2287,#2278,#2730,.T.);
#1811=EDGE_CURVE('',#2287,#2286,#2731,.T.);
#1812=EDGE_CURVE('',#2287,#2279,#104,.T.);
#1813=EDGE_CURVE('',#2234,#2241,#105,.F.);
#1814=EDGE_CURVE('',#2288,#2283,#2732,.T.);
#1815=EDGE_CURVE('',#2283,#2289,#2733,.T.);
#1816=EDGE_CURVE('',#2289,#2290,#106,.F.);
#1817=EDGE_CURVE('',#2291,#2290,#2734,.T.);
#1818=EDGE_CURVE('',#2288,#2291,#2735,.T.);
#1819=EDGE_CURVE('',#2292,#2280,#2736,.T.);
#1820=EDGE_CURVE('',#2292,#2288,#2737,.T.);
#1821=EDGE_CURVE('',#2293,#2284,#2738,.T.);
#1822=EDGE_CURVE('',#2293,#2292,#2739,.T.);
#1823=EDGE_CURVE('',#2294,#2285,#2740,.T.);
#1824=EDGE_CURVE('',#2294,#2293,#2741,.T.);
#1825=EDGE_CURVE('',#2295,#2286,#2742,.T.);
#1826=EDGE_CURVE('',#2295,#2294,#2743,.T.);
#1827=EDGE_CURVE('',#2295,#2287,#107,.T.);
#1828=EDGE_CURVE('',#2242,#2249,#108,.F.);
#1829=EDGE_CURVE('',#2296,#2291,#2744,.T.);
#1830=EDGE_CURVE('',#2291,#2297,#2745,.T.);
#1831=EDGE_CURVE('',#2297,#2298,#109,.F.);
#1832=EDGE_CURVE('',#2299,#2298,#2746,.T.);
#1833=EDGE_CURVE('',#2296,#2299,#2747,.T.);
#1834=EDGE_CURVE('',#2300,#2288,#2748,.T.);
#1835=EDGE_CURVE('',#2300,#2296,#2749,.T.);
#1836=EDGE_CURVE('',#2301,#2292,#2750,.T.);
#1837=EDGE_CURVE('',#2301,#2300,#2751,.T.);
#1838=EDGE_CURVE('',#2302,#2293,#2752,.T.);
#1839=EDGE_CURVE('',#2302,#2301,#2753,.T.);
#1840=EDGE_CURVE('',#2303,#2294,#2754,.T.);
#1841=EDGE_CURVE('',#2303,#2302,#2755,.T.);
#1842=EDGE_CURVE('',#2303,#2295,#110,.T.);
#1843=EDGE_CURVE('',#2250,#2257,#111,.F.);
#1844=EDGE_CURVE('',#2304,#2299,#2756,.T.);
#1845=EDGE_CURVE('',#2299,#2305,#2757,.T.);
#1846=EDGE_CURVE('',#2305,#2306,#112,.F.);
#1847=EDGE_CURVE('',#2307,#2306,#2758,.T.);
#1848=EDGE_CURVE('',#2304,#2307,#2759,.T.);
#1849=EDGE_CURVE('',#2308,#2296,#2760,.T.);
#1850=EDGE_CURVE('',#2308,#2304,#2761,.T.);
#1851=EDGE_CURVE('',#2309,#2300,#2762,.T.);
#1852=EDGE_CURVE('',#2309,#2308,#2763,.T.);
#1853=EDGE_CURVE('',#2310,#2301,#2764,.T.);
#1854=EDGE_CURVE('',#2310,#2309,#2765,.T.);
#1855=EDGE_CURVE('',#2311,#2302,#2766,.T.);
#1856=EDGE_CURVE('',#2311,#2310,#2767,.T.);
#1857=EDGE_CURVE('',#2311,#2303,#113,.T.);
#1858=EDGE_CURVE('',#2258,#2265,#114,.F.);
#1859=EDGE_CURVE('',#2312,#2307,#2768,.T.);
#1860=EDGE_CURVE('',#2307,#2313,#2769,.T.);
#1861=EDGE_CURVE('',#2313,#2314,#115,.F.);
#1862=EDGE_CURVE('',#2315,#2314,#2770,.T.);
#1863=EDGE_CURVE('',#2312,#2315,#2771,.T.);
#1864=EDGE_CURVE('',#2316,#2304,#2772,.T.);
#1865=EDGE_CURVE('',#2316,#2312,#2773,.T.);
#1866=EDGE_CURVE('',#2317,#2308,#2774,.T.);
#1867=EDGE_CURVE('',#2317,#2316,#2775,.T.);
#1868=EDGE_CURVE('',#2318,#2309,#2776,.T.);
#1869=EDGE_CURVE('',#2318,#2317,#2777,.T.);
#1870=EDGE_CURVE('',#2319,#2310,#2778,.T.);
#1871=EDGE_CURVE('',#2319,#2318,#2779,.T.);
#1872=EDGE_CURVE('',#2319,#2311,#116,.T.);
#1873=EDGE_CURVE('',#2266,#2273,#117,.F.);
#1874=EDGE_CURVE('',#2320,#2315,#2780,.T.);
#1875=EDGE_CURVE('',#2315,#2321,#2781,.T.);
#1876=EDGE_CURVE('',#2321,#2322,#118,.F.);
#1877=EDGE_CURVE('',#2323,#2322,#2782,.T.);
#1878=EDGE_CURVE('',#2320,#2323,#2783,.T.);
#1879=EDGE_CURVE('',#2324,#2312,#2784,.T.);
#1880=EDGE_CURVE('',#2324,#2320,#2785,.T.);
#1881=EDGE_CURVE('',#2325,#2316,#2786,.T.);
#1882=EDGE_CURVE('',#2325,#2324,#2787,.T.);
#1883=EDGE_CURVE('',#2326,#2317,#2788,.T.);
#1884=EDGE_CURVE('',#2326,#2325,#2789,.T.);
#1885=EDGE_CURVE('',#2327,#2318,#2790,.T.);
#1886=EDGE_CURVE('',#2327,#2326,#2791,.T.);
#1887=EDGE_CURVE('',#2327,#2319,#119,.T.);
#1888=EDGE_CURVE('',#2274,#2281,#120,.F.);
#1889=EDGE_CURVE('',#2328,#2323,#2792,.T.);
#1890=EDGE_CURVE('',#2323,#2329,#2793,.T.);
#1891=EDGE_CURVE('',#2329,#2330,#121,.F.);
#1892=EDGE_CURVE('',#2331,#2330,#2794,.T.);
#1893=EDGE_CURVE('',#2328,#2331,#2795,.T.);
#1894=EDGE_CURVE('',#2332,#2320,#2796,.T.);
#1895=EDGE_CURVE('',#2332,#2328,#2797,.T.);
#1896=EDGE_CURVE('',#2333,#2324,#2798,.T.);
#1897=EDGE_CURVE('',#2333,#2332,#2799,.T.);
#1898=EDGE_CURVE('',#2334,#2325,#2800,.T.);
#1899=EDGE_CURVE('',#2334,#2333,#2801,.T.);
#1900=EDGE_CURVE('',#2335,#2326,#2802,.T.);
#1901=EDGE_CURVE('',#2335,#2334,#2803,.T.);
#1902=EDGE_CURVE('',#2335,#2327,#122,.T.);
#1903=EDGE_CURVE('',#2282,#2289,#123,.F.);
#1904=EDGE_CURVE('',#2336,#2331,#2804,.T.);
#1905=EDGE_CURVE('',#2331,#2337,#2805,.T.);
#1906=EDGE_CURVE('',#2337,#2338,#124,.F.);
#1907=EDGE_CURVE('',#2339,#2338,#2806,.T.);
#1908=EDGE_CURVE('',#2336,#2339,#2807,.T.);
#1909=EDGE_CURVE('',#2340,#2328,#2808,.T.);
#1910=EDGE_CURVE('',#2340,#2336,#2809,.T.);
#1911=EDGE_CURVE('',#2341,#2332,#2810,.T.);
#1912=EDGE_CURVE('',#2341,#2340,#2811,.T.);
#1913=EDGE_CURVE('',#2342,#2333,#2812,.T.);
#1914=EDGE_CURVE('',#2342,#2341,#2813,.T.);
#1915=EDGE_CURVE('',#2343,#2334,#2814,.T.);
#1916=EDGE_CURVE('',#2343,#2342,#2815,.T.);
#1917=EDGE_CURVE('',#2343,#2335,#125,.T.);
#1918=EDGE_CURVE('',#2290,#2297,#126,.F.);
#1919=EDGE_CURVE('',#2344,#2339,#2816,.T.);
#1920=EDGE_CURVE('',#2339,#2345,#2817,.T.);
#1921=EDGE_CURVE('',#2345,#2346,#127,.F.);
#1922=EDGE_CURVE('',#2347,#2346,#2818,.T.);
#1923=EDGE_CURVE('',#2344,#2347,#2819,.T.);
#1924=EDGE_CURVE('',#2348,#2336,#2820,.T.);
#1925=EDGE_CURVE('',#2348,#2344,#2821,.T.);
#1926=EDGE_CURVE('',#2349,#2340,#2822,.T.);
#1927=EDGE_CURVE('',#2349,#2348,#2823,.T.);
#1928=EDGE_CURVE('',#2350,#2341,#2824,.T.);
#1929=EDGE_CURVE('',#2350,#2349,#2825,.T.);
#1930=EDGE_CURVE('',#2351,#2342,#2826,.T.);
#1931=EDGE_CURVE('',#2351,#2350,#2827,.T.);
#1932=EDGE_CURVE('',#2351,#2343,#128,.T.);
#1933=EDGE_CURVE('',#2298,#2305,#129,.F.);
#1934=EDGE_CURVE('',#2352,#2347,#2828,.T.);
#1935=EDGE_CURVE('',#2347,#2353,#2829,.T.);
#1936=EDGE_CURVE('',#2353,#2354,#130,.F.);
#1937=EDGE_CURVE('',#2355,#2354,#2830,.T.);
#1938=EDGE_CURVE('',#2352,#2355,#2831,.T.);
#1939=EDGE_CURVE('',#2356,#2344,#2832,.T.);
#1940=EDGE_CURVE('',#2356,#2352,#2833,.T.);
#1941=EDGE_CURVE('',#2357,#2348,#2834,.T.);
#1942=EDGE_CURVE('',#2357,#2356,#2835,.T.);
#1943=EDGE_CURVE('',#2358,#2349,#2836,.T.);
#1944=EDGE_CURVE('',#2358,#2357,#2837,.T.);
#1945=EDGE_CURVE('',#2359,#2350,#2838,.T.);
#1946=EDGE_CURVE('',#2359,#2358,#2839,.T.);
#1947=EDGE_CURVE('',#2359,#2351,#131,.T.);
#1948=EDGE_CURVE('',#2306,#2313,#132,.F.);
#1949=EDGE_CURVE('',#2360,#2355,#2840,.T.);
#1950=EDGE_CURVE('',#2355,#2361,#2841,.T.);
#1951=EDGE_CURVE('',#2361,#2362,#133,.F.);
#1952=EDGE_CURVE('',#2363,#2362,#2842,.T.);
#1953=EDGE_CURVE('',#2360,#2363,#2843,.T.);
#1954=EDGE_CURVE('',#2364,#2352,#2844,.T.);
#1955=EDGE_CURVE('',#2364,#2360,#2845,.T.);
#1956=EDGE_CURVE('',#2365,#2356,#2846,.T.);
#1957=EDGE_CURVE('',#2365,#2364,#2847,.T.);
#1958=EDGE_CURVE('',#2366,#2357,#2848,.T.);
#1959=EDGE_CURVE('',#2366,#2365,#2849,.T.);
#1960=EDGE_CURVE('',#2367,#2358,#2850,.T.);
#1961=EDGE_CURVE('',#2367,#2366,#2851,.T.);
#1962=EDGE_CURVE('',#2367,#2359,#134,.T.);
#1963=EDGE_CURVE('',#2314,#2321,#135,.F.);
#1964=EDGE_CURVE('',#2368,#2363,#2852,.T.);
#1965=EDGE_CURVE('',#2363,#2369,#2853,.T.);
#1966=EDGE_CURVE('',#2369,#2370,#136,.F.);
#1967=EDGE_CURVE('',#2371,#2370,#2854,.T.);
#1968=EDGE_CURVE('',#2368,#2371,#2855,.T.);
#1969=EDGE_CURVE('',#2372,#2360,#2856,.T.);
#1970=EDGE_CURVE('',#2372,#2368,#2857,.T.);
#1971=EDGE_CURVE('',#2373,#2364,#2858,.T.);
#1972=EDGE_CURVE('',#2373,#2372,#2859,.T.);
#1973=EDGE_CURVE('',#2374,#2365,#2860,.T.);
#1974=EDGE_CURVE('',#2374,#2373,#2861,.T.);
#1975=EDGE_CURVE('',#2375,#2366,#2862,.T.);
#1976=EDGE_CURVE('',#2375,#2374,#2863,.T.);
#1977=EDGE_CURVE('',#2375,#2367,#137,.T.);
#1978=EDGE_CURVE('',#2322,#2329,#138,.F.);
#1979=EDGE_CURVE('',#2376,#2371,#2864,.T.);
#1980=EDGE_CURVE('',#2371,#2377,#2865,.T.);
#1981=EDGE_CURVE('',#2377,#2378,#139,.F.);
#1982=EDGE_CURVE('',#2379,#2378,#2866,.T.);
#1983=EDGE_CURVE('',#2376,#2379,#2867,.T.);
#1984=EDGE_CURVE('',#2380,#2368,#2868,.T.);
#1985=EDGE_CURVE('',#2380,#2376,#2869,.T.);
#1986=EDGE_CURVE('',#2381,#2372,#2870,.T.);
#1987=EDGE_CURVE('',#2381,#2380,#2871,.T.);
#1988=EDGE_CURVE('',#2382,#2373,#2872,.T.);
#1989=EDGE_CURVE('',#2382,#2381,#2873,.T.);
#1990=EDGE_CURVE('',#2383,#2374,#2874,.T.);
#1991=EDGE_CURVE('',#2383,#2382,#2875,.T.);
#1992=EDGE_CURVE('',#2383,#2375,#140,.T.);
#1993=EDGE_CURVE('',#2330,#2337,#141,.F.);
#1994=EDGE_CURVE('',#2384,#2379,#2876,.T.);
#1995=EDGE_CURVE('',#2379,#2385,#2877,.T.);
#1996=EDGE_CURVE('',#2385,#2386,#142,.F.);
#1997=EDGE_CURVE('',#2387,#2386,#2878,.T.);
#1998=EDGE_CURVE('',#2384,#2387,#2879,.T.);
#1999=EDGE_CURVE('',#2388,#2376,#2880,.T.);
#2000=EDGE_CURVE('',#2388,#2384,#2881,.T.);
#2001=EDGE_CURVE('',#2389,#2380,#2882,.T.);
#2002=EDGE_CURVE('',#2389,#2388,#2883,.T.);
#2003=EDGE_CURVE('',#2390,#2381,#2884,.T.);
#2004=EDGE_CURVE('',#2390,#2389,#2885,.T.);
#2005=EDGE_CURVE('',#2391,#2382,#2886,.T.);
#2006=EDGE_CURVE('',#2391,#2390,#2887,.T.);
#2007=EDGE_CURVE('',#2391,#2383,#143,.T.);
#2008=EDGE_CURVE('',#2338,#2345,#144,.F.);
#2009=EDGE_CURVE('',#2392,#2110,#2888,.T.);
#2010=EDGE_CURVE('',#2392,#2387,#2889,.T.);
#2011=EDGE_CURVE('',#2387,#2393,#2890,.T.);
#2012=EDGE_CURVE('',#2393,#2113,#145,.F.);
#2013=EDGE_CURVE('',#2394,#2384,#2891,.T.);
#2014=EDGE_CURVE('',#2394,#2392,#2892,.T.);
#2015=EDGE_CURVE('',#2395,#2388,#2893,.T.);
#2016=EDGE_CURVE('',#2395,#2394,#2894,.T.);
#2017=EDGE_CURVE('',#2396,#2389,#2895,.T.);
#2018=EDGE_CURVE('',#2396,#2395,#2896,.T.);
#2019=EDGE_CURVE('',#2397,#2390,#2897,.T.);
#2020=EDGE_CURVE('',#2397,#2396,#2898,.T.);
#2021=EDGE_CURVE('',#2397,#2391,#146,.T.);
#2022=EDGE_CURVE('',#2346,#2353,#147,.F.);
#2023=EDGE_CURVE('',#2398,#2108,#2899,.T.);
#2024=EDGE_CURVE('',#2398,#2392,#2900,.T.);
#2025=EDGE_CURVE('',#2399,#2394,#2901,.T.);
#2026=EDGE_CURVE('',#2399,#2398,#2902,.T.);
#2027=EDGE_CURVE('',#2400,#2395,#2903,.T.);
#2028=EDGE_CURVE('',#2400,#2399,#2904,.T.);
#2029=EDGE_CURVE('',#2401,#2396,#2905,.T.);
#2030=EDGE_CURVE('',#2401,#2400,#2906,.T.);
#2031=EDGE_CURVE('',#2401,#2397,#148,.T.);
#2032=EDGE_CURVE('',#2354,#2361,#149,.F.);
#2033=EDGE_CURVE('',#2402,#2106,#2907,.T.);
#2034=EDGE_CURVE('',#2402,#2398,#2908,.T.);
#2035=EDGE_CURVE('',#2403,#2399,#2909,.T.);
#2036=EDGE_CURVE('',#2403,#2402,#2910,.T.);
#2037=EDGE_CURVE('',#2404,#2400,#2911,.T.);
#2038=EDGE_CURVE('',#2404,#2403,#2912,.T.);
#2039=EDGE_CURVE('',#2404,#2401,#150,.T.);
#2040=EDGE_CURVE('',#2362,#2369,#151,.F.);
#2041=EDGE_CURVE('',#2405,#2104,#2913,.T.);
#2042=EDGE_CURVE('',#2405,#2402,#2914,.T.);
#2043=EDGE_CURVE('',#2406,#2403,#2915,.T.);
#2044=EDGE_CURVE('',#2406,#2405,#2916,.T.);
#2045=EDGE_CURVE('',#2406,#2404,#152,.T.);
#2046=EDGE_CURVE('',#2370,#2377,#153,.F.);
#2047=EDGE_CURVE('',#2407,#2102,#2917,.T.);
#2048=EDGE_CURVE('',#2407,#2405,#2918,.T.);
#2049=EDGE_CURVE('',#2407,#2406,#154,.T.);
#2050=EDGE_CURVE('',#2378,#2385,#155,.F.);
#2051=EDGE_CURVE('',#2101,#2407,#156,.T.);
#2052=EDGE_CURVE('',#2408,#2408,#157,.T.);
#2053=EDGE_CURVE('',#2409,#2410,#24,.T.);
#2054=EDGE_CURVE('',#2411,#2409,#25,.T.);
#2055=EDGE_CURVE('',#2412,#2411,#26,.T.);
#2056=EDGE_CURVE('',#2410,#2412,#158,.T.);
#2057=EDGE_CURVE('',#2413,#2413,#159,.T.);
#2058=EDGE_CURVE('',#2414,#2414,#160,.T.);
#2059=EDGE_CURVE('',#2415,#2415,#161,.F.);
#2060=EDGE_CURVE('',#2416,#2416,#162,.T.);
#2061=EDGE_CURVE('',#2417,#2417,#163,.F.);
#2062=EDGE_CURVE('',#2418,#2418,#164,.T.);
#2063=EDGE_CURVE('',#2419,#2419,#165,.T.);
#2064=EDGE_CURVE('',#2420,#2420,#166,.T.);
#2065=EDGE_CURVE('',#2421,#2421,#167,.T.);
#2066=EDGE_CURVE('',#2422,#2422,#168,.T.);
#2067=EDGE_CURVE('',#2423,#2423,#169,.T.);
#2068=EDGE_CURVE('',#2424,#2424,#170,.T.);
#2069=EDGE_CURVE('',#2425,#2425,#171,.F.);
#2070=EDGE_CURVE('',#2386,#2393,#172,.F.);
#2071=EDGE_CURVE('',#2426,#2426,#173,.T.);
#2072=EDGE_CURVE('',#2427,#2427,#174,.T.);
#2073=EDGE_CURVE('',#2428,#2428,#175,.F.);
#2074=EDGE_CURVE('',#2429,#2429,#176,.T.);
#2075=EDGE_CURVE('',#2430,#2430,#177,.F.);
#2076=EDGE_CURVE('',#2431,#2431,#178,.T.);
#2077=EDGE_CURVE('',#2432,#2432,#179,.T.);
#2078=EDGE_CURVE('',#2433,#2433,#180,.T.);
#2079=EDGE_CURVE('',#2434,#2435,#181,.T.);
#2080=EDGE_CURVE('',#2435,#2436,#27,.T.);
#2081=EDGE_CURVE('',#2436,#2437,#28,.T.);
#2082=EDGE_CURVE('',#2437,#2434,#29,.F.);
#2083=EDGE_CURVE('',#2434,#2410,#2919,.T.);
#2084=EDGE_CURVE('',#2435,#2412,#2920,.T.);
#2085=EDGE_CURVE('',#2438,#2438,#182,.F.);
#2086=EDGE_CURVE('',#2436,#2411,#2921,.T.);
#2087=EDGE_CURVE('',#2437,#2409,#2922,.T.);
#2088=VERTEX_POINT('',#5564);
#2089=VERTEX_POINT('',#5565);
#2090=VERTEX_POINT('',#5571);
#2091=VERTEX_POINT('',#5573);
#2092=VERTEX_POINT('',#5579);
#2093=VERTEX_POINT('',#5591);
#2094=VERTEX_POINT('',#5592);
#2095=VERTEX_POINT('',#5609);
#2096=VERTEX_POINT('',#5610);
#2097=VERTEX_POINT('',#5627);
#2098=VERTEX_POINT('',#5628);
#2099=VERTEX_POINT('',#5645);
#2100=VERTEX_POINT('',#5646);
#2101=VERTEX_POINT('',#5659);
#2102=VERTEX_POINT('',#5671);
#2103=VERTEX_POINT('',#5677);
#2104=VERTEX_POINT('',#5689);
#2105=VERTEX_POINT('',#5695);
#2106=VERTEX_POINT('',#5707);
#2107=VERTEX_POINT('',#5713);
#2108=VERTEX_POINT('',#5725);
#2109=VERTEX_POINT('',#5731);
#2110=VERTEX_POINT('',#5743);
#2111=VERTEX_POINT('',#5749);
#2112=VERTEX_POINT('',#5751);
#2113=VERTEX_POINT('',#5763);
#2114=VERTEX_POINT('',#5771);
#2115=VERTEX_POINT('',#5777);
#2116=VERTEX_POINT('',#5779);
#2117=VERTEX_POINT('',#5785);
#2118=VERTEX_POINT('',#5797);
#2119=VERTEX_POINT('',#5809);
#2120=VERTEX_POINT('',#5821);
#2121=VERTEX_POINT('',#5833);
#2122=VERTEX_POINT('',#5847);
#2123=VERTEX_POINT('',#5859);
#2124=VERTEX_POINT('',#5871);
#2125=VERTEX_POINT('',#5883);
#2126=VERTEX_POINT('',#5885);
#2127=VERTEX_POINT('',#5899);
#2128=VERTEX_POINT('',#5905);
#2129=VERTEX_POINT('',#5907);
#2130=VERTEX_POINT('',#5913);
#2131=VERTEX_POINT('',#5925);
#2132=VERTEX_POINT('',#5937);
#2133=VERTEX_POINT('',#5949);
#2134=VERTEX_POINT('',#5961);
#2135=VERTEX_POINT('',#5975);
#2136=VERTEX_POINT('',#5987);
#2137=VERTEX_POINT('',#5999);
#2138=VERTEX_POINT('',#6001);
#2139=VERTEX_POINT('',#6015);
#2140=VERTEX_POINT('',#6021);
#2141=VERTEX_POINT('',#6023);
#2142=VERTEX_POINT('',#6029);
#2143=VERTEX_POINT('',#6041);
#2144=VERTEX_POINT('',#6053);
#2145=VERTEX_POINT('',#6065);
#2146=VERTEX_POINT('',#6077);
#2147=VERTEX_POINT('',#6091);
#2148=VERTEX_POINT('',#6103);
#2149=VERTEX_POINT('',#6105);
#2150=VERTEX_POINT('',#6119);
#2151=VERTEX_POINT('',#6125);
#2152=VERTEX_POINT('',#6127);
#2153=VERTEX_POINT('',#6133);
#2154=VERTEX_POINT('',#6145);
#2155=VERTEX_POINT('',#6157);
#2156=VERTEX_POINT('',#6169);
#2157=VERTEX_POINT('',#6181);
#2158=VERTEX_POINT('',#6195);
#2159=VERTEX_POINT('',#6197);
#2160=VERTEX_POINT('',#6211);
#2161=VERTEX_POINT('',#6217);
#2162=VERTEX_POINT('',#6219);
#2163=VERTEX_POINT('',#6225);
#2164=VERTEX_POINT('',#6237);
#2165=VERTEX_POINT('',#6249);
#2166=VERTEX_POINT('',#6261);
#2167=VERTEX_POINT('',#6273);
#2168=VERTEX_POINT('',#6289);
#2169=VERTEX_POINT('',#6295);
#2170=VERTEX_POINT('',#6297);
#2171=VERTEX_POINT('',#6303);
#2172=VERTEX_POINT('',#6315);
#2173=VERTEX_POINT('',#6327);
#2174=VERTEX_POINT('',#6339);
#2175=VERTEX_POINT('',#6351);
#2176=VERTEX_POINT('',#6367);
#2177=VERTEX_POINT('',#6373);
#2178=VERTEX_POINT('',#6375);
#2179=VERTEX_POINT('',#6381);
#2180=VERTEX_POINT('',#6393);
#2181=VERTEX_POINT('',#6405);
#2182=VERTEX_POINT('',#6417);
#2183=VERTEX_POINT('',#6429);
#2184=VERTEX_POINT('',#6445);
#2185=VERTEX_POINT('',#6451);
#2186=VERTEX_POINT('',#6453);
#2187=VERTEX_POINT('',#6459);
#2188=VERTEX_POINT('',#6471);
#2189=VERTEX_POINT('',#6483);
#2190=VERTEX_POINT('',#6495);
#2191=VERTEX_POINT('',#6507);
#2192=VERTEX_POINT('',#6523);
#2193=VERTEX_POINT('',#6529);
#2194=VERTEX_POINT('',#6531);
#2195=VERTEX_POINT('',#6537);
#2196=VERTEX_POINT('',#6549);
#2197=VERTEX_POINT('',#6561);
#2198=VERTEX_POINT('',#6573);
#2199=VERTEX_POINT('',#6585);
#2200=VERTEX_POINT('',#6601);
#2201=VERTEX_POINT('',#6607);
#2202=VERTEX_POINT('',#6609);
#2203=VERTEX_POINT('',#6615);
#2204=VERTEX_POINT('',#6627);
#2205=VERTEX_POINT('',#6639);
#2206=VERTEX_POINT('',#6651);
#2207=VERTEX_POINT('',#6663);
#2208=VERTEX_POINT('',#6679);
#2209=VERTEX_POINT('',#6685);
#2210=VERTEX_POINT('',#6687);
#2211=VERTEX_POINT('',#6693);
#2212=VERTEX_POINT('',#6705);
#2213=VERTEX_POINT('',#6717);
#2214=VERTEX_POINT('',#6729);
#2215=VERTEX_POINT('',#6741);
#2216=VERTEX_POINT('',#6757);
#2217=VERTEX_POINT('',#6763);
#2218=VERTEX_POINT('',#6765);
#2219=VERTEX_POINT('',#6771);
#2220=VERTEX_POINT('',#6783);
#2221=VERTEX_POINT('',#6795);
#2222=VERTEX_POINT('',#6807);
#2223=VERTEX_POINT('',#6819);
#2224=VERTEX_POINT('',#6835);
#2225=VERTEX_POINT('',#6841);
#2226=VERTEX_POINT('',#6843);
#2227=VERTEX_POINT('',#6849);
#2228=VERTEX_POINT('',#6861);
#2229=VERTEX_POINT('',#6873);
#2230=VERTEX_POINT('',#6885);
#2231=VERTEX_POINT('',#6897);
#2232=VERTEX_POINT('',#6913);
#2233=VERTEX_POINT('',#6919);
#2234=VERTEX_POINT('',#6921);
#2235=VERTEX_POINT('',#6927);
#2236=VERTEX_POINT('',#6939);
#2237=VERTEX_POINT('',#6951);
#2238=VERTEX_POINT('',#6963);
#2239=VERTEX_POINT('',#6975);
#2240=VERTEX_POINT('',#6991);
#2241=VERTEX_POINT('',#6997);
#2242=VERTEX_POINT('',#6999);
#2243=VERTEX_POINT('',#7005);
#2244=VERTEX_POINT('',#7017);
#2245=VERTEX_POINT('',#7029);
#2246=VERTEX_POINT('',#7041);
#2247=VERTEX_POINT('',#7053);
#2248=VERTEX_POINT('',#7069);
#2249=VERTEX_POINT('',#7075);
#2250=VERTEX_POINT('',#7077);
#2251=VERTEX_POINT('',#7083);
#2252=VERTEX_POINT('',#7095);
#2253=VERTEX_POINT('',#7107);
#2254=VERTEX_POINT('',#7119);
#2255=VERTEX_POINT('',#7131);
#2256=VERTEX_POINT('',#7147);
#2257=VERTEX_POINT('',#7153);
#2258=VERTEX_POINT('',#7155);
#2259=VERTEX_POINT('',#7161);
#2260=VERTEX_POINT('',#7173);
#2261=VERTEX_POINT('',#7185);
#2262=VERTEX_POINT('',#7197);
#2263=VERTEX_POINT('',#7209);
#2264=VERTEX_POINT('',#7225);
#2265=VERTEX_POINT('',#7231);
#2266=VERTEX_POINT('',#7233);
#2267=VERTEX_POINT('',#7239);
#2268=VERTEX_POINT('',#7251);
#2269=VERTEX_POINT('',#7263);
#2270=VERTEX_POINT('',#7275);
#2271=VERTEX_POINT('',#7287);
#2272=VERTEX_POINT('',#7303);
#2273=VERTEX_POINT('',#7309);
#2274=VERTEX_POINT('',#7311);
#2275=VERTEX_POINT('',#7317);
#2276=VERTEX_POINT('',#7329);
#2277=VERTEX_POINT('',#7341);
#2278=VERTEX_POINT('',#7353);
#2279=VERTEX_POINT('',#7365);
#2280=VERTEX_POINT('',#7381);
#2281=VERTEX_POINT('',#7387);
#2282=VERTEX_POINT('',#7389);
#2283=VERTEX_POINT('',#7395);
#2284=VERTEX_POINT('',#7407);
#2285=VERTEX_POINT('',#7419);
#2286=VERTEX_POINT('',#7431);
#2287=VERTEX_POINT('',#7443);
#2288=VERTEX_POINT('',#7459);
#2289=VERTEX_POINT('',#7465);
#2290=VERTEX_POINT('',#7467);
#2291=VERTEX_POINT('',#7473);
#2292=VERTEX_POINT('',#7485);
#2293=VERTEX_POINT('',#7497);
#2294=VERTEX_POINT('',#7509);
#2295=VERTEX_POINT('',#7521);
#2296=VERTEX_POINT('',#7537);
#2297=VERTEX_POINT('',#7543);
#2298=VERTEX_POINT('',#7545);
#2299=VERTEX_POINT('',#7551);
#2300=VERTEX_POINT('',#7563);
#2301=VERTEX_POINT('',#7575);
#2302=VERTEX_POINT('',#7587);
#2303=VERTEX_POINT('',#7599);
#2304=VERTEX_POINT('',#7615);
#2305=VERTEX_POINT('',#7621);
#2306=VERTEX_POINT('',#7623);
#2307=VERTEX_POINT('',#7629);
#2308=VERTEX_POINT('',#7641);
#2309=VERTEX_POINT('',#7653);
#2310=VERTEX_POINT('',#7665);
#2311=VERTEX_POINT('',#7677);
#2312=VERTEX_POINT('',#7693);
#2313=VERTEX_POINT('',#7699);
#2314=VERTEX_POINT('',#7701);
#2315=VERTEX_POINT('',#7707);
#2316=VERTEX_POINT('',#7719);
#2317=VERTEX_POINT('',#7731);
#2318=VERTEX_POINT('',#7743);
#2319=VERTEX_POINT('',#7755);
#2320=VERTEX_POINT('',#7771);
#2321=VERTEX_POINT('',#7777);
#2322=VERTEX_POINT('',#7779);
#2323=VERTEX_POINT('',#7785);
#2324=VERTEX_POINT('',#7797);
#2325=VERTEX_POINT('',#7809);
#2326=VERTEX_POINT('',#7821);
#2327=VERTEX_POINT('',#7833);
#2328=VERTEX_POINT('',#7849);
#2329=VERTEX_POINT('',#7855);
#2330=VERTEX_POINT('',#7857);
#2331=VERTEX_POINT('',#7863);
#2332=VERTEX_POINT('',#7875);
#2333=VERTEX_POINT('',#7887);
#2334=VERTEX_POINT('',#7899);
#2335=VERTEX_POINT('',#7911);
#2336=VERTEX_POINT('',#7927);
#2337=VERTEX_POINT('',#7933);
#2338=VERTEX_POINT('',#7935);
#2339=VERTEX_POINT('',#7941);
#2340=VERTEX_POINT('',#7953);
#2341=VERTEX_POINT('',#7965);
#2342=VERTEX_POINT('',#7977);
#2343=VERTEX_POINT('',#7989);
#2344=VERTEX_POINT('',#8005);
#2345=VERTEX_POINT('',#8011);
#2346=VERTEX_POINT('',#8013);
#2347=VERTEX_POINT('',#8019);
#2348=VERTEX_POINT('',#8031);
#2349=VERTEX_POINT('',#8043);
#2350=VERTEX_POINT('',#8055);
#2351=VERTEX_POINT('',#8067);
#2352=VERTEX_POINT('',#8083);
#2353=VERTEX_POINT('',#8089);
#2354=VERTEX_POINT('',#8091);
#2355=VERTEX_POINT('',#8097);
#2356=VERTEX_POINT('',#8109);
#2357=VERTEX_POINT('',#8121);
#2358=VERTEX_POINT('',#8133);
#2359=VERTEX_POINT('',#8145);
#2360=VERTEX_POINT('',#8161);
#2361=VERTEX_POINT('',#8167);
#2362=VERTEX_POINT('',#8169);
#2363=VERTEX_POINT('',#8175);
#2364=VERTEX_POINT('',#8187);
#2365=VERTEX_POINT('',#8199);
#2366=VERTEX_POINT('',#8211);
#2367=VERTEX_POINT('',#8223);
#2368=VERTEX_POINT('',#8239);
#2369=VERTEX_POINT('',#8245);
#2370=VERTEX_POINT('',#8247);
#2371=VERTEX_POINT('',#8253);
#2372=VERTEX_POINT('',#8265);
#2373=VERTEX_POINT('',#8277);
#2374=VERTEX_POINT('',#8289);
#2375=VERTEX_POINT('',#8301);
#2376=VERTEX_POINT('',#8317);
#2377=VERTEX_POINT('',#8323);
#2378=VERTEX_POINT('',#8325);
#2379=VERTEX_POINT('',#8331);
#2380=VERTEX_POINT('',#8343);
#2381=VERTEX_POINT('',#8355);
#2382=VERTEX_POINT('',#8367);
#2383=VERTEX_POINT('',#8379);
#2384=VERTEX_POINT('',#8395);
#2385=VERTEX_POINT('',#8401);
#2386=VERTEX_POINT('',#8403);
#2387=VERTEX_POINT('',#8409);
#2388=VERTEX_POINT('',#8421);
#2389=VERTEX_POINT('',#8433);
#2390=VERTEX_POINT('',#8445);
#2391=VERTEX_POINT('',#8457);
#2392=VERTEX_POINT('',#8473);
#2393=VERTEX_POINT('',#8484);
#2394=VERTEX_POINT('',#8492);
#2395=VERTEX_POINT('',#8504);
#2396=VERTEX_POINT('',#8516);
#2397=VERTEX_POINT('',#8528);
#2398=VERTEX_POINT('',#8544);
#2399=VERTEX_POINT('',#8556);
#2400=VERTEX_POINT('',#8568);
#2401=VERTEX_POINT('',#8580);
#2402=VERTEX_POINT('',#8596);
#2403=VERTEX_POINT('',#8608);
#2404=VERTEX_POINT('',#8620);
#2405=VERTEX_POINT('',#8636);
#2406=VERTEX_POINT('',#8648);
#2407=VERTEX_POINT('',#8664);
#2408=VERTEX_POINT('',#8678);
#2409=VERTEX_POINT('',#8690);
#2410=VERTEX_POINT('',#8691);
#2411=VERTEX_POINT('',#8700);
#2412=VERTEX_POINT('',#8712);
#2413=VERTEX_POINT('',#8716);
#2414=VERTEX_POINT('',#8718);
#2415=VERTEX_POINT('',#8721);
#2416=VERTEX_POINT('',#8724);
#2417=VERTEX_POINT('',#8726);
#2418=VERTEX_POINT('',#8729);
#2419=VERTEX_POINT('',#8731);
#2420=VERTEX_POINT('',#8734);
#2421=VERTEX_POINT('',#8737);
#2422=VERTEX_POINT('',#8740);
#2423=VERTEX_POINT('',#8743);
#2424=VERTEX_POINT('',#8746);
#2425=VERTEX_POINT('',#8748);
#2426=VERTEX_POINT('',#8753);
#2427=VERTEX_POINT('',#8756);
#2428=VERTEX_POINT('',#8759);
#2429=VERTEX_POINT('',#8761);
#2430=VERTEX_POINT('',#8764);
#2431=VERTEX_POINT('',#8766);
#2432=VERTEX_POINT('',#8769);
#2433=VERTEX_POINT('',#8772);
#2434=VERTEX_POINT('',#8775);
#2435=VERTEX_POINT('',#8776);
#2436=VERTEX_POINT('',#8788);
#2437=VERTEX_POINT('',#8799);
#2438=VERTEX_POINT('',#9083);
#2439=(
BOUNDED_CURVE()
B_SPLINE_CURVE(2,(#5559,#5560,#5561,#5562,#5563),.UNSPECIFIED.,.F.,.F.)
B_SPLINE_CURVE_WITH_KNOTS((3,2,3),(0.,0.5,1.),.PIECEWISE_BEZIER_KNOTS.)
CURVE()
GEOMETRIC_REPRESENTATION_ITEM()
RATIONAL_B_SPLINE_CURVE((1.,0.98078528040323,1.,0.98078528040323,1.))
REPRESENTATION_ITEM('')
);
#2440=(
BOUNDED_CURVE()
B_SPLINE_CURVE(2,(#5566,#5567,#5568,#5569,#5570),.UNSPECIFIED.,.F.,.F.)
B_SPLINE_CURVE_WITH_KNOTS((3,2,3),(0.,0.5,1.),.PIECEWISE_BEZIER_KNOTS.)
CURVE()
GEOMETRIC_REPRESENTATION_ITEM()
RATIONAL_B_SPLINE_CURVE((1.,0.98078528040323,1.,0.98078528040323,1.))
REPRESENTATION_ITEM('')
);
#2441=(
BOUNDED_CURVE()
B_SPLINE_CURVE(2,(#5574,#5575,#5576,#5577,#5578),.UNSPECIFIED.,.F.,.F.)
B_SPLINE_CURVE_WITH_KNOTS((3,2,3),(0.,0.5,1.),.PIECEWISE_BEZIER_KNOTS.)
CURVE()
GEOMETRIC_REPRESENTATION_ITEM()
RATIONAL_B_SPLINE_CURVE((1.,0.98078528040323,1.,0.98078528040323,1.))
REPRESENTATION_ITEM('')
);
#2442=(
BOUNDED_CURVE()
B_SPLINE_CURVE(2,(#5580,#5581,#5582,#5583,#5584),.UNSPECIFIED.,.F.,.F.)
B_SPLINE_CURVE_WITH_KNOTS((3,2,3),(0.,0.5,1.),.PIECEWISE_BEZIER_KNOTS.)
CURVE()
GEOMETRIC_REPRESENTATION_ITEM()
RATIONAL_B_SPLINE_CURVE((1.,0.98078528040323,1.,0.98078528040323,1.))
REPRESENTATION_ITEM('')
);
#2443=(
BOUNDED_CURVE()
B_SPLINE_CURVE(2,(#5586,#5587,#5588,#5589,#5590),.UNSPECIFIED.,.F.,.F.)
B_SPLINE_CURVE_WITH_KNOTS((3,2,3),(0.,0.5,1.),.PIECEWISE_BEZIER_KNOTS.)
CURVE()
GEOMETRIC_REPRESENTATION_ITEM()
RATIONAL_B_SPLINE_CURVE((1.,0.98078528040323,1.,0.98078528040323,1.))
REPRESENTATION_ITEM('')
);
#2444=(
BOUNDED_CURVE()
B_SPLINE_CURVE(2,(#5593,#5594,#5595,#5596,#5597),.UNSPECIFIED.,.F.,.F.)
B_SPLINE_CURVE_WITH_KNOTS((3,2,3),(0.,0.5,1.),.PIECEWISE_BEZIER_KNOTS.)
CURVE()
GEOMETRIC_REPRESENTATION_ITEM()
RATIONAL_B_SPLINE_CURVE((1.,0.98078528040323,1.,0.98078528040323,1.))
REPRESENTATION_ITEM('')
);
#2445=(
BOUNDED_CURVE()
B_SPLINE_CURVE(2,(#5598,#5599,#5600,#5601,#5602),.UNSPECIFIED.,.F.,.F.)
B_SPLINE_CURVE_WITH_KNOTS((3,2,3),(0.,0.5,1.),.PIECEWISE_BEZIER_KNOTS.)
CURVE()
GEOMETRIC_REPRESENTATION_ITEM()
RATIONAL_B_SPLINE_CURVE((1.,0.98078528040323,1.,0.98078528040323,1.))
REPRESENTATION_ITEM('')
);
#2446=(
BOUNDED_CURVE()
B_SPLINE_CURVE(2,(#5604,#5605,#5606,#5607,#5608),.UNSPECIFIED.,.F.,.F.)
B_SPLINE_CURVE_WITH_KNOTS((3,2,3),(0.,0.5,1.),.PIECEWISE_BEZIER_KNOTS.)
CURVE()
GEOMETRIC_REPRESENTATION_ITEM()
RATIONAL_B_SPLINE_CURVE((1.,0.98078528040323,1.,0.98078528040323,1.))
REPRESENTATION_ITEM('')
);
#2447=(
BOUNDED_CURVE()
B_SPLINE_CURVE(2,(#5611,#5612,#5613,#5614,#5615),.UNSPECIFIED.,.F.,.F.)
B_SPLINE_CURVE_WITH_KNOTS((3,2,3),(0.,0.5,1.),.PIECEWISE_BEZIER_KNOTS.)
CURVE()
GEOMETRIC_REPRESENTATION_ITEM()
RATIONAL_B_SPLINE_CURVE((1.,0.98078528040323,1.,0.98078528040323,1.))
REPRESENTATION_ITEM('')
);
#2448=(
BOUNDED_CURVE()
B_SPLINE_CURVE(2,(#5616,#5617,#5618,#5619,#5620),.UNSPECIFIED.,.F.,.F.)
B_SPLINE_CURVE_WITH_KNOTS((3,2,3),(0.,0.5,1.),.PIECEWISE_BEZIER_KNOTS.)
CURVE()
GEOMETRIC_REPRESENTATION_ITEM()
RATIONAL_B_SPLINE_CURVE((1.,0.98078528040323,1.,0.98078528040323,1.))
REPRESENTATION_ITEM('')
);
#2449=(
BOUNDED_CURVE()
B_SPLINE_CURVE(2,(#5622,#5623,#5624,#5625,#5626),.UNSPECIFIED.,.F.,.F.)
B_SPLINE_CURVE_WITH_KNOTS((3,2,3),(0.,0.5,1.),.PIECEWISE_BEZIER_KNOTS.)
CURVE()
GEOMETRIC_REPRESENTATION_ITEM()
RATIONAL_B_SPLINE_CURVE((1.,0.98078528040323,1.,0.98078528040323,1.))
REPRESENTATION_ITEM('')
);
#2450=(
BOUNDED_CURVE()
B_SPLINE_CURVE(2,(#5629,#5630,#5631,#5632,#5633),.UNSPECIFIED.,.F.,.F.)
B_SPLINE_CURVE_WITH_KNOTS((3,2,3),(0.,0.5,1.),.PIECEWISE_BEZIER_KNOTS.)
CURVE()
GEOMETRIC_REPRESENTATION_ITEM()
RATIONAL_B_SPLINE_CURVE((1.,0.98078528040323,1.,0.98078528040323,1.))
REPRESENTATION_ITEM('')
);
#2451=(
BOUNDED_CURVE()
B_SPLINE_CURVE(2,(#5634,#5635,#5636,#5637,#5638),.UNSPECIFIED.,.F.,.F.)
B_SPLINE_CURVE_WITH_KNOTS((3,2,3),(0.,0.5,1.),.PIECEWISE_BEZIER_KNOTS.)
CURVE()
GEOMETRIC_REPRESENTATION_ITEM()
RATIONAL_B_SPLINE_CURVE((1.,0.98078528040323,1.,0.98078528040323,1.))
REPRESENTATION_ITEM('')
);
#2452=(
BOUNDED_CURVE()
B_SPLINE_CURVE(2,(#5640,#5641,#5642,#5643,#5644),.UNSPECIFIED.,.F.,.F.)
B_SPLINE_CURVE_WITH_KNOTS((3,2,3),(0.,0.5,1.),.PIECEWISE_BEZIER_KNOTS.)
CURVE()
GEOMETRIC_REPRESENTATION_ITEM()
RATIONAL_B_SPLINE_CURVE((1.,0.98078528040323,1.,0.98078528040323,1.))
REPRESENTATION_ITEM('')
);
#2453=(
BOUNDED_CURVE()
B_SPLINE_CURVE(2,(#5647,#5648,#5649,#5650,#5651),.UNSPECIFIED.,.F.,.F.)
B_SPLINE_CURVE_WITH_KNOTS((3,2,3),(0.,0.5,1.),.PIECEWISE_BEZIER_KNOTS.)
CURVE()
GEOMETRIC_REPRESENTATION_ITEM()
RATIONAL_B_SPLINE_CURVE((1.,0.98078528040323,1.,0.98078528040323,1.))
REPRESENTATION_ITEM('')
);
#2454=(
BOUNDED_CURVE()
B_SPLINE_CURVE(2,(#5652,#5653,#5654,#5655,#5656),.UNSPECIFIED.,.F.,.F.)
B_SPLINE_CURVE_WITH_KNOTS((3,2,3),(0.,0.5,1.),.PIECEWISE_BEZIER_KNOTS.)
CURVE()
GEOMETRIC_REPRESENTATION_ITEM()
RATIONAL_B_SPLINE_CURVE((1.,0.98078528040323,1.,0.98078528040323,1.))
REPRESENTATION_ITEM('')
);
#2455=(
BOUNDED_CURVE()
B_SPLINE_CURVE(2,(#5660,#5661,#5662,#5663,#5664),.UNSPECIFIED.,.F.,.F.)
B_SPLINE_CURVE_WITH_KNOTS((3,2,3),(0.,0.5,1.),.PIECEWISE_BEZIER_KNOTS.)
CURVE()
GEOMETRIC_REPRESENTATION_ITEM()
RATIONAL_B_SPLINE_CURVE((1.,0.98078528040323,1.,0.98078528040323,1.))
REPRESENTATION_ITEM('')
);
#2456=(
BOUNDED_CURVE()
B_SPLINE_CURVE(2,(#5666,#5667,#5668,#5669,#5670),.UNSPECIFIED.,.F.,.F.)
B_SPLINE_CURVE_WITH_KNOTS((3,2,3),(0.,0.5,1.),.PIECEWISE_BEZIER_KNOTS.)
CURVE()
GEOMETRIC_REPRESENTATION_ITEM()
RATIONAL_B_SPLINE_CURVE((1.,0.98078528040323,1.,0.98078528040323,1.))
REPRESENTATION_ITEM('')
);
#2457=(
BOUNDED_CURVE()
B_SPLINE_CURVE(2,(#5672,#5673,#5674,#5675,#5676),.UNSPECIFIED.,.F.,.F.)
B_SPLINE_CURVE_WITH_KNOTS((3,2,3),(0.,0.5,1.),.PIECEWISE_BEZIER_KNOTS.)
CURVE()
GEOMETRIC_REPRESENTATION_ITEM()
RATIONAL_B_SPLINE_CURVE((1.,0.98078528040323,1.,0.98078528040323,1.))
REPRESENTATION_ITEM('')
);
#2458=(
BOUNDED_CURVE()
B_SPLINE_CURVE(2,(#5678,#5679,#5680,#5681,#5682),.UNSPECIFIED.,.F.,.F.)
B_SPLINE_CURVE_WITH_KNOTS((3,2,3),(0.,0.5,1.),.PIECEWISE_BEZIER_KNOTS.)
CURVE()
GEOMETRIC_REPRESENTATION_ITEM()
RATIONAL_B_SPLINE_CURVE((1.,0.98078528040323,1.,0.98078528040323,1.))
REPRESENTATION_ITEM('')
);
#2459=(
BOUNDED_CURVE()
B_SPLINE_CURVE(2,(#5684,#5685,#5686,#5687,#5688),.UNSPECIFIED.,.F.,.F.)
B_SPLINE_CURVE_WITH_KNOTS((3,2,3),(0.,0.5,1.),.PIECEWISE_BEZIER_KNOTS.)
CURVE()
GEOMETRIC_REPRESENTATION_ITEM()
RATIONAL_B_SPLINE_CURVE((1.,0.98078528040323,1.,0.98078528040323,1.))
REPRESENTATION_ITEM('')
);
#2460=(
BOUNDED_CURVE()
B_SPLINE_CURVE(2,(#5690,#5691,#5692,#5693,#5694),.UNSPECIFIED.,.F.,.F.)
B_SPLINE_CURVE_WITH_KNOTS((3,2,3),(0.,0.5,1.),.PIECEWISE_BEZIER_KNOTS.)
CURVE()
GEOMETRIC_REPRESENTATION_ITEM()
RATIONAL_B_SPLINE_CURVE((1.,0.98078528040323,1.,0.98078528040323,1.))
REPRESENTATION_ITEM('')
);
#2461=(
BOUNDED_CURVE()
B_SPLINE_CURVE(2,(#5696,#5697,#5698,#5699,#5700),.UNSPECIFIED.,.F.,.F.)
B_SPLINE_CURVE_WITH_KNOTS((3,2,3),(0.,0.5,1.),.PIECEWISE_BEZIER_KNOTS.)
CURVE()
GEOMETRIC_REPRESENTATION_ITEM()
RATIONAL_B_SPLINE_CURVE((1.,0.98078528040323,1.,0.98078528040323,1.))
REPRESENTATION_ITEM('')
);
#2462=(
BOUNDED_CURVE()
B_SPLINE_CURVE(2,(#5702,#5703,#5704,#5705,#5706),.UNSPECIFIED.,.F.,.F.)
B_SPLINE_CURVE_WITH_KNOTS((3,2,3),(0.,0.5,1.),.PIECEWISE_BEZIER_KNOTS.)
CURVE()
GEOMETRIC_REPRESENTATION_ITEM()
RATIONAL_B_SPLINE_CURVE((1.,0.98078528040323,1.,0.98078528040323,1.))
REPRESENTATION_ITEM('')
);
#2463=(
BOUNDED_CURVE()
B_SPLINE_CURVE(2,(#5708,#5709,#5710,#5711,#5712),.UNSPECIFIED.,.F.,.F.)
B_SPLINE_CURVE_WITH_KNOTS((3,2,3),(0.,0.5,1.),.PIECEWISE_BEZIER_KNOTS.)
CURVE()
GEOMETRIC_REPRESENTATION_ITEM()
RATIONAL_B_SPLINE_CURVE((1.,0.98078528040323,1.,0.98078528040323,1.))
REPRESENTATION_ITEM('')
);
#2464=(
BOUNDED_CURVE()
B_SPLINE_CURVE(2,(#5714,#5715,#5716,#5717,#5718),.UNSPECIFIED.,.F.,.F.)
B_SPLINE_CURVE_WITH_KNOTS((3,2,3),(0.,0.5,1.),.PIECEWISE_BEZIER_KNOTS.)
CURVE()
GEOMETRIC_REPRESENTATION_ITEM()
RATIONAL_B_SPLINE_CURVE((1.,0.98078528040323,1.,0.98078528040323,1.))
REPRESENTATION_ITEM('')
);
#2465=(
BOUNDED_CURVE()
B_SPLINE_CURVE(2,(#5720,#5721,#5722,#5723,#5724),.UNSPECIFIED.,.F.,.F.)
B_SPLINE_CURVE_WITH_KNOTS((3,2,3),(0.,0.5,1.),.PIECEWISE_BEZIER_KNOTS.)
CURVE()
GEOMETRIC_REPRESENTATION_ITEM()
RATIONAL_B_SPLINE_CURVE((1.,0.98078528040323,1.,0.98078528040323,1.))
REPRESENTATION_ITEM('')
);
#2466=(
BOUNDED_CURVE()
B_SPLINE_CURVE(2,(#5726,#5727,#5728,#5729,#5730),.UNSPECIFIED.,.F.,.F.)
B_SPLINE_CURVE_WITH_KNOTS((3,2,3),(0.,0.5,1.),.PIECEWISE_BEZIER_KNOTS.)
CURVE()
GEOMETRIC_REPRESENTATION_ITEM()
RATIONAL_B_SPLINE_CURVE((1.,0.98078528040323,1.,0.98078528040323,1.))
REPRESENTATION_ITEM('')
);
#2467=(
BOUNDED_CURVE()
B_SPLINE_CURVE(2,(#5732,#5733,#5734,#5735,#5736),.UNSPECIFIED.,.F.,.F.)
B_SPLINE_CURVE_WITH_KNOTS((3,2,3),(0.,0.5,1.),.PIECEWISE_BEZIER_KNOTS.)
CURVE()
GEOMETRIC_REPRESENTATION_ITEM()
RATIONAL_B_SPLINE_CURVE((1.,0.98078528040323,1.,0.98078528040323,1.))
REPRESENTATION_ITEM('')
);
#2468=(
BOUNDED_CURVE()
B_SPLINE_CURVE(2,(#5738,#5739,#5740,#5741,#5742),.UNSPECIFIED.,.F.,.F.)
B_SPLINE_CURVE_WITH_KNOTS((3,2,3),(0.,0.5,1.),.PIECEWISE_BEZIER_KNOTS.)
CURVE()
GEOMETRIC_REPRESENTATION_ITEM()
RATIONAL_B_SPLINE_CURVE((1.,0.98078528040323,1.,0.98078528040323,1.))
REPRESENTATION_ITEM('')
);
#2469=(
BOUNDED_CURVE()
B_SPLINE_CURVE(2,(#5744,#5745,#5746,#5747,#5748),.UNSPECIFIED.,.F.,.F.)
B_SPLINE_CURVE_WITH_KNOTS((3,2,3),(0.,0.5,1.),.PIECEWISE_BEZIER_KNOTS.)
CURVE()
GEOMETRIC_REPRESENTATION_ITEM()
RATIONAL_B_SPLINE_CURVE((1.,0.98078528040323,1.,0.98078528040323,1.))
REPRESENTATION_ITEM('')
);
#2470=(
BOUNDED_CURVE()
B_SPLINE_CURVE(2,(#5752,#5753,#5754,#5755,#5756),.UNSPECIFIED.,.F.,.F.)
B_SPLINE_CURVE_WITH_KNOTS((3,2,3),(0.,0.5,1.),.PIECEWISE_BEZIER_KNOTS.)
CURVE()
GEOMETRIC_REPRESENTATION_ITEM()
RATIONAL_B_SPLINE_CURVE((1.,0.98078528040323,1.,0.98078528040323,1.))
REPRESENTATION_ITEM('')
);
#2471=(
BOUNDED_CURVE()
B_SPLINE_CURVE(2,(#5758,#5759,#5760,#5761,#5762),.UNSPECIFIED.,.F.,.F.)
B_SPLINE_CURVE_WITH_KNOTS((3,2,3),(0.,0.5,1.),.PIECEWISE_BEZIER_KNOTS.)
CURVE()
GEOMETRIC_REPRESENTATION_ITEM()
RATIONAL_B_SPLINE_CURVE((1.,0.98078528040323,1.,0.98078528040323,1.))
REPRESENTATION_ITEM('')
);
#2472=(
BOUNDED_CURVE()
B_SPLINE_CURVE(2,(#5766,#5767,#5768,#5769,#5770),.UNSPECIFIED.,.F.,.F.)
B_SPLINE_CURVE_WITH_KNOTS((3,2,3),(0.,0.5,1.),.PIECEWISE_BEZIER_KNOTS.)
CURVE()
GEOMETRIC_REPRESENTATION_ITEM()
RATIONAL_B_SPLINE_CURVE((1.,0.98078528040323,1.,0.98078528040323,1.))
REPRESENTATION_ITEM('')
);
#2473=(
BOUNDED_CURVE()
B_SPLINE_CURVE(2,(#5772,#5773,#5774,#5775,#5776),.UNSPECIFIED.,.F.,.F.)
B_SPLINE_CURVE_WITH_KNOTS((3,2,3),(0.,0.5,1.),.PIECEWISE_BEZIER_KNOTS.)
CURVE()
GEOMETRIC_REPRESENTATION_ITEM()
RATIONAL_B_SPLINE_CURVE((1.,0.98078528040323,1.,0.98078528040323,1.))
REPRESENTATION_ITEM('')
);
#2474=(
BOUNDED_CURVE()
B_SPLINE_CURVE(2,(#5780,#5781,#5782,#5783,#5784),.UNSPECIFIED.,.F.,.F.)
B_SPLINE_CURVE_WITH_KNOTS((3,2,3),(0.,0.5,1.),.PIECEWISE_BEZIER_KNOTS.)
CURVE()
GEOMETRIC_REPRESENTATION_ITEM()
RATIONAL_B_SPLINE_CURVE((1.,0.98078528040323,1.,0.98078528040323,1.))
REPRESENTATION_ITEM('')
);
#2475=(
BOUNDED_CURVE()
B_SPLINE_CURVE(2,(#5786,#5787,#5788,#5789,#5790),.UNSPECIFIED.,.F.,.F.)
B_SPLINE_CURVE_WITH_KNOTS((3,2,3),(0.,0.5,1.),.PIECEWISE_BEZIER_KNOTS.)
CURVE()
GEOMETRIC_REPRESENTATION_ITEM()
RATIONAL_B_SPLINE_CURVE((1.,0.98078528040323,1.,0.98078528040323,1.))
REPRESENTATION_ITEM('')
);
#2476=(
BOUNDED_CURVE()
B_SPLINE_CURVE(2,(#5792,#5793,#5794,#5795,#5796),.UNSPECIFIED.,.F.,.F.)
B_SPLINE_CURVE_WITH_KNOTS((3,2,3),(0.,0.5,1.),.PIECEWISE_BEZIER_KNOTS.)
CURVE()
GEOMETRIC_REPRESENTATION_ITEM()
RATIONAL_B_SPLINE_CURVE((1.,0.98078528040323,1.,0.98078528040323,1.))
REPRESENTATION_ITEM('')
);
#2477=(
BOUNDED_CURVE()
B_SPLINE_CURVE(2,(#5798,#5799,#5800,#5801,#5802),.UNSPECIFIED.,.F.,.F.)
B_SPLINE_CURVE_WITH_KNOTS((3,2,3),(0.,0.5,1.),.PIECEWISE_BEZIER_KNOTS.)
CURVE()
GEOMETRIC_REPRESENTATION_ITEM()
RATIONAL_B_SPLINE_CURVE((1.,0.98078528040323,1.,0.98078528040323,1.))
REPRESENTATION_ITEM('')
);
#2478=(
BOUNDED_CURVE()
B_SPLINE_CURVE(2,(#5804,#5805,#5806,#5807,#5808),.UNSPECIFIED.,.F.,.F.)
B_SPLINE_CURVE_WITH_KNOTS((3,2,3),(0.,0.5,1.),.PIECEWISE_BEZIER_KNOTS.)
CURVE()
GEOMETRIC_REPRESENTATION_ITEM()
RATIONAL_B_SPLINE_CURVE((1.,0.98078528040323,1.,0.98078528040323,1.))
REPRESENTATION_ITEM('')
);
#2479=(
BOUNDED_CURVE()
B_SPLINE_CURVE(2,(#5810,#5811,#5812,#5813,#5814),.UNSPECIFIED.,.F.,.F.)
B_SPLINE_CURVE_WITH_KNOTS((3,2,3),(0.,0.5,1.),.PIECEWISE_BEZIER_KNOTS.)
CURVE()
GEOMETRIC_REPRESENTATION_ITEM()
RATIONAL_B_SPLINE_CURVE((1.,0.98078528040323,1.,0.98078528040323,1.))
REPRESENTATION_ITEM('')
);
#2480=(
BOUNDED_CURVE()
B_SPLINE_CURVE(2,(#5816,#5817,#5818,#5819,#5820),.UNSPECIFIED.,.F.,.F.)
B_SPLINE_CURVE_WITH_KNOTS((3,2,3),(0.,0.5,1.),.PIECEWISE_BEZIER_KNOTS.)
CURVE()
GEOMETRIC_REPRESENTATION_ITEM()
RATIONAL_B_SPLINE_CURVE((1.,0.98078528040323,1.,0.98078528040323,1.))
REPRESENTATION_ITEM('')
);
#2481=(
BOUNDED_CURVE()
B_SPLINE_CURVE(2,(#5822,#5823,#5824,#5825,#5826),.UNSPECIFIED.,.F.,.F.)
B_SPLINE_CURVE_WITH_KNOTS((3,2,3),(0.,0.5,1.),.PIECEWISE_BEZIER_KNOTS.)
CURVE()
GEOMETRIC_REPRESENTATION_ITEM()
RATIONAL_B_SPLINE_CURVE((1.,0.98078528040323,1.,0.98078528040323,1.))
REPRESENTATION_ITEM('')
);
#2482=(
BOUNDED_CURVE()
B_SPLINE_CURVE(2,(#5828,#5829,#5830,#5831,#5832),.UNSPECIFIED.,.F.,.F.)
B_SPLINE_CURVE_WITH_KNOTS((3,2,3),(0.,0.5,1.),.PIECEWISE_BEZIER_KNOTS.)
CURVE()
GEOMETRIC_REPRESENTATION_ITEM()
RATIONAL_B_SPLINE_CURVE((1.,0.98078528040323,1.,0.98078528040323,1.))
REPRESENTATION_ITEM('')
);
#2483=(
BOUNDED_CURVE()
B_SPLINE_CURVE(2,(#5834,#5835,#5836,#5837,#5838),.UNSPECIFIED.,.F.,.F.)
B_SPLINE_CURVE_WITH_KNOTS((3,2,3),(0.,0.5,1.),.PIECEWISE_BEZIER_KNOTS.)
CURVE()
GEOMETRIC_REPRESENTATION_ITEM()
RATIONAL_B_SPLINE_CURVE((1.,0.98078528040323,1.,0.98078528040323,1.))
REPRESENTATION_ITEM('')
);
#2484=(
BOUNDED_CURVE()
B_SPLINE_CURVE(2,(#5842,#5843,#5844,#5845,#5846),.UNSPECIFIED.,.F.,.F.)
B_SPLINE_CURVE_WITH_KNOTS((3,2,3),(0.,0.5,1.),.PIECEWISE_BEZIER_KNOTS.)
CURVE()
GEOMETRIC_REPRESENTATION_ITEM()
RATIONAL_B_SPLINE_CURVE((1.,0.98078528040323,1.,0.98078528040323,1.))
REPRESENTATION_ITEM('')
);
#2485=(
BOUNDED_CURVE()
B_SPLINE_CURVE(2,(#5848,#5849,#5850,#5851,#5852),.UNSPECIFIED.,.F.,.F.)
B_SPLINE_CURVE_WITH_KNOTS((3,2,3),(0.,0.5,1.),.PIECEWISE_BEZIER_KNOTS.)
CURVE()
GEOMETRIC_REPRESENTATION_ITEM()
RATIONAL_B_SPLINE_CURVE((1.,0.98078528040323,1.,0.98078528040323,1.))
REPRESENTATION_ITEM('')
);
#2486=(
BOUNDED_CURVE()
B_SPLINE_CURVE(2,(#5854,#5855,#5856,#5857,#5858),.UNSPECIFIED.,.F.,.F.)
B_SPLINE_CURVE_WITH_KNOTS((3,2,3),(0.,0.5,1.),.PIECEWISE_BEZIER_KNOTS.)
CURVE()
GEOMETRIC_REPRESENTATION_ITEM()
RATIONAL_B_SPLINE_CURVE((1.,0.98078528040323,1.,0.98078528040323,1.))
REPRESENTATION_ITEM('')
);
#2487=(
BOUNDED_CURVE()
B_SPLINE_CURVE(2,(#5860,#5861,#5862,#5863,#5864),.UNSPECIFIED.,.F.,.F.)
B_SPLINE_CURVE_WITH_KNOTS((3,2,3),(0.,0.5,1.),.PIECEWISE_BEZIER_KNOTS.)
CURVE()
GEOMETRIC_REPRESENTATION_ITEM()
RATIONAL_B_SPLINE_CURVE((1.,0.98078528040323,1.,0.98078528040323,1.))
REPRESENTATION_ITEM('')
);
#2488=(
BOUNDED_CURVE()
B_SPLINE_CURVE(2,(#5866,#5867,#5868,#5869,#5870),.UNSPECIFIED.,.F.,.F.)
B_SPLINE_CURVE_WITH_KNOTS((3,2,3),(0.,0.5,1.),.PIECEWISE_BEZIER_KNOTS.)
CURVE()
GEOMETRIC_REPRESENTATION_ITEM()
RATIONAL_B_SPLINE_CURVE((1.,0.98078528040323,1.,0.98078528040323,1.))
REPRESENTATION_ITEM('')
);
#2489=(
BOUNDED_CURVE()
B_SPLINE_CURVE(2,(#5872,#5873,#5874,#5875,#5876),.UNSPECIFIED.,.F.,.F.)
B_SPLINE_CURVE_WITH_KNOTS((3,2,3),(0.,0.5,1.),.PIECEWISE_BEZIER_KNOTS.)
CURVE()
GEOMETRIC_REPRESENTATION_ITEM()
RATIONAL_B_SPLINE_CURVE((1.,0.98078528040323,1.,0.98078528040323,1.))
REPRESENTATION_ITEM('')
);
#2490=(
BOUNDED_CURVE()
B_SPLINE_CURVE(2,(#5878,#5879,#5880,#5881,#5882),.UNSPECIFIED.,.F.,.F.)
B_SPLINE_CURVE_WITH_KNOTS((3,2,3),(0.,0.5,1.),.PIECEWISE_BEZIER_KNOTS.)
CURVE()
GEOMETRIC_REPRESENTATION_ITEM()
RATIONAL_B_SPLINE_CURVE((1.,0.98078528040323,1.,0.98078528040323,1.))
REPRESENTATION_ITEM('')
);
#2491=(
BOUNDED_CURVE()
B_SPLINE_CURVE(2,(#5886,#5887,#5888,#5889,#5890),.UNSPECIFIED.,.F.,.F.)
B_SPLINE_CURVE_WITH_KNOTS((3,2,3),(0.,0.5,1.),.PIECEWISE_BEZIER_KNOTS.)
CURVE()
GEOMETRIC_REPRESENTATION_ITEM()
RATIONAL_B_SPLINE_CURVE((1.,0.98078528040323,1.,0.98078528040323,1.))
REPRESENTATION_ITEM('')
);
#2492=(
BOUNDED_CURVE()
B_SPLINE_CURVE(2,(#5894,#5895,#5896,#5897,#5898),.UNSPECIFIED.,.F.,.F.)
B_SPLINE_CURVE_WITH_KNOTS((3,2,3),(0.,0.5,1.),.PIECEWISE_BEZIER_KNOTS.)
CURVE()
GEOMETRIC_REPRESENTATION_ITEM()
RATIONAL_B_SPLINE_CURVE((1.,0.98078528040323,1.,0.98078528040323,1.))
REPRESENTATION_ITEM('')
);
#2493=(
BOUNDED_CURVE()
B_SPLINE_CURVE(2,(#5900,#5901,#5902,#5903,#5904),.UNSPECIFIED.,.F.,.F.)
B_SPLINE_CURVE_WITH_KNOTS((3,2,3),(0.,0.5,1.),.PIECEWISE_BEZIER_KNOTS.)
CURVE()
GEOMETRIC_REPRESENTATION_ITEM()
RATIONAL_B_SPLINE_CURVE((1.,0.98078528040323,1.,0.98078528040323,1.))
REPRESENTATION_ITEM('')
);
#2494=(
BOUNDED_CURVE()
B_SPLINE_CURVE(2,(#5908,#5909,#5910,#5911,#5912),.UNSPECIFIED.,.F.,.F.)
B_SPLINE_CURVE_WITH_KNOTS((3,2,3),(0.,0.5,1.),.PIECEWISE_BEZIER_KNOTS.)
CURVE()
GEOMETRIC_REPRESENTATION_ITEM()
RATIONAL_B_SPLINE_CURVE((1.,0.98078528040323,1.,0.98078528040323,1.))
REPRESENTATION_ITEM('')
);
#2495=(
BOUNDED_CURVE()
B_SPLINE_CURVE(2,(#5914,#5915,#5916,#5917,#5918),.UNSPECIFIED.,.F.,.F.)
B_SPLINE_CURVE_WITH_KNOTS((3,2,3),(0.,0.5,1.),.PIECEWISE_BEZIER_KNOTS.)
CURVE()
GEOMETRIC_REPRESENTATION_ITEM()
RATIONAL_B_SPLINE_CURVE((1.,0.98078528040323,1.,0.98078528040323,1.))
REPRESENTATION_ITEM('')
);
#2496=(
BOUNDED_CURVE()
B_SPLINE_CURVE(2,(#5920,#5921,#5922,#5923,#5924),.UNSPECIFIED.,.F.,.F.)
B_SPLINE_CURVE_WITH_KNOTS((3,2,3),(0.,0.5,1.),.PIECEWISE_BEZIER_KNOTS.)
CURVE()
GEOMETRIC_REPRESENTATION_ITEM()
RATIONAL_B_SPLINE_CURVE((1.,0.98078528040323,1.,0.98078528040323,1.))
REPRESENTATION_ITEM('')
);
#2497=(
BOUNDED_CURVE()
B_SPLINE_CURVE(2,(#5926,#5927,#5928,#5929,#5930),.UNSPECIFIED.,.F.,.F.)
B_SPLINE_CURVE_WITH_KNOTS((3,2,3),(0.,0.5,1.),.PIECEWISE_BEZIER_KNOTS.)
CURVE()
GEOMETRIC_REPRESENTATION_ITEM()
RATIONAL_B_SPLINE_CURVE((1.,0.98078528040323,1.,0.98078528040323,1.))
REPRESENTATION_ITEM('')
);
#2498=(
BOUNDED_CURVE()
B_SPLINE_CURVE(2,(#5932,#5933,#5934,#5935,#5936),.UNSPECIFIED.,.F.,.F.)
B_SPLINE_CURVE_WITH_KNOTS((3,2,3),(0.,0.5,1.),.PIECEWISE_BEZIER_KNOTS.)
CURVE()
GEOMETRIC_REPRESENTATION_ITEM()
RATIONAL_B_SPLINE_CURVE((1.,0.98078528040323,1.,0.98078528040323,1.))
REPRESENTATION_ITEM('')
);
#2499=(
BOUNDED_CURVE()
B_SPLINE_CURVE(2,(#5938,#5939,#5940,#5941,#5942),.UNSPECIFIED.,.F.,.F.)
B_SPLINE_CURVE_WITH_KNOTS((3,2,3),(0.,0.5,1.),.PIECEWISE_BEZIER_KNOTS.)
CURVE()
GEOMETRIC_REPRESENTATION_ITEM()
RATIONAL_B_SPLINE_CURVE((1.,0.98078528040323,1.,0.98078528040323,1.))
REPRESENTATION_ITEM('')
);
#2500=(
BOUNDED_CURVE()
B_SPLINE_CURVE(2,(#5944,#5945,#5946,#5947,#5948),.UNSPECIFIED.,.F.,.F.)
B_SPLINE_CURVE_WITH_KNOTS((3,2,3),(0.,0.5,1.),.PIECEWISE_BEZIER_KNOTS.)
CURVE()
GEOMETRIC_REPRESENTATION_ITEM()
RATIONAL_B_SPLINE_CURVE((1.,0.98078528040323,1.,0.98078528040323,1.))
REPRESENTATION_ITEM('')
);
#2501=(
BOUNDED_CURVE()
B_SPLINE_CURVE(2,(#5950,#5951,#5952,#5953,#5954),.UNSPECIFIED.,.F.,.F.)
B_SPLINE_CURVE_WITH_KNOTS((3,2,3),(0.,0.5,1.),.PIECEWISE_BEZIER_KNOTS.)
CURVE()
GEOMETRIC_REPRESENTATION_ITEM()
RATIONAL_B_SPLINE_CURVE((1.,0.98078528040323,1.,0.98078528040323,1.))
REPRESENTATION_ITEM('')
);
#2502=(
BOUNDED_CURVE()
B_SPLINE_CURVE(2,(#5956,#5957,#5958,#5959,#5960),.UNSPECIFIED.,.F.,.F.)
B_SPLINE_CURVE_WITH_KNOTS((3,2,3),(0.,0.5,1.),.PIECEWISE_BEZIER_KNOTS.)
CURVE()
GEOMETRIC_REPRESENTATION_ITEM()
RATIONAL_B_SPLINE_CURVE((1.,0.98078528040323,1.,0.98078528040323,1.))
REPRESENTATION_ITEM('')
);
#2503=(
BOUNDED_CURVE()
B_SPLINE_CURVE(2,(#5962,#5963,#5964,#5965,#5966),.UNSPECIFIED.,.F.,.F.)
B_SPLINE_CURVE_WITH_KNOTS((3,2,3),(0.,0.5,1.),.PIECEWISE_BEZIER_KNOTS.)
CURVE()
GEOMETRIC_REPRESENTATION_ITEM()
RATIONAL_B_SPLINE_CURVE((1.,0.98078528040323,1.,0.98078528040323,1.))
REPRESENTATION_ITEM('')
);
#2504=(
BOUNDED_CURVE()
B_SPLINE_CURVE(2,(#5970,#5971,#5972,#5973,#5974),.UNSPECIFIED.,.F.,.F.)
B_SPLINE_CURVE_WITH_KNOTS((3,2,3),(0.,0.5,1.),.PIECEWISE_BEZIER_KNOTS.)
CURVE()
GEOMETRIC_REPRESENTATION_ITEM()
RATIONAL_B_SPLINE_CURVE((1.,0.98078528040323,1.,0.98078528040323,1.))
REPRESENTATION_ITEM('')
);
#2505=(
BOUNDED_CURVE()
B_SPLINE_CURVE(2,(#5976,#5977,#5978,#5979,#5980),.UNSPECIFIED.,.F.,.F.)
B_SPLINE_CURVE_WITH_KNOTS((3,2,3),(0.,0.5,1.),.PIECEWISE_BEZIER_KNOTS.)
CURVE()
GEOMETRIC_REPRESENTATION_ITEM()
RATIONAL_B_SPLINE_CURVE((1.,0.98078528040323,1.,0.98078528040323,1.))
REPRESENTATION_ITEM('')
);
#2506=(
BOUNDED_CURVE()
B_SPLINE_CURVE(2,(#5982,#5983,#5984,#5985,#5986),.UNSPECIFIED.,.F.,.F.)
B_SPLINE_CURVE_WITH_KNOTS((3,2,3),(0.,0.5,1.),.PIECEWISE_BEZIER_KNOTS.)
CURVE()
GEOMETRIC_REPRESENTATION_ITEM()
RATIONAL_B_SPLINE_CURVE((1.,0.98078528040323,1.,0.98078528040323,1.))
REPRESENTATION_ITEM('')
);
#2507=(
BOUNDED_CURVE()
B_SPLINE_CURVE(2,(#5988,#5989,#5990,#5991,#5992),.UNSPECIFIED.,.F.,.F.)
B_SPLINE_CURVE_WITH_KNOTS((3,2,3),(0.,0.5,1.),.PIECEWISE_BEZIER_KNOTS.)
CURVE()
GEOMETRIC_REPRESENTATION_ITEM()
RATIONAL_B_SPLINE_CURVE((1.,0.98078528040323,1.,0.98078528040323,1.))
REPRESENTATION_ITEM('')
);
#2508=(
BOUNDED_CURVE()
B_SPLINE_CURVE(2,(#5994,#5995,#5996,#5997,#5998),.UNSPECIFIED.,.F.,.F.)
B_SPLINE_CURVE_WITH_KNOTS((3,2,3),(0.,0.5,1.),.PIECEWISE_BEZIER_KNOTS.)
CURVE()
GEOMETRIC_REPRESENTATION_ITEM()
RATIONAL_B_SPLINE_CURVE((1.,0.98078528040323,1.,0.98078528040323,1.))
REPRESENTATION_ITEM('')
);
#2509=(
BOUNDED_CURVE()
B_SPLINE_CURVE(2,(#6002,#6003,#6004,#6005,#6006),.UNSPECIFIED.,.F.,.F.)
B_SPLINE_CURVE_WITH_KNOTS((3,2,3),(0.,0.5,1.),.PIECEWISE_BEZIER_KNOTS.)
CURVE()
GEOMETRIC_REPRESENTATION_ITEM()
RATIONAL_B_SPLINE_CURVE((1.,0.98078528040323,1.,0.98078528040323,1.))
REPRESENTATION_ITEM('')
);
#2510=(
BOUNDED_CURVE()
B_SPLINE_CURVE(2,(#6010,#6011,#6012,#6013,#6014),.UNSPECIFIED.,.F.,.F.)
B_SPLINE_CURVE_WITH_KNOTS((3,2,3),(0.,0.5,1.),.PIECEWISE_BEZIER_KNOTS.)
CURVE()
GEOMETRIC_REPRESENTATION_ITEM()
RATIONAL_B_SPLINE_CURVE((1.,0.98078528040323,1.,0.98078528040323,1.))
REPRESENTATION_ITEM('')
);
#2511=(
BOUNDED_CURVE()
B_SPLINE_CURVE(2,(#6016,#6017,#6018,#6019,#6020),.UNSPECIFIED.,.F.,.F.)
B_SPLINE_CURVE_WITH_KNOTS((3,2,3),(0.,0.5,1.),.PIECEWISE_BEZIER_KNOTS.)
CURVE()
GEOMETRIC_REPRESENTATION_ITEM()
RATIONAL_B_SPLINE_CURVE((1.,0.98078528040323,1.,0.98078528040323,1.))
REPRESENTATION_ITEM('')
);
#2512=(
BOUNDED_CURVE()
B_SPLINE_CURVE(2,(#6024,#6025,#6026,#6027,#6028),.UNSPECIFIED.,.F.,.F.)
B_SPLINE_CURVE_WITH_KNOTS((3,2,3),(0.,0.5,1.),.PIECEWISE_BEZIER_KNOTS.)
CURVE()
GEOMETRIC_REPRESENTATION_ITEM()
RATIONAL_B_SPLINE_CURVE((1.,0.98078528040323,1.,0.98078528040323,1.))
REPRESENTATION_ITEM('')
);
#2513=(
BOUNDED_CURVE()
B_SPLINE_CURVE(2,(#6030,#6031,#6032,#6033,#6034),.UNSPECIFIED.,.F.,.F.)
B_SPLINE_CURVE_WITH_KNOTS((3,2,3),(0.,0.5,1.),.PIECEWISE_BEZIER_KNOTS.)
CURVE()
GEOMETRIC_REPRESENTATION_ITEM()
RATIONAL_B_SPLINE_CURVE((1.,0.98078528040323,1.,0.98078528040323,1.))
REPRESENTATION_ITEM('')
);
#2514=(
BOUNDED_CURVE()
B_SPLINE_CURVE(2,(#6036,#6037,#6038,#6039,#6040),.UNSPECIFIED.,.F.,.F.)
B_SPLINE_CURVE_WITH_KNOTS((3,2,3),(0.,0.5,1.),.PIECEWISE_BEZIER_KNOTS.)
CURVE()
GEOMETRIC_REPRESENTATION_ITEM()
RATIONAL_B_SPLINE_CURVE((1.,0.98078528040323,1.,0.98078528040323,1.))
REPRESENTATION_ITEM('')
);
#2515=(
BOUNDED_CURVE()
B_SPLINE_CURVE(2,(#6042,#6043,#6044,#6045,#6046),.UNSPECIFIED.,.F.,.F.)
B_SPLINE_CURVE_WITH_KNOTS((3,2,3),(0.,0.5,1.),.PIECEWISE_BEZIER_KNOTS.)
CURVE()
GEOMETRIC_REPRESENTATION_ITEM()
RATIONAL_B_SPLINE_CURVE((1.,0.98078528040323,1.,0.98078528040323,1.))
REPRESENTATION_ITEM('')
);
#2516=(
BOUNDED_CURVE()
B_SPLINE_CURVE(2,(#6048,#6049,#6050,#6051,#6052),.UNSPECIFIED.,.F.,.F.)
B_SPLINE_CURVE_WITH_KNOTS((3,2,3),(0.,0.5,1.),.PIECEWISE_BEZIER_KNOTS.)
CURVE()
GEOMETRIC_REPRESENTATION_ITEM()
RATIONAL_B_SPLINE_CURVE((1.,0.98078528040323,1.,0.98078528040323,1.))
REPRESENTATION_ITEM('')
);
#2517=(
BOUNDED_CURVE()
B_SPLINE_CURVE(2,(#6054,#6055,#6056,#6057,#6058),.UNSPECIFIED.,.F.,.F.)
B_SPLINE_CURVE_WITH_KNOTS((3,2,3),(0.,0.5,1.),.PIECEWISE_BEZIER_KNOTS.)
CURVE()
GEOMETRIC_REPRESENTATION_ITEM()
RATIONAL_B_SPLINE_CURVE((1.,0.98078528040323,1.,0.98078528040323,1.))
REPRESENTATION_ITEM('')
);
#2518=(
BOUNDED_CURVE()
B_SPLINE_CURVE(2,(#6060,#6061,#6062,#6063,#6064),.UNSPECIFIED.,.F.,.F.)
B_SPLINE_CURVE_WITH_KNOTS((3,2,3),(0.,0.5,1.),.PIECEWISE_BEZIER_KNOTS.)
CURVE()
GEOMETRIC_REPRESENTATION_ITEM()
RATIONAL_B_SPLINE_CURVE((1.,0.98078528040323,1.,0.98078528040323,1.))
REPRESENTATION_ITEM('')
);
#2519=(
BOUNDED_CURVE()
B_SPLINE_CURVE(2,(#6066,#6067,#6068,#6069,#6070),.UNSPECIFIED.,.F.,.F.)
B_SPLINE_CURVE_WITH_KNOTS((3,2,3),(0.,0.5,1.),.PIECEWISE_BEZIER_KNOTS.)
CURVE()
GEOMETRIC_REPRESENTATION_ITEM()
RATIONAL_B_SPLINE_CURVE((1.,0.98078528040323,1.,0.98078528040323,1.))
REPRESENTATION_ITEM('')
);
#2520=(
BOUNDED_CURVE()
B_SPLINE_CURVE(2,(#6072,#6073,#6074,#6075,#6076),.UNSPECIFIED.,.F.,.F.)
B_SPLINE_CURVE_WITH_KNOTS((3,2,3),(0.,0.5,1.),.PIECEWISE_BEZIER_KNOTS.)
CURVE()
GEOMETRIC_REPRESENTATION_ITEM()
RATIONAL_B_SPLINE_CURVE((1.,0.98078528040323,1.,0.98078528040323,1.))
REPRESENTATION_ITEM('')
);
#2521=(
BOUNDED_CURVE()
B_SPLINE_CURVE(2,(#6078,#6079,#6080,#6081,#6082),.UNSPECIFIED.,.F.,.F.)
B_SPLINE_CURVE_WITH_KNOTS((3,2,3),(0.,0.5,1.),.PIECEWISE_BEZIER_KNOTS.)
CURVE()
GEOMETRIC_REPRESENTATION_ITEM()
RATIONAL_B_SPLINE_CURVE((1.,0.98078528040323,1.,0.98078528040323,1.))
REPRESENTATION_ITEM('')
);
#2522=(
BOUNDED_CURVE()
B_SPLINE_CURVE(2,(#6086,#6087,#6088,#6089,#6090),.UNSPECIFIED.,.F.,.F.)
B_SPLINE_CURVE_WITH_KNOTS((3,2,3),(0.,0.5,1.),.PIECEWISE_BEZIER_KNOTS.)
CURVE()
GEOMETRIC_REPRESENTATION_ITEM()
RATIONAL_B_SPLINE_CURVE((1.,0.98078528040323,1.,0.98078528040323,1.))
REPRESENTATION_ITEM('')
);
#2523=(
BOUNDED_CURVE()
B_SPLINE_CURVE(2,(#6092,#6093,#6094,#6095,#6096),.UNSPECIFIED.,.F.,.F.)
B_SPLINE_CURVE_WITH_KNOTS((3,2,3),(0.,0.5,1.),.PIECEWISE_BEZIER_KNOTS.)
CURVE()
GEOMETRIC_REPRESENTATION_ITEM()
RATIONAL_B_SPLINE_CURVE((1.,0.98078528040323,1.,0.98078528040323,1.))
REPRESENTATION_ITEM('')
);
#2524=(
BOUNDED_CURVE()
B_SPLINE_CURVE(2,(#6098,#6099,#6100,#6101,#6102),.UNSPECIFIED.,.F.,.F.)
B_SPLINE_CURVE_WITH_KNOTS((3,2,3),(0.,0.5,1.),.PIECEWISE_BEZIER_KNOTS.)
CURVE()
GEOMETRIC_REPRESENTATION_ITEM()
RATIONAL_B_SPLINE_CURVE((1.,0.98078528040323,1.,0.98078528040323,1.))
REPRESENTATION_ITEM('')
);
#2525=(
BOUNDED_CURVE()
B_SPLINE_CURVE(2,(#6106,#6107,#6108,#6109,#6110),.UNSPECIFIED.,.F.,.F.)
B_SPLINE_CURVE_WITH_KNOTS((3,2,3),(0.,0.5,1.),.PIECEWISE_BEZIER_KNOTS.)
CURVE()
GEOMETRIC_REPRESENTATION_ITEM()
RATIONAL_B_SPLINE_CURVE((1.,0.98078528040323,1.,0.98078528040323,1.))
REPRESENTATION_ITEM('')
);
#2526=(
BOUNDED_CURVE()
B_SPLINE_CURVE(2,(#6114,#6115,#6116,#6117,#6118),.UNSPECIFIED.,.F.,.F.)
B_SPLINE_CURVE_WITH_KNOTS((3,2,3),(0.,0.5,1.),.PIECEWISE_BEZIER_KNOTS.)
CURVE()
GEOMETRIC_REPRESENTATION_ITEM()
RATIONAL_B_SPLINE_CURVE((1.,0.98078528040323,1.,0.98078528040323,1.))
REPRESENTATION_ITEM('')
);
#2527=(
BOUNDED_CURVE()
B_SPLINE_CURVE(2,(#6120,#6121,#6122,#6123,#6124),.UNSPECIFIED.,.F.,.F.)
B_SPLINE_CURVE_WITH_KNOTS((3,2,3),(0.,0.5,1.),.PIECEWISE_BEZIER_KNOTS.)
CURVE()
GEOMETRIC_REPRESENTATION_ITEM()
RATIONAL_B_SPLINE_CURVE((1.,0.98078528040323,1.,0.98078528040323,1.))
REPRESENTATION_ITEM('')
);
#2528=(
BOUNDED_CURVE()
B_SPLINE_CURVE(2,(#6128,#6129,#6130,#6131,#6132),.UNSPECIFIED.,.F.,.F.)
B_SPLINE_CURVE_WITH_KNOTS((3,2,3),(0.,0.5,1.),.PIECEWISE_BEZIER_KNOTS.)
CURVE()
GEOMETRIC_REPRESENTATION_ITEM()
RATIONAL_B_SPLINE_CURVE((1.,0.98078528040323,1.,0.98078528040323,1.))
REPRESENTATION_ITEM('')
);
#2529=(
BOUNDED_CURVE()
B_SPLINE_CURVE(2,(#6134,#6135,#6136,#6137,#6138),.UNSPECIFIED.,.F.,.F.)
B_SPLINE_CURVE_WITH_KNOTS((3,2,3),(0.,0.5,1.),.PIECEWISE_BEZIER_KNOTS.)
CURVE()
GEOMETRIC_REPRESENTATION_ITEM()
RATIONAL_B_SPLINE_CURVE((1.,0.98078528040323,1.,0.98078528040323,1.))
REPRESENTATION_ITEM('')
);
#2530=(
BOUNDED_CURVE()
B_SPLINE_CURVE(2,(#6140,#6141,#6142,#6143,#6144),.UNSPECIFIED.,.F.,.F.)
B_SPLINE_CURVE_WITH_KNOTS((3,2,3),(0.,0.5,1.),.PIECEWISE_BEZIER_KNOTS.)
CURVE()
GEOMETRIC_REPRESENTATION_ITEM()
RATIONAL_B_SPLINE_CURVE((1.,0.98078528040323,1.,0.98078528040323,1.))
REPRESENTATION_ITEM('')
);
#2531=(
BOUNDED_CURVE()
B_SPLINE_CURVE(2,(#6146,#6147,#6148,#6149,#6150),.UNSPECIFIED.,.F.,.F.)
B_SPLINE_CURVE_WITH_KNOTS((3,2,3),(0.,0.5,1.),.PIECEWISE_BEZIER_KNOTS.)
CURVE()
GEOMETRIC_REPRESENTATION_ITEM()
RATIONAL_B_SPLINE_CURVE((1.,0.98078528040323,1.,0.98078528040323,1.))
REPRESENTATION_ITEM('')
);
#2532=(
BOUNDED_CURVE()
B_SPLINE_CURVE(2,(#6152,#6153,#6154,#6155,#6156),.UNSPECIFIED.,.F.,.F.)
B_SPLINE_CURVE_WITH_KNOTS((3,2,3),(0.,0.5,1.),.PIECEWISE_BEZIER_KNOTS.)
CURVE()
GEOMETRIC_REPRESENTATION_ITEM()
RATIONAL_B_SPLINE_CURVE((1.,0.98078528040323,1.,0.98078528040323,1.))
REPRESENTATION_ITEM('')
);
#2533=(
BOUNDED_CURVE()
B_SPLINE_CURVE(2,(#6158,#6159,#6160,#6161,#6162),.UNSPECIFIED.,.F.,.F.)
B_SPLINE_CURVE_WITH_KNOTS((3,2,3),(0.,0.5,1.),.PIECEWISE_BEZIER_KNOTS.)
CURVE()
GEOMETRIC_REPRESENTATION_ITEM()
RATIONAL_B_SPLINE_CURVE((1.,0.98078528040323,1.,0.98078528040323,1.))
REPRESENTATION_ITEM('')
);
#2534=(
BOUNDED_CURVE()
B_SPLINE_CURVE(2,(#6164,#6165,#6166,#6167,#6168),.UNSPECIFIED.,.F.,.F.)
B_SPLINE_CURVE_WITH_KNOTS((3,2,3),(0.,0.5,1.),.PIECEWISE_BEZIER_KNOTS.)
CURVE()
GEOMETRIC_REPRESENTATION_ITEM()
RATIONAL_B_SPLINE_CURVE((1.,0.98078528040323,1.,0.98078528040323,1.))
REPRESENTATION_ITEM('')
);
#2535=(
BOUNDED_CURVE()
B_SPLINE_CURVE(2,(#6170,#6171,#6172,#6173,#6174),.UNSPECIFIED.,.F.,.F.)
B_SPLINE_CURVE_WITH_KNOTS((3,2,3),(0.,0.5,1.),.PIECEWISE_BEZIER_KNOTS.)
CURVE()
GEOMETRIC_REPRESENTATION_ITEM()
RATIONAL_B_SPLINE_CURVE((1.,0.98078528040323,1.,0.98078528040323,1.))
REPRESENTATION_ITEM('')
);
#2536=(
BOUNDED_CURVE()
B_SPLINE_CURVE(2,(#6176,#6177,#6178,#6179,#6180),.UNSPECIFIED.,.F.,.F.)
B_SPLINE_CURVE_WITH_KNOTS((3,2,3),(0.,0.5,1.),.PIECEWISE_BEZIER_KNOTS.)
CURVE()
GEOMETRIC_REPRESENTATION_ITEM()
RATIONAL_B_SPLINE_CURVE((1.,0.98078528040323,1.,0.98078528040323,1.))
REPRESENTATION_ITEM('')
);
#2537=(
BOUNDED_CURVE()
B_SPLINE_CURVE(2,(#6182,#6183,#6184,#6185,#6186),.UNSPECIFIED.,.F.,.F.)
B_SPLINE_CURVE_WITH_KNOTS((3,2,3),(0.,0.5,1.),.PIECEWISE_BEZIER_KNOTS.)
CURVE()
GEOMETRIC_REPRESENTATION_ITEM()
RATIONAL_B_SPLINE_CURVE((1.,0.98078528040323,1.,0.98078528040323,1.))
REPRESENTATION_ITEM('')
);
#2538=(
BOUNDED_CURVE()
B_SPLINE_CURVE(2,(#6190,#6191,#6192,#6193,#6194),.UNSPECIFIED.,.F.,.F.)
B_SPLINE_CURVE_WITH_KNOTS((3,2,3),(0.,0.5,1.),.PIECEWISE_BEZIER_KNOTS.)
CURVE()
GEOMETRIC_REPRESENTATION_ITEM()
RATIONAL_B_SPLINE_CURVE((1.,0.98078528040323,1.,0.98078528040323,1.))
REPRESENTATION_ITEM('')
);
#2539=(
BOUNDED_CURVE()
B_SPLINE_CURVE(2,(#6198,#6199,#6200,#6201,#6202),.UNSPECIFIED.,.F.,.F.)
B_SPLINE_CURVE_WITH_KNOTS((3,2,3),(0.,0.5,1.),.PIECEWISE_BEZIER_KNOTS.)
CURVE()
GEOMETRIC_REPRESENTATION_ITEM()
RATIONAL_B_SPLINE_CURVE((1.,0.98078528040323,1.,0.98078528040323,1.))
REPRESENTATION_ITEM('')
);
#2540=(
BOUNDED_CURVE()
B_SPLINE_CURVE(2,(#6206,#6207,#6208,#6209,#6210),.UNSPECIFIED.,.F.,.F.)
B_SPLINE_CURVE_WITH_KNOTS((3,2,3),(0.,0.5,1.),.PIECEWISE_BEZIER_KNOTS.)
CURVE()
GEOMETRIC_REPRESENTATION_ITEM()
RATIONAL_B_SPLINE_CURVE((1.,0.98078528040323,1.,0.98078528040323,1.))
REPRESENTATION_ITEM('')
);
#2541=(
BOUNDED_CURVE()
B_SPLINE_CURVE(2,(#6212,#6213,#6214,#6215,#6216),.UNSPECIFIED.,.F.,.F.)
B_SPLINE_CURVE_WITH_KNOTS((3,2,3),(0.,0.5,1.),.PIECEWISE_BEZIER_KNOTS.)
CURVE()
GEOMETRIC_REPRESENTATION_ITEM()
RATIONAL_B_SPLINE_CURVE((1.,0.98078528040323,1.,0.98078528040323,1.))
REPRESENTATION_ITEM('')
);
#2542=(
BOUNDED_CURVE()
B_SPLINE_CURVE(2,(#6220,#6221,#6222,#6223,#6224),.UNSPECIFIED.,.F.,.F.)
B_SPLINE_CURVE_WITH_KNOTS((3,2,3),(0.,0.5,1.),.PIECEWISE_BEZIER_KNOTS.)
CURVE()
GEOMETRIC_REPRESENTATION_ITEM()
RATIONAL_B_SPLINE_CURVE((1.,0.98078528040323,1.,0.98078528040323,1.))
REPRESENTATION_ITEM('')
);
#2543=(
BOUNDED_CURVE()
B_SPLINE_CURVE(2,(#6226,#6227,#6228,#6229,#6230),.UNSPECIFIED.,.F.,.F.)
B_SPLINE_CURVE_WITH_KNOTS((3,2,3),(0.,0.5,1.),.PIECEWISE_BEZIER_KNOTS.)
CURVE()
GEOMETRIC_REPRESENTATION_ITEM()
RATIONAL_B_SPLINE_CURVE((1.,0.98078528040323,1.,0.98078528040323,1.))
REPRESENTATION_ITEM('')
);
#2544=(
BOUNDED_CURVE()
B_SPLINE_CURVE(2,(#6232,#6233,#6234,#6235,#6236),.UNSPECIFIED.,.F.,.F.)
B_SPLINE_CURVE_WITH_KNOTS((3,2,3),(0.,0.5,1.),.PIECEWISE_BEZIER_KNOTS.)
CURVE()
GEOMETRIC_REPRESENTATION_ITEM()
RATIONAL_B_SPLINE_CURVE((1.,0.98078528040323,1.,0.98078528040323,1.))
REPRESENTATION_ITEM('')
);
#2545=(
BOUNDED_CURVE()
B_SPLINE_CURVE(2,(#6238,#6239,#6240,#6241,#6242),.UNSPECIFIED.,.F.,.F.)
B_SPLINE_CURVE_WITH_KNOTS((3,2,3),(0.,0.5,1.),.PIECEWISE_BEZIER_KNOTS.)
CURVE()
GEOMETRIC_REPRESENTATION_ITEM()
RATIONAL_B_SPLINE_CURVE((1.,0.98078528040323,1.,0.98078528040323,1.))
REPRESENTATION_ITEM('')
);
#2546=(
BOUNDED_CURVE()
B_SPLINE_CURVE(2,(#6244,#6245,#6246,#6247,#6248),.UNSPECIFIED.,.F.,.F.)
B_SPLINE_CURVE_WITH_KNOTS((3,2,3),(0.,0.5,1.),.PIECEWISE_BEZIER_KNOTS.)
CURVE()
GEOMETRIC_REPRESENTATION_ITEM()
RATIONAL_B_SPLINE_CURVE((1.,0.98078528040323,1.,0.98078528040323,1.))
REPRESENTATION_ITEM('')
);
#2547=(
BOUNDED_CURVE()
B_SPLINE_CURVE(2,(#6250,#6251,#6252,#6253,#6254),.UNSPECIFIED.,.F.,.F.)
B_SPLINE_CURVE_WITH_KNOTS((3,2,3),(0.,0.5,1.),.PIECEWISE_BEZIER_KNOTS.)
CURVE()
GEOMETRIC_REPRESENTATION_ITEM()
RATIONAL_B_SPLINE_CURVE((1.,0.98078528040323,1.,0.98078528040323,1.))
REPRESENTATION_ITEM('')
);
#2548=(
BOUNDED_CURVE()
B_SPLINE_CURVE(2,(#6256,#6257,#6258,#6259,#6260),.UNSPECIFIED.,.F.,.F.)
B_SPLINE_CURVE_WITH_KNOTS((3,2,3),(0.,0.5,1.),.PIECEWISE_BEZIER_KNOTS.)
CURVE()
GEOMETRIC_REPRESENTATION_ITEM()
RATIONAL_B_SPLINE_CURVE((1.,0.98078528040323,1.,0.98078528040323,1.))
REPRESENTATION_ITEM('')
);
#2549=(
BOUNDED_CURVE()
B_SPLINE_CURVE(2,(#6262,#6263,#6264,#6265,#6266),.UNSPECIFIED.,.F.,.F.)
B_SPLINE_CURVE_WITH_KNOTS((3,2,3),(0.,0.5,1.),.PIECEWISE_BEZIER_KNOTS.)
CURVE()
GEOMETRIC_REPRESENTATION_ITEM()
RATIONAL_B_SPLINE_CURVE((1.,0.98078528040323,1.,0.98078528040323,1.))
REPRESENTATION_ITEM('')
);
#2550=(
BOUNDED_CURVE()
B_SPLINE_CURVE(2,(#6268,#6269,#6270,#6271,#6272),.UNSPECIFIED.,.F.,.F.)
B_SPLINE_CURVE_WITH_KNOTS((3,2,3),(0.,0.5,1.),.PIECEWISE_BEZIER_KNOTS.)
CURVE()
GEOMETRIC_REPRESENTATION_ITEM()
RATIONAL_B_SPLINE_CURVE((1.,0.98078528040323,1.,0.98078528040323,1.))
REPRESENTATION_ITEM('')
);
#2551=(
BOUNDED_CURVE()
B_SPLINE_CURVE(2,(#6274,#6275,#6276,#6277,#6278),.UNSPECIFIED.,.F.,.F.)
B_SPLINE_CURVE_WITH_KNOTS((3,2,3),(0.,0.5,1.),.PIECEWISE_BEZIER_KNOTS.)
CURVE()
GEOMETRIC_REPRESENTATION_ITEM()
RATIONAL_B_SPLINE_CURVE((1.,0.98078528040323,1.,0.98078528040323,1.))
REPRESENTATION_ITEM('')
);
#2552=(
BOUNDED_CURVE()
B_SPLINE_CURVE(2,(#6284,#6285,#6286,#6287,#6288),.UNSPECIFIED.,.F.,.F.)
B_SPLINE_CURVE_WITH_KNOTS((3,2,3),(0.,0.5,1.),.PIECEWISE_BEZIER_KNOTS.)
CURVE()
GEOMETRIC_REPRESENTATION_ITEM()
RATIONAL_B_SPLINE_CURVE((1.,0.98078528040323,1.,0.98078528040323,1.))
REPRESENTATION_ITEM('')
);
#2553=(
BOUNDED_CURVE()
B_SPLINE_CURVE(2,(#6290,#6291,#6292,#6293,#6294),.UNSPECIFIED.,.F.,.F.)
B_SPLINE_CURVE_WITH_KNOTS((3,2,3),(0.,0.5,1.),.PIECEWISE_BEZIER_KNOTS.)
CURVE()
GEOMETRIC_REPRESENTATION_ITEM()
RATIONAL_B_SPLINE_CURVE((1.,0.98078528040323,1.,0.98078528040323,1.))
REPRESENTATION_ITEM('')
);
#2554=(
BOUNDED_CURVE()
B_SPLINE_CURVE(2,(#6298,#6299,#6300,#6301,#6302),.UNSPECIFIED.,.F.,.F.)
B_SPLINE_CURVE_WITH_KNOTS((3,2,3),(0.,0.5,1.),.PIECEWISE_BEZIER_KNOTS.)
CURVE()
GEOMETRIC_REPRESENTATION_ITEM()
RATIONAL_B_SPLINE_CURVE((1.,0.98078528040323,1.,0.98078528040323,1.))
REPRESENTATION_ITEM('')
);
#2555=(
BOUNDED_CURVE()
B_SPLINE_CURVE(2,(#6304,#6305,#6306,#6307,#6308),.UNSPECIFIED.,.F.,.F.)
B_SPLINE_CURVE_WITH_KNOTS((3,2,3),(0.,0.5,1.),.PIECEWISE_BEZIER_KNOTS.)
CURVE()
GEOMETRIC_REPRESENTATION_ITEM()
RATIONAL_B_SPLINE_CURVE((1.,0.98078528040323,1.,0.98078528040323,1.))
REPRESENTATION_ITEM('')
);
#2556=(
BOUNDED_CURVE()
B_SPLINE_CURVE(2,(#6310,#6311,#6312,#6313,#6314),.UNSPECIFIED.,.F.,.F.)
B_SPLINE_CURVE_WITH_KNOTS((3,2,3),(0.,0.5,1.),.PIECEWISE_BEZIER_KNOTS.)
CURVE()
GEOMETRIC_REPRESENTATION_ITEM()
RATIONAL_B_SPLINE_CURVE((1.,0.98078528040323,1.,0.98078528040323,1.))
REPRESENTATION_ITEM('')
);
#2557=(
BOUNDED_CURVE()
B_SPLINE_CURVE(2,(#6316,#6317,#6318,#6319,#6320),.UNSPECIFIED.,.F.,.F.)
B_SPLINE_CURVE_WITH_KNOTS((3,2,3),(0.,0.5,1.),.PIECEWISE_BEZIER_KNOTS.)
CURVE()
GEOMETRIC_REPRESENTATION_ITEM()
RATIONAL_B_SPLINE_CURVE((1.,0.98078528040323,1.,0.98078528040323,1.))
REPRESENTATION_ITEM('')
);
#2558=(
BOUNDED_CURVE()
B_SPLINE_CURVE(2,(#6322,#6323,#6324,#6325,#6326),.UNSPECIFIED.,.F.,.F.)
B_SPLINE_CURVE_WITH_KNOTS((3,2,3),(0.,0.5,1.),.PIECEWISE_BEZIER_KNOTS.)
CURVE()
GEOMETRIC_REPRESENTATION_ITEM()
RATIONAL_B_SPLINE_CURVE((1.,0.98078528040323,1.,0.98078528040323,1.))
REPRESENTATION_ITEM('')
);
#2559=(
BOUNDED_CURVE()
B_SPLINE_CURVE(2,(#6328,#6329,#6330,#6331,#6332),.UNSPECIFIED.,.F.,.F.)
B_SPLINE_CURVE_WITH_KNOTS((3,2,3),(0.,0.5,1.),.PIECEWISE_BEZIER_KNOTS.)
CURVE()
GEOMETRIC_REPRESENTATION_ITEM()
RATIONAL_B_SPLINE_CURVE((1.,0.98078528040323,1.,0.98078528040323,1.))
REPRESENTATION_ITEM('')
);
#2560=(
BOUNDED_CURVE()
B_SPLINE_CURVE(2,(#6334,#6335,#6336,#6337,#6338),.UNSPECIFIED.,.F.,.F.)
B_SPLINE_CURVE_WITH_KNOTS((3,2,3),(0.,0.5,1.),.PIECEWISE_BEZIER_KNOTS.)
CURVE()
GEOMETRIC_REPRESENTATION_ITEM()
RATIONAL_B_SPLINE_CURVE((1.,0.98078528040323,1.,0.98078528040323,1.))
REPRESENTATION_ITEM('')
);
#2561=(
BOUNDED_CURVE()
B_SPLINE_CURVE(2,(#6340,#6341,#6342,#6343,#6344),.UNSPECIFIED.,.F.,.F.)
B_SPLINE_CURVE_WITH_KNOTS((3,2,3),(0.,0.5,1.),.PIECEWISE_BEZIER_KNOTS.)
CURVE()
GEOMETRIC_REPRESENTATION_ITEM()
RATIONAL_B_SPLINE_CURVE((1.,0.98078528040323,1.,0.98078528040323,1.))
REPRESENTATION_ITEM('')
);
#2562=(
BOUNDED_CURVE()
B_SPLINE_CURVE(2,(#6346,#6347,#6348,#6349,#6350),.UNSPECIFIED.,.F.,.F.)
B_SPLINE_CURVE_WITH_KNOTS((3,2,3),(0.,0.5,1.),.PIECEWISE_BEZIER_KNOTS.)
CURVE()
GEOMETRIC_REPRESENTATION_ITEM()
RATIONAL_B_SPLINE_CURVE((1.,0.98078528040323,1.,0.98078528040323,1.))
REPRESENTATION_ITEM('')
);
#2563=(
BOUNDED_CURVE()
B_SPLINE_CURVE(2,(#6352,#6353,#6354,#6355,#6356),.UNSPECIFIED.,.F.,.F.)
B_SPLINE_CURVE_WITH_KNOTS((3,2,3),(0.,0.5,1.),.PIECEWISE_BEZIER_KNOTS.)
CURVE()
GEOMETRIC_REPRESENTATION_ITEM()
RATIONAL_B_SPLINE_CURVE((1.,0.98078528040323,1.,0.98078528040323,1.))
REPRESENTATION_ITEM('')
);
#2564=(
BOUNDED_CURVE()
B_SPLINE_CURVE(2,(#6362,#6363,#6364,#6365,#6366),.UNSPECIFIED.,.F.,.F.)
B_SPLINE_CURVE_WITH_KNOTS((3,2,3),(0.,0.5,1.),.PIECEWISE_BEZIER_KNOTS.)
CURVE()
GEOMETRIC_REPRESENTATION_ITEM()
RATIONAL_B_SPLINE_CURVE((1.,0.98078528040323,1.,0.98078528040323,1.))
REPRESENTATION_ITEM('')
);
#2565=(
BOUNDED_CURVE()
B_SPLINE_CURVE(2,(#6368,#6369,#6370,#6371,#6372),.UNSPECIFIED.,.F.,.F.)
B_SPLINE_CURVE_WITH_KNOTS((3,2,3),(0.,0.5,1.),.PIECEWISE_BEZIER_KNOTS.)
CURVE()
GEOMETRIC_REPRESENTATION_ITEM()
RATIONAL_B_SPLINE_CURVE((1.,0.98078528040323,1.,0.98078528040323,1.))
REPRESENTATION_ITEM('')
);
#2566=(
BOUNDED_CURVE()
B_SPLINE_CURVE(2,(#6376,#6377,#6378,#6379,#6380),.UNSPECIFIED.,.F.,.F.)
B_SPLINE_CURVE_WITH_KNOTS((3,2,3),(0.,0.5,1.),.PIECEWISE_BEZIER_KNOTS.)
CURVE()
GEOMETRIC_REPRESENTATION_ITEM()
RATIONAL_B_SPLINE_CURVE((1.,0.98078528040323,1.,0.98078528040323,1.))
REPRESENTATION_ITEM('')
);
#2567=(
BOUNDED_CURVE()
B_SPLINE_CURVE(2,(#6382,#6383,#6384,#6385,#6386),.UNSPECIFIED.,.F.,.F.)
B_SPLINE_CURVE_WITH_KNOTS((3,2,3),(0.,0.5,1.),.PIECEWISE_BEZIER_KNOTS.)
CURVE()
GEOMETRIC_REPRESENTATION_ITEM()
RATIONAL_B_SPLINE_CURVE((1.,0.98078528040323,1.,0.98078528040323,1.))
REPRESENTATION_ITEM('')
);
#2568=(
BOUNDED_CURVE()
B_SPLINE_CURVE(2,(#6388,#6389,#6390,#6391,#6392),.UNSPECIFIED.,.F.,.F.)
B_SPLINE_CURVE_WITH_KNOTS((3,2,3),(0.,0.5,1.),.PIECEWISE_BEZIER_KNOTS.)
CURVE()
GEOMETRIC_REPRESENTATION_ITEM()
RATIONAL_B_SPLINE_CURVE((1.,0.98078528040323,1.,0.98078528040323,1.))
REPRESENTATION_ITEM('')
);
#2569=(
BOUNDED_CURVE()
B_SPLINE_CURVE(2,(#6394,#6395,#6396,#6397,#6398),.UNSPECIFIED.,.F.,.F.)
B_SPLINE_CURVE_WITH_KNOTS((3,2,3),(0.,0.5,1.),.PIECEWISE_BEZIER_KNOTS.)
CURVE()
GEOMETRIC_REPRESENTATION_ITEM()
RATIONAL_B_SPLINE_CURVE((1.,0.98078528040323,1.,0.98078528040323,1.))
REPRESENTATION_ITEM('')
);
#2570=(
BOUNDED_CURVE()
B_SPLINE_CURVE(2,(#6400,#6401,#6402,#6403,#6404),.UNSPECIFIED.,.F.,.F.)
B_SPLINE_CURVE_WITH_KNOTS((3,2,3),(0.,0.5,1.),.PIECEWISE_BEZIER_KNOTS.)
CURVE()
GEOMETRIC_REPRESENTATION_ITEM()
RATIONAL_B_SPLINE_CURVE((1.,0.98078528040323,1.,0.98078528040323,1.))
REPRESENTATION_ITEM('')
);
#2571=(
BOUNDED_CURVE()
B_SPLINE_CURVE(2,(#6406,#6407,#6408,#6409,#6410),.UNSPECIFIED.,.F.,.F.)
B_SPLINE_CURVE_WITH_KNOTS((3,2,3),(0.,0.5,1.),.PIECEWISE_BEZIER_KNOTS.)
CURVE()
GEOMETRIC_REPRESENTATION_ITEM()
RATIONAL_B_SPLINE_CURVE((1.,0.98078528040323,1.,0.98078528040323,1.))
REPRESENTATION_ITEM('')
);
#2572=(
BOUNDED_CURVE()
B_SPLINE_CURVE(2,(#6412,#6413,#6414,#6415,#6416),.UNSPECIFIED.,.F.,.F.)
B_SPLINE_CURVE_WITH_KNOTS((3,2,3),(0.,0.5,1.),.PIECEWISE_BEZIER_KNOTS.)
CURVE()
GEOMETRIC_REPRESENTATION_ITEM()
RATIONAL_B_SPLINE_CURVE((1.,0.98078528040323,1.,0.98078528040323,1.))
REPRESENTATION_ITEM('')
);
#2573=(
BOUNDED_CURVE()
B_SPLINE_CURVE(2,(#6418,#6419,#6420,#6421,#6422),.UNSPECIFIED.,.F.,.F.)
B_SPLINE_CURVE_WITH_KNOTS((3,2,3),(0.,0.5,1.),.PIECEWISE_BEZIER_KNOTS.)
CURVE()
GEOMETRIC_REPRESENTATION_ITEM()
RATIONAL_B_SPLINE_CURVE((1.,0.98078528040323,1.,0.98078528040323,1.))
REPRESENTATION_ITEM('')
);
#2574=(
BOUNDED_CURVE()
B_SPLINE_CURVE(2,(#6424,#6425,#6426,#6427,#6428),.UNSPECIFIED.,.F.,.F.)
B_SPLINE_CURVE_WITH_KNOTS((3,2,3),(0.,0.5,1.),.PIECEWISE_BEZIER_KNOTS.)
CURVE()
GEOMETRIC_REPRESENTATION_ITEM()
RATIONAL_B_SPLINE_CURVE((1.,0.98078528040323,1.,0.98078528040323,1.))
REPRESENTATION_ITEM('')
);
#2575=(
BOUNDED_CURVE()
B_SPLINE_CURVE(2,(#6430,#6431,#6432,#6433,#6434),.UNSPECIFIED.,.F.,.F.)
B_SPLINE_CURVE_WITH_KNOTS((3,2,3),(0.,0.5,1.),.PIECEWISE_BEZIER_KNOTS.)
CURVE()
GEOMETRIC_REPRESENTATION_ITEM()
RATIONAL_B_SPLINE_CURVE((1.,0.98078528040323,1.,0.98078528040323,1.))
REPRESENTATION_ITEM('')
);
#2576=(
BOUNDED_CURVE()
B_SPLINE_CURVE(2,(#6440,#6441,#6442,#6443,#6444),.UNSPECIFIED.,.F.,.F.)
B_SPLINE_CURVE_WITH_KNOTS((3,2,3),(0.,0.5,1.),.PIECEWISE_BEZIER_KNOTS.)
CURVE()
GEOMETRIC_REPRESENTATION_ITEM()
RATIONAL_B_SPLINE_CURVE((1.,0.98078528040323,1.,0.98078528040323,1.))
REPRESENTATION_ITEM('')
);
#2577=(
BOUNDED_CURVE()
B_SPLINE_CURVE(2,(#6446,#6447,#6448,#6449,#6450),.UNSPECIFIED.,.F.,.F.)
B_SPLINE_CURVE_WITH_KNOTS((3,2,3),(0.,0.5,1.),.PIECEWISE_BEZIER_KNOTS.)
CURVE()
GEOMETRIC_REPRESENTATION_ITEM()
RATIONAL_B_SPLINE_CURVE((1.,0.98078528040323,1.,0.98078528040323,1.))
REPRESENTATION_ITEM('')
);
#2578=(
BOUNDED_CURVE()
B_SPLINE_CURVE(2,(#6454,#6455,#6456,#6457,#6458),.UNSPECIFIED.,.F.,.F.)
B_SPLINE_CURVE_WITH_KNOTS((3,2,3),(0.,0.5,1.),.PIECEWISE_BEZIER_KNOTS.)
CURVE()
GEOMETRIC_REPRESENTATION_ITEM()
RATIONAL_B_SPLINE_CURVE((1.,0.98078528040323,1.,0.98078528040323,1.))
REPRESENTATION_ITEM('')
);
#2579=(
BOUNDED_CURVE()
B_SPLINE_CURVE(2,(#6460,#6461,#6462,#6463,#6464),.UNSPECIFIED.,.F.,.F.)
B_SPLINE_CURVE_WITH_KNOTS((3,2,3),(0.,0.5,1.),.PIECEWISE_BEZIER_KNOTS.)
CURVE()
GEOMETRIC_REPRESENTATION_ITEM()
RATIONAL_B_SPLINE_CURVE((1.,0.98078528040323,1.,0.98078528040323,1.))
REPRESENTATION_ITEM('')
);
#2580=(
BOUNDED_CURVE()
B_SPLINE_CURVE(2,(#6466,#6467,#6468,#6469,#6470),.UNSPECIFIED.,.F.,.F.)
B_SPLINE_CURVE_WITH_KNOTS((3,2,3),(0.,0.5,1.),.PIECEWISE_BEZIER_KNOTS.)
CURVE()
GEOMETRIC_REPRESENTATION_ITEM()
RATIONAL_B_SPLINE_CURVE((1.,0.98078528040323,1.,0.98078528040323,1.))
REPRESENTATION_ITEM('')
);
#2581=(
BOUNDED_CURVE()
B_SPLINE_CURVE(2,(#6472,#6473,#6474,#6475,#6476),.UNSPECIFIED.,.F.,.F.)
B_SPLINE_CURVE_WITH_KNOTS((3,2,3),(0.,0.5,1.),.PIECEWISE_BEZIER_KNOTS.)
CURVE()
GEOMETRIC_REPRESENTATION_ITEM()
RATIONAL_B_SPLINE_CURVE((1.,0.98078528040323,1.,0.98078528040323,1.))
REPRESENTATION_ITEM('')
);
#2582=(
BOUNDED_CURVE()
B_SPLINE_CURVE(2,(#6478,#6479,#6480,#6481,#6482),.UNSPECIFIED.,.F.,.F.)
B_SPLINE_CURVE_WITH_KNOTS((3,2,3),(0.,0.5,1.),.PIECEWISE_BEZIER_KNOTS.)
CURVE()
GEOMETRIC_REPRESENTATION_ITEM()
RATIONAL_B_SPLINE_CURVE((1.,0.98078528040323,1.,0.98078528040323,1.))
REPRESENTATION_ITEM('')
);
#2583=(
BOUNDED_CURVE()
B_SPLINE_CURVE(2,(#6484,#6485,#6486,#6487,#6488),.UNSPECIFIED.,.F.,.F.)
B_SPLINE_CURVE_WITH_KNOTS((3,2,3),(0.,0.5,1.),.PIECEWISE_BEZIER_KNOTS.)
CURVE()
GEOMETRIC_REPRESENTATION_ITEM()
RATIONAL_B_SPLINE_CURVE((1.,0.98078528040323,1.,0.98078528040323,1.))
REPRESENTATION_ITEM('')
);
#2584=(
BOUNDED_CURVE()
B_SPLINE_CURVE(2,(#6490,#6491,#6492,#6493,#6494),.UNSPECIFIED.,.F.,.F.)
B_SPLINE_CURVE_WITH_KNOTS((3,2,3),(0.,0.5,1.),.PIECEWISE_BEZIER_KNOTS.)
CURVE()
GEOMETRIC_REPRESENTATION_ITEM()
RATIONAL_B_SPLINE_CURVE((1.,0.98078528040323,1.,0.98078528040323,1.))
REPRESENTATION_ITEM('')
);
#2585=(
BOUNDED_CURVE()
B_SPLINE_CURVE(2,(#6496,#6497,#6498,#6499,#6500),.UNSPECIFIED.,.F.,.F.)
B_SPLINE_CURVE_WITH_KNOTS((3,2,3),(0.,0.5,1.),.PIECEWISE_BEZIER_KNOTS.)
CURVE()
GEOMETRIC_REPRESENTATION_ITEM()
RATIONAL_B_SPLINE_CURVE((1.,0.98078528040323,1.,0.98078528040323,1.))
REPRESENTATION_ITEM('')
);
#2586=(
BOUNDED_CURVE()
B_SPLINE_CURVE(2,(#6502,#6503,#6504,#6505,#6506),.UNSPECIFIED.,.F.,.F.)
B_SPLINE_CURVE_WITH_KNOTS((3,2,3),(0.,0.5,1.),.PIECEWISE_BEZIER_KNOTS.)
CURVE()
GEOMETRIC_REPRESENTATION_ITEM()
RATIONAL_B_SPLINE_CURVE((1.,0.98078528040323,1.,0.98078528040323,1.))
REPRESENTATION_ITEM('')
);
#2587=(
BOUNDED_CURVE()
B_SPLINE_CURVE(2,(#6508,#6509,#6510,#6511,#6512),.UNSPECIFIED.,.F.,.F.)
B_SPLINE_CURVE_WITH_KNOTS((3,2,3),(0.,0.5,1.),.PIECEWISE_BEZIER_KNOTS.)
CURVE()
GEOMETRIC_REPRESENTATION_ITEM()
RATIONAL_B_SPLINE_CURVE((1.,0.98078528040323,1.,0.98078528040323,1.))
REPRESENTATION_ITEM('')
);
#2588=(
BOUNDED_CURVE()
B_SPLINE_CURVE(2,(#6518,#6519,#6520,#6521,#6522),.UNSPECIFIED.,.F.,.F.)
B_SPLINE_CURVE_WITH_KNOTS((3,2,3),(0.,0.5,1.),.PIECEWISE_BEZIER_KNOTS.)
CURVE()
GEOMETRIC_REPRESENTATION_ITEM()
RATIONAL_B_SPLINE_CURVE((1.,0.98078528040323,1.,0.98078528040323,1.))
REPRESENTATION_ITEM('')
);
#2589=(
BOUNDED_CURVE()
B_SPLINE_CURVE(2,(#6524,#6525,#6526,#6527,#6528),.UNSPECIFIED.,.F.,.F.)
B_SPLINE_CURVE_WITH_KNOTS((3,2,3),(0.,0.5,1.),.PIECEWISE_BEZIER_KNOTS.)
CURVE()
GEOMETRIC_REPRESENTATION_ITEM()
RATIONAL_B_SPLINE_CURVE((1.,0.98078528040323,1.,0.98078528040323,1.))
REPRESENTATION_ITEM('')
);
#2590=(
BOUNDED_CURVE()
B_SPLINE_CURVE(2,(#6532,#6533,#6534,#6535,#6536),.UNSPECIFIED.,.F.,.F.)
B_SPLINE_CURVE_WITH_KNOTS((3,2,3),(0.,0.5,1.),.PIECEWISE_BEZIER_KNOTS.)
CURVE()
GEOMETRIC_REPRESENTATION_ITEM()
RATIONAL_B_SPLINE_CURVE((1.,0.98078528040323,1.,0.98078528040323,1.))
REPRESENTATION_ITEM('')
);
#2591=(
BOUNDED_CURVE()
B_SPLINE_CURVE(2,(#6538,#6539,#6540,#6541,#6542),.UNSPECIFIED.,.F.,.F.)
B_SPLINE_CURVE_WITH_KNOTS((3,2,3),(0.,0.5,1.),.PIECEWISE_BEZIER_KNOTS.)
CURVE()
GEOMETRIC_REPRESENTATION_ITEM()
RATIONAL_B_SPLINE_CURVE((1.,0.98078528040323,1.,0.98078528040323,1.))
REPRESENTATION_ITEM('')
);
#2592=(
BOUNDED_CURVE()
B_SPLINE_CURVE(2,(#6544,#6545,#6546,#6547,#6548),.UNSPECIFIED.,.F.,.F.)
B_SPLINE_CURVE_WITH_KNOTS((3,2,3),(0.,0.5,1.),.PIECEWISE_BEZIER_KNOTS.)
CURVE()
GEOMETRIC_REPRESENTATION_ITEM()
RATIONAL_B_SPLINE_CURVE((1.,0.98078528040323,1.,0.98078528040323,1.))
REPRESENTATION_ITEM('')
);
#2593=(
BOUNDED_CURVE()
B_SPLINE_CURVE(2,(#6550,#6551,#6552,#6553,#6554),.UNSPECIFIED.,.F.,.F.)
B_SPLINE_CURVE_WITH_KNOTS((3,2,3),(0.,0.5,1.),.PIECEWISE_BEZIER_KNOTS.)
CURVE()
GEOMETRIC_REPRESENTATION_ITEM()
RATIONAL_B_SPLINE_CURVE((1.,0.98078528040323,1.,0.98078528040323,1.))
REPRESENTATION_ITEM('')
);
#2594=(
BOUNDED_CURVE()
B_SPLINE_CURVE(2,(#6556,#6557,#6558,#6559,#6560),.UNSPECIFIED.,.F.,.F.)
B_SPLINE_CURVE_WITH_KNOTS((3,2,3),(0.,0.5,1.),.PIECEWISE_BEZIER_KNOTS.)
CURVE()
GEOMETRIC_REPRESENTATION_ITEM()
RATIONAL_B_SPLINE_CURVE((1.,0.98078528040323,1.,0.98078528040323,1.))
REPRESENTATION_ITEM('')
);
#2595=(
BOUNDED_CURVE()
B_SPLINE_CURVE(2,(#6562,#6563,#6564,#6565,#6566),.UNSPECIFIED.,.F.,.F.)
B_SPLINE_CURVE_WITH_KNOTS((3,2,3),(0.,0.5,1.),.PIECEWISE_BEZIER_KNOTS.)
CURVE()
GEOMETRIC_REPRESENTATION_ITEM()
RATIONAL_B_SPLINE_CURVE((1.,0.98078528040323,1.,0.98078528040323,1.))
REPRESENTATION_ITEM('')
);
#2596=(
BOUNDED_CURVE()
B_SPLINE_CURVE(2,(#6568,#6569,#6570,#6571,#6572),.UNSPECIFIED.,.F.,.F.)
B_SPLINE_CURVE_WITH_KNOTS((3,2,3),(0.,0.5,1.),.PIECEWISE_BEZIER_KNOTS.)
CURVE()
GEOMETRIC_REPRESENTATION_ITEM()
RATIONAL_B_SPLINE_CURVE((1.,0.98078528040323,1.,0.98078528040323,1.))
REPRESENTATION_ITEM('')
);
#2597=(
BOUNDED_CURVE()
B_SPLINE_CURVE(2,(#6574,#6575,#6576,#6577,#6578),.UNSPECIFIED.,.F.,.F.)
B_SPLINE_CURVE_WITH_KNOTS((3,2,3),(0.,0.5,1.),.PIECEWISE_BEZIER_KNOTS.)
CURVE()
GEOMETRIC_REPRESENTATION_ITEM()
RATIONAL_B_SPLINE_CURVE((1.,0.98078528040323,1.,0.98078528040323,1.))
REPRESENTATION_ITEM('')
);
#2598=(
BOUNDED_CURVE()
B_SPLINE_CURVE(2,(#6580,#6581,#6582,#6583,#6584),.UNSPECIFIED.,.F.,.F.)
B_SPLINE_CURVE_WITH_KNOTS((3,2,3),(0.,0.5,1.),.PIECEWISE_BEZIER_KNOTS.)
CURVE()
GEOMETRIC_REPRESENTATION_ITEM()
RATIONAL_B_SPLINE_CURVE((1.,0.98078528040323,1.,0.98078528040323,1.))
REPRESENTATION_ITEM('')
);
#2599=(
BOUNDED_CURVE()
B_SPLINE_CURVE(2,(#6586,#6587,#6588,#6589,#6590),.UNSPECIFIED.,.F.,.F.)
B_SPLINE_CURVE_WITH_KNOTS((3,2,3),(0.,0.5,1.),.PIECEWISE_BEZIER_KNOTS.)
CURVE()
GEOMETRIC_REPRESENTATION_ITEM()
RATIONAL_B_SPLINE_CURVE((1.,0.98078528040323,1.,0.98078528040323,1.))
REPRESENTATION_ITEM('')
);
#2600=(
BOUNDED_CURVE()
B_SPLINE_CURVE(2,(#6596,#6597,#6598,#6599,#6600),.UNSPECIFIED.,.F.,.F.)
B_SPLINE_CURVE_WITH_KNOTS((3,2,3),(0.,0.5,1.),.PIECEWISE_BEZIER_KNOTS.)
CURVE()
GEOMETRIC_REPRESENTATION_ITEM()
RATIONAL_B_SPLINE_CURVE((1.,0.98078528040323,1.,0.98078528040323,1.))
REPRESENTATION_ITEM('')
);
#2601=(
BOUNDED_CURVE()
B_SPLINE_CURVE(2,(#6602,#6603,#6604,#6605,#6606),.UNSPECIFIED.,.F.,.F.)
B_SPLINE_CURVE_WITH_KNOTS((3,2,3),(0.,0.5,1.),.PIECEWISE_BEZIER_KNOTS.)
CURVE()
GEOMETRIC_REPRESENTATION_ITEM()
RATIONAL_B_SPLINE_CURVE((1.,0.98078528040323,1.,0.98078528040323,1.))
REPRESENTATION_ITEM('')
);
#2602=(
BOUNDED_CURVE()
B_SPLINE_CURVE(2,(#6610,#6611,#6612,#6613,#6614),.UNSPECIFIED.,.F.,.F.)
B_SPLINE_CURVE_WITH_KNOTS((3,2,3),(0.,0.5,1.),.PIECEWISE_BEZIER_KNOTS.)
CURVE()
GEOMETRIC_REPRESENTATION_ITEM()
RATIONAL_B_SPLINE_CURVE((1.,0.98078528040323,1.,0.98078528040323,1.))
REPRESENTATION_ITEM('')
);
#2603=(
BOUNDED_CURVE()
B_SPLINE_CURVE(2,(#6616,#6617,#6618,#6619,#6620),.UNSPECIFIED.,.F.,.F.)
B_SPLINE_CURVE_WITH_KNOTS((3,2,3),(0.,0.5,1.),.PIECEWISE_BEZIER_KNOTS.)
CURVE()
GEOMETRIC_REPRESENTATION_ITEM()
RATIONAL_B_SPLINE_CURVE((1.,0.98078528040323,1.,0.98078528040323,1.))
REPRESENTATION_ITEM('')
);
#2604=(
BOUNDED_CURVE()
B_SPLINE_CURVE(2,(#6622,#6623,#6624,#6625,#6626),.UNSPECIFIED.,.F.,.F.)
B_SPLINE_CURVE_WITH_KNOTS((3,2,3),(0.,0.5,1.),.PIECEWISE_BEZIER_KNOTS.)
CURVE()
GEOMETRIC_REPRESENTATION_ITEM()
RATIONAL_B_SPLINE_CURVE((1.,0.98078528040323,1.,0.98078528040323,1.))
REPRESENTATION_ITEM('')
);
#2605=(
BOUNDED_CURVE()
B_SPLINE_CURVE(2,(#6628,#6629,#6630,#6631,#6632),.UNSPECIFIED.,.F.,.F.)
B_SPLINE_CURVE_WITH_KNOTS((3,2,3),(0.,0.5,1.),.PIECEWISE_BEZIER_KNOTS.)
CURVE()
GEOMETRIC_REPRESENTATION_ITEM()
RATIONAL_B_SPLINE_CURVE((1.,0.98078528040323,1.,0.98078528040323,1.))
REPRESENTATION_ITEM('')
);
#2606=(
BOUNDED_CURVE()
B_SPLINE_CURVE(2,(#6634,#6635,#6636,#6637,#6638),.UNSPECIFIED.,.F.,.F.)
B_SPLINE_CURVE_WITH_KNOTS((3,2,3),(0.,0.5,1.),.PIECEWISE_BEZIER_KNOTS.)
CURVE()
GEOMETRIC_REPRESENTATION_ITEM()
RATIONAL_B_SPLINE_CURVE((1.,0.98078528040323,1.,0.98078528040323,1.))
REPRESENTATION_ITEM('')
);
#2607=(
BOUNDED_CURVE()
B_SPLINE_CURVE(2,(#6640,#6641,#6642,#6643,#6644),.UNSPECIFIED.,.F.,.F.)
B_SPLINE_CURVE_WITH_KNOTS((3,2,3),(0.,0.5,1.),.PIECEWISE_BEZIER_KNOTS.)
CURVE()
GEOMETRIC_REPRESENTATION_ITEM()
RATIONAL_B_SPLINE_CURVE((1.,0.98078528040323,1.,0.98078528040323,1.))
REPRESENTATION_ITEM('')
);
#2608=(
BOUNDED_CURVE()
B_SPLINE_CURVE(2,(#6646,#6647,#6648,#6649,#6650),.UNSPECIFIED.,.F.,.F.)
B_SPLINE_CURVE_WITH_KNOTS((3,2,3),(0.,0.5,1.),.PIECEWISE_BEZIER_KNOTS.)
CURVE()
GEOMETRIC_REPRESENTATION_ITEM()
RATIONAL_B_SPLINE_CURVE((1.,0.98078528040323,1.,0.98078528040323,1.))
REPRESENTATION_ITEM('')
);
#2609=(
BOUNDED_CURVE()
B_SPLINE_CURVE(2,(#6652,#6653,#6654,#6655,#6656),.UNSPECIFIED.,.F.,.F.)
B_SPLINE_CURVE_WITH_KNOTS((3,2,3),(0.,0.5,1.),.PIECEWISE_BEZIER_KNOTS.)
CURVE()
GEOMETRIC_REPRESENTATION_ITEM()
RATIONAL_B_SPLINE_CURVE((1.,0.98078528040323,1.,0.98078528040323,1.))
REPRESENTATION_ITEM('')
);
#2610=(
BOUNDED_CURVE()
B_SPLINE_CURVE(2,(#6658,#6659,#6660,#6661,#6662),.UNSPECIFIED.,.F.,.F.)
B_SPLINE_CURVE_WITH_KNOTS((3,2,3),(0.,0.5,1.),.PIECEWISE_BEZIER_KNOTS.)
CURVE()
GEOMETRIC_REPRESENTATION_ITEM()
RATIONAL_B_SPLINE_CURVE((1.,0.98078528040323,1.,0.98078528040323,1.))
REPRESENTATION_ITEM('')
);
#2611=(
BOUNDED_CURVE()
B_SPLINE_CURVE(2,(#6664,#6665,#6666,#6667,#6668),.UNSPECIFIED.,.F.,.F.)
B_SPLINE_CURVE_WITH_KNOTS((3,2,3),(0.,0.5,1.),.PIECEWISE_BEZIER_KNOTS.)
CURVE()
GEOMETRIC_REPRESENTATION_ITEM()
RATIONAL_B_SPLINE_CURVE((1.,0.98078528040323,1.,0.98078528040323,1.))
REPRESENTATION_ITEM('')
);
#2612=(
BOUNDED_CURVE()
B_SPLINE_CURVE(2,(#6674,#6675,#6676,#6677,#6678),.UNSPECIFIED.,.F.,.F.)
B_SPLINE_CURVE_WITH_KNOTS((3,2,3),(0.,0.5,1.),.PIECEWISE_BEZIER_KNOTS.)
CURVE()
GEOMETRIC_REPRESENTATION_ITEM()
RATIONAL_B_SPLINE_CURVE((1.,0.98078528040323,1.,0.98078528040323,1.))
REPRESENTATION_ITEM('')
);
#2613=(
BOUNDED_CURVE()
B_SPLINE_CURVE(2,(#6680,#6681,#6682,#6683,#6684),.UNSPECIFIED.,.F.,.F.)
B_SPLINE_CURVE_WITH_KNOTS((3,2,3),(0.,0.5,1.),.PIECEWISE_BEZIER_KNOTS.)
CURVE()
GEOMETRIC_REPRESENTATION_ITEM()
RATIONAL_B_SPLINE_CURVE((1.,0.98078528040323,1.,0.98078528040323,1.))
REPRESENTATION_ITEM('')
);
#2614=(
BOUNDED_CURVE()
B_SPLINE_CURVE(2,(#6688,#6689,#6690,#6691,#6692),.UNSPECIFIED.,.F.,.F.)
B_SPLINE_CURVE_WITH_KNOTS((3,2,3),(0.,0.5,1.),.PIECEWISE_BEZIER_KNOTS.)
CURVE()
GEOMETRIC_REPRESENTATION_ITEM()
RATIONAL_B_SPLINE_CURVE((1.,0.98078528040323,1.,0.98078528040323,1.))
REPRESENTATION_ITEM('')
);
#2615=(
BOUNDED_CURVE()
B_SPLINE_CURVE(2,(#6694,#6695,#6696,#6697,#6698),.UNSPECIFIED.,.F.,.F.)
B_SPLINE_CURVE_WITH_KNOTS((3,2,3),(0.,0.5,1.),.PIECEWISE_BEZIER_KNOTS.)
CURVE()
GEOMETRIC_REPRESENTATION_ITEM()
RATIONAL_B_SPLINE_CURVE((1.,0.98078528040323,1.,0.98078528040323,1.))
REPRESENTATION_ITEM('')
);
#2616=(
BOUNDED_CURVE()
B_SPLINE_CURVE(2,(#6700,#6701,#6702,#6703,#6704),.UNSPECIFIED.,.F.,.F.)
B_SPLINE_CURVE_WITH_KNOTS((3,2,3),(0.,0.5,1.),.PIECEWISE_BEZIER_KNOTS.)
CURVE()
GEOMETRIC_REPRESENTATION_ITEM()
RATIONAL_B_SPLINE_CURVE((1.,0.98078528040323,1.,0.98078528040323,1.))
REPRESENTATION_ITEM('')
);
#2617=(
BOUNDED_CURVE()
B_SPLINE_CURVE(2,(#6706,#6707,#6708,#6709,#6710),.UNSPECIFIED.,.F.,.F.)
B_SPLINE_CURVE_WITH_KNOTS((3,2,3),(0.,0.5,1.),.PIECEWISE_BEZIER_KNOTS.)
CURVE()
GEOMETRIC_REPRESENTATION_ITEM()
RATIONAL_B_SPLINE_CURVE((1.,0.98078528040323,1.,0.98078528040323,1.))
REPRESENTATION_ITEM('')
);
#2618=(
BOUNDED_CURVE()
B_SPLINE_CURVE(2,(#6712,#6713,#6714,#6715,#6716),.UNSPECIFIED.,.F.,.F.)
B_SPLINE_CURVE_WITH_KNOTS((3,2,3),(0.,0.5,1.),.PIECEWISE_BEZIER_KNOTS.)
CURVE()
GEOMETRIC_REPRESENTATION_ITEM()
RATIONAL_B_SPLINE_CURVE((1.,0.98078528040323,1.,0.98078528040323,1.))
REPRESENTATION_ITEM('')
);
#2619=(
BOUNDED_CURVE()
B_SPLINE_CURVE(2,(#6718,#6719,#6720,#6721,#6722),.UNSPECIFIED.,.F.,.F.)
B_SPLINE_CURVE_WITH_KNOTS((3,2,3),(0.,0.5,1.),.PIECEWISE_BEZIER_KNOTS.)
CURVE()
GEOMETRIC_REPRESENTATION_ITEM()
RATIONAL_B_SPLINE_CURVE((1.,0.98078528040323,1.,0.98078528040323,1.))
REPRESENTATION_ITEM('')
);
#2620=(
BOUNDED_CURVE()
B_SPLINE_CURVE(2,(#6724,#6725,#6726,#6727,#6728),.UNSPECIFIED.,.F.,.F.)
B_SPLINE_CURVE_WITH_KNOTS((3,2,3),(0.,0.5,1.),.PIECEWISE_BEZIER_KNOTS.)
CURVE()
GEOMETRIC_REPRESENTATION_ITEM()
RATIONAL_B_SPLINE_CURVE((1.,0.98078528040323,1.,0.98078528040323,1.))
REPRESENTATION_ITEM('')
);
#2621=(
BOUNDED_CURVE()
B_SPLINE_CURVE(2,(#6730,#6731,#6732,#6733,#6734),.UNSPECIFIED.,.F.,.F.)
B_SPLINE_CURVE_WITH_KNOTS((3,2,3),(0.,0.5,1.),.PIECEWISE_BEZIER_KNOTS.)
CURVE()
GEOMETRIC_REPRESENTATION_ITEM()
RATIONAL_B_SPLINE_CURVE((1.,0.98078528040323,1.,0.98078528040323,1.))
REPRESENTATION_ITEM('')
);
#2622=(
BOUNDED_CURVE()
B_SPLINE_CURVE(2,(#6736,#6737,#6738,#6739,#6740),.UNSPECIFIED.,.F.,.F.)
B_SPLINE_CURVE_WITH_KNOTS((3,2,3),(0.,0.5,1.),.PIECEWISE_BEZIER_KNOTS.)
CURVE()
GEOMETRIC_REPRESENTATION_ITEM()
RATIONAL_B_SPLINE_CURVE((1.,0.98078528040323,1.,0.98078528040323,1.))
REPRESENTATION_ITEM('')
);
#2623=(
BOUNDED_CURVE()
B_SPLINE_CURVE(2,(#6742,#6743,#6744,#6745,#6746),.UNSPECIFIED.,.F.,.F.)
B_SPLINE_CURVE_WITH_KNOTS((3,2,3),(0.,0.5,1.),.PIECEWISE_BEZIER_KNOTS.)
CURVE()
GEOMETRIC_REPRESENTATION_ITEM()
RATIONAL_B_SPLINE_CURVE((1.,0.98078528040323,1.,0.98078528040323,1.))
REPRESENTATION_ITEM('')
);
#2624=(
BOUNDED_CURVE()
B_SPLINE_CURVE(2,(#6752,#6753,#6754,#6755,#6756),.UNSPECIFIED.,.F.,.F.)
B_SPLINE_CURVE_WITH_KNOTS((3,2,3),(0.,0.5,1.),.PIECEWISE_BEZIER_KNOTS.)
CURVE()
GEOMETRIC_REPRESENTATION_ITEM()
RATIONAL_B_SPLINE_CURVE((1.,0.98078528040323,1.,0.98078528040323,1.))
REPRESENTATION_ITEM('')
);
#2625=(
BOUNDED_CURVE()
B_SPLINE_CURVE(2,(#6758,#6759,#6760,#6761,#6762),.UNSPECIFIED.,.F.,.F.)
B_SPLINE_CURVE_WITH_KNOTS((3,2,3),(0.,0.5,1.),.PIECEWISE_BEZIER_KNOTS.)
CURVE()
GEOMETRIC_REPRESENTATION_ITEM()
RATIONAL_B_SPLINE_CURVE((1.,0.98078528040323,1.,0.98078528040323,1.))
REPRESENTATION_ITEM('')
);
#2626=(
BOUNDED_CURVE()
B_SPLINE_CURVE(2,(#6766,#6767,#6768,#6769,#6770),.UNSPECIFIED.,.F.,.F.)
B_SPLINE_CURVE_WITH_KNOTS((3,2,3),(0.,0.5,1.),.PIECEWISE_BEZIER_KNOTS.)
CURVE()
GEOMETRIC_REPRESENTATION_ITEM()
RATIONAL_B_SPLINE_CURVE((1.,0.98078528040323,1.,0.98078528040323,1.))
REPRESENTATION_ITEM('')
);
#2627=(
BOUNDED_CURVE()
B_SPLINE_CURVE(2,(#6772,#6773,#6774,#6775,#6776),.UNSPECIFIED.,.F.,.F.)
B_SPLINE_CURVE_WITH_KNOTS((3,2,3),(0.,0.5,1.),.PIECEWISE_BEZIER_KNOTS.)
CURVE()
GEOMETRIC_REPRESENTATION_ITEM()
RATIONAL_B_SPLINE_CURVE((1.,0.98078528040323,1.,0.98078528040323,1.))
REPRESENTATION_ITEM('')
);
#2628=(
BOUNDED_CURVE()
B_SPLINE_CURVE(2,(#6778,#6779,#6780,#6781,#6782),.UNSPECIFIED.,.F.,.F.)
B_SPLINE_CURVE_WITH_KNOTS((3,2,3),(0.,0.5,1.),.PIECEWISE_BEZIER_KNOTS.)
CURVE()
GEOMETRIC_REPRESENTATION_ITEM()
RATIONAL_B_SPLINE_CURVE((1.,0.98078528040323,1.,0.98078528040323,1.))
REPRESENTATION_ITEM('')
);
#2629=(
BOUNDED_CURVE()
B_SPLINE_CURVE(2,(#6784,#6785,#6786,#6787,#6788),.UNSPECIFIED.,.F.,.F.)
B_SPLINE_CURVE_WITH_KNOTS((3,2,3),(0.,0.5,1.),.PIECEWISE_BEZIER_KNOTS.)
CURVE()
GEOMETRIC_REPRESENTATION_ITEM()
RATIONAL_B_SPLINE_CURVE((1.,0.98078528040323,1.,0.98078528040323,1.))
REPRESENTATION_ITEM('')
);
#2630=(
BOUNDED_CURVE()
B_SPLINE_CURVE(2,(#6790,#6791,#6792,#6793,#6794),.UNSPECIFIED.,.F.,.F.)
B_SPLINE_CURVE_WITH_KNOTS((3,2,3),(0.,0.5,1.),.PIECEWISE_BEZIER_KNOTS.)
CURVE()
GEOMETRIC_REPRESENTATION_ITEM()
RATIONAL_B_SPLINE_CURVE((1.,0.98078528040323,1.,0.98078528040323,1.))
REPRESENTATION_ITEM('')
);
#2631=(
BOUNDED_CURVE()
B_SPLINE_CURVE(2,(#6796,#6797,#6798,#6799,#6800),.UNSPECIFIED.,.F.,.F.)
B_SPLINE_CURVE_WITH_KNOTS((3,2,3),(0.,0.5,1.),.PIECEWISE_BEZIER_KNOTS.)
CURVE()
GEOMETRIC_REPRESENTATION_ITEM()
RATIONAL_B_SPLINE_CURVE((1.,0.98078528040323,1.,0.98078528040323,1.))
REPRESENTATION_ITEM('')
);
#2632=(
BOUNDED_CURVE()
B_SPLINE_CURVE(2,(#6802,#6803,#6804,#6805,#6806),.UNSPECIFIED.,.F.,.F.)
B_SPLINE_CURVE_WITH_KNOTS((3,2,3),(0.,0.5,1.),.PIECEWISE_BEZIER_KNOTS.)
CURVE()
GEOMETRIC_REPRESENTATION_ITEM()
RATIONAL_B_SPLINE_CURVE((1.,0.98078528040323,1.,0.98078528040323,1.))
REPRESENTATION_ITEM('')
);
#2633=(
BOUNDED_CURVE()
B_SPLINE_CURVE(2,(#6808,#6809,#6810,#6811,#6812),.UNSPECIFIED.,.F.,.F.)
B_SPLINE_CURVE_WITH_KNOTS((3,2,3),(0.,0.5,1.),.PIECEWISE_BEZIER_KNOTS.)
CURVE()
GEOMETRIC_REPRESENTATION_ITEM()
RATIONAL_B_SPLINE_CURVE((1.,0.98078528040323,1.,0.98078528040323,1.))
REPRESENTATION_ITEM('')
);
#2634=(
BOUNDED_CURVE()
B_SPLINE_CURVE(2,(#6814,#6815,#6816,#6817,#6818),.UNSPECIFIED.,.F.,.F.)
B_SPLINE_CURVE_WITH_KNOTS((3,2,3),(0.,0.5,1.),.PIECEWISE_BEZIER_KNOTS.)
CURVE()
GEOMETRIC_REPRESENTATION_ITEM()
RATIONAL_B_SPLINE_CURVE((1.,0.98078528040323,1.,0.98078528040323,1.))
REPRESENTATION_ITEM('')
);
#2635=(
BOUNDED_CURVE()
B_SPLINE_CURVE(2,(#6820,#6821,#6822,#6823,#6824),.UNSPECIFIED.,.F.,.F.)
B_SPLINE_CURVE_WITH_KNOTS((3,2,3),(0.,0.5,1.),.PIECEWISE_BEZIER_KNOTS.)
CURVE()
GEOMETRIC_REPRESENTATION_ITEM()
RATIONAL_B_SPLINE_CURVE((1.,0.98078528040323,1.,0.98078528040323,1.))
REPRESENTATION_ITEM('')
);
#2636=(
BOUNDED_CURVE()
B_SPLINE_CURVE(2,(#6830,#6831,#6832,#6833,#6834),.UNSPECIFIED.,.F.,.F.)
B_SPLINE_CURVE_WITH_KNOTS((3,2,3),(0.,0.5,1.),.PIECEWISE_BEZIER_KNOTS.)
CURVE()
GEOMETRIC_REPRESENTATION_ITEM()
RATIONAL_B_SPLINE_CURVE((1.,0.98078528040323,1.,0.98078528040323,1.))
REPRESENTATION_ITEM('')
);
#2637=(
BOUNDED_CURVE()
B_SPLINE_CURVE(2,(#6836,#6837,#6838,#6839,#6840),.UNSPECIFIED.,.F.,.F.)
B_SPLINE_CURVE_WITH_KNOTS((3,2,3),(0.,0.5,1.),.PIECEWISE_BEZIER_KNOTS.)
CURVE()
GEOMETRIC_REPRESENTATION_ITEM()
RATIONAL_B_SPLINE_CURVE((1.,0.98078528040323,1.,0.98078528040323,1.))
REPRESENTATION_ITEM('')
);
#2638=(
BOUNDED_CURVE()
B_SPLINE_CURVE(2,(#6844,#6845,#6846,#6847,#6848),.UNSPECIFIED.,.F.,.F.)
B_SPLINE_CURVE_WITH_KNOTS((3,2,3),(0.,0.5,1.),.PIECEWISE_BEZIER_KNOTS.)
CURVE()
GEOMETRIC_REPRESENTATION_ITEM()
RATIONAL_B_SPLINE_CURVE((1.,0.98078528040323,1.,0.98078528040323,1.))
REPRESENTATION_ITEM('')
);
#2639=(
BOUNDED_CURVE()
B_SPLINE_CURVE(2,(#6850,#6851,#6852,#6853,#6854),.UNSPECIFIED.,.F.,.F.)
B_SPLINE_CURVE_WITH_KNOTS((3,2,3),(0.,0.5,1.),.PIECEWISE_BEZIER_KNOTS.)
CURVE()
GEOMETRIC_REPRESENTATION_ITEM()
RATIONAL_B_SPLINE_CURVE((1.,0.98078528040323,1.,0.98078528040323,1.))
REPRESENTATION_ITEM('')
);
#2640=(
BOUNDED_CURVE()
B_SPLINE_CURVE(2,(#6856,#6857,#6858,#6859,#6860),.UNSPECIFIED.,.F.,.F.)
B_SPLINE_CURVE_WITH_KNOTS((3,2,3),(0.,0.5,1.),.PIECEWISE_BEZIER_KNOTS.)
CURVE()
GEOMETRIC_REPRESENTATION_ITEM()
RATIONAL_B_SPLINE_CURVE((1.,0.98078528040323,1.,0.98078528040323,1.))
REPRESENTATION_ITEM('')
);
#2641=(
BOUNDED_CURVE()
B_SPLINE_CURVE(2,(#6862,#6863,#6864,#6865,#6866),.UNSPECIFIED.,.F.,.F.)
B_SPLINE_CURVE_WITH_KNOTS((3,2,3),(0.,0.5,1.),.PIECEWISE_BEZIER_KNOTS.)
CURVE()
GEOMETRIC_REPRESENTATION_ITEM()
RATIONAL_B_SPLINE_CURVE((1.,0.98078528040323,1.,0.98078528040323,1.))
REPRESENTATION_ITEM('')
);
#2642=(
BOUNDED_CURVE()
B_SPLINE_CURVE(2,(#6868,#6869,#6870,#6871,#6872),.UNSPECIFIED.,.F.,.F.)
B_SPLINE_CURVE_WITH_KNOTS((3,2,3),(0.,0.5,1.),.PIECEWISE_BEZIER_KNOTS.)
CURVE()
GEOMETRIC_REPRESENTATION_ITEM()
RATIONAL_B_SPLINE_CURVE((1.,0.98078528040323,1.,0.98078528040323,1.))
REPRESENTATION_ITEM('')
);
#2643=(
BOUNDED_CURVE()
B_SPLINE_CURVE(2,(#6874,#6875,#6876,#6877,#6878),.UNSPECIFIED.,.F.,.F.)
B_SPLINE_CURVE_WITH_KNOTS((3,2,3),(0.,0.5,1.),.PIECEWISE_BEZIER_KNOTS.)
CURVE()
GEOMETRIC_REPRESENTATION_ITEM()
RATIONAL_B_SPLINE_CURVE((1.,0.98078528040323,1.,0.98078528040323,1.))
REPRESENTATION_ITEM('')
);
#2644=(
BOUNDED_CURVE()
B_SPLINE_CURVE(2,(#6880,#6881,#6882,#6883,#6884),.UNSPECIFIED.,.F.,.F.)
B_SPLINE_CURVE_WITH_KNOTS((3,2,3),(0.,0.5,1.),.PIECEWISE_BEZIER_KNOTS.)
CURVE()
GEOMETRIC_REPRESENTATION_ITEM()
RATIONAL_B_SPLINE_CURVE((1.,0.98078528040323,1.,0.98078528040323,1.))
REPRESENTATION_ITEM('')
);
#2645=(
BOUNDED_CURVE()
B_SPLINE_CURVE(2,(#6886,#6887,#6888,#6889,#6890),.UNSPECIFIED.,.F.,.F.)
B_SPLINE_CURVE_WITH_KNOTS((3,2,3),(0.,0.5,1.),.PIECEWISE_BEZIER_KNOTS.)
CURVE()
GEOMETRIC_REPRESENTATION_ITEM()
RATIONAL_B_SPLINE_CURVE((1.,0.98078528040323,1.,0.98078528040323,1.))
REPRESENTATION_ITEM('')
);
#2646=(
BOUNDED_CURVE()
B_SPLINE_CURVE(2,(#6892,#6893,#6894,#6895,#6896),.UNSPECIFIED.,.F.,.F.)
B_SPLINE_CURVE_WITH_KNOTS((3,2,3),(0.,0.5,1.),.PIECEWISE_BEZIER_KNOTS.)
CURVE()
GEOMETRIC_REPRESENTATION_ITEM()
RATIONAL_B_SPLINE_CURVE((1.,0.98078528040323,1.,0.98078528040323,1.))
REPRESENTATION_ITEM('')
);
#2647=(
BOUNDED_CURVE()
B_SPLINE_CURVE(2,(#6898,#6899,#6900,#6901,#6902),.UNSPECIFIED.,.F.,.F.)
B_SPLINE_CURVE_WITH_KNOTS((3,2,3),(0.,0.5,1.),.PIECEWISE_BEZIER_KNOTS.)
CURVE()
GEOMETRIC_REPRESENTATION_ITEM()
RATIONAL_B_SPLINE_CURVE((1.,0.98078528040323,1.,0.98078528040323,1.))
REPRESENTATION_ITEM('')
);
#2648=(
BOUNDED_CURVE()
B_SPLINE_CURVE(2,(#6908,#6909,#6910,#6911,#6912),.UNSPECIFIED.,.F.,.F.)
B_SPLINE_CURVE_WITH_KNOTS((3,2,3),(0.,0.5,1.),.PIECEWISE_BEZIER_KNOTS.)
CURVE()
GEOMETRIC_REPRESENTATION_ITEM()
RATIONAL_B_SPLINE_CURVE((1.,0.98078528040323,1.,0.98078528040323,1.))
REPRESENTATION_ITEM('')
);
#2649=(
BOUNDED_CURVE()
B_SPLINE_CURVE(2,(#6914,#6915,#6916,#6917,#6918),.UNSPECIFIED.,.F.,.F.)
B_SPLINE_CURVE_WITH_KNOTS((3,2,3),(0.,0.5,1.),.PIECEWISE_BEZIER_KNOTS.)
CURVE()
GEOMETRIC_REPRESENTATION_ITEM()
RATIONAL_B_SPLINE_CURVE((1.,0.98078528040323,1.,0.98078528040323,1.))
REPRESENTATION_ITEM('')
);
#2650=(
BOUNDED_CURVE()
B_SPLINE_CURVE(2,(#6922,#6923,#6924,#6925,#6926),.UNSPECIFIED.,.F.,.F.)
B_SPLINE_CURVE_WITH_KNOTS((3,2,3),(0.,0.5,1.),.PIECEWISE_BEZIER_KNOTS.)
CURVE()
GEOMETRIC_REPRESENTATION_ITEM()
RATIONAL_B_SPLINE_CURVE((1.,0.98078528040323,1.,0.98078528040323,1.))
REPRESENTATION_ITEM('')
);
#2651=(
BOUNDED_CURVE()
B_SPLINE_CURVE(2,(#6928,#6929,#6930,#6931,#6932),.UNSPECIFIED.,.F.,.F.)
B_SPLINE_CURVE_WITH_KNOTS((3,2,3),(0.,0.5,1.),.PIECEWISE_BEZIER_KNOTS.)
CURVE()
GEOMETRIC_REPRESENTATION_ITEM()
RATIONAL_B_SPLINE_CURVE((1.,0.98078528040323,1.,0.98078528040323,1.))
REPRESENTATION_ITEM('')
);
#2652=(
BOUNDED_CURVE()
B_SPLINE_CURVE(2,(#6934,#6935,#6936,#6937,#6938),.UNSPECIFIED.,.F.,.F.)
B_SPLINE_CURVE_WITH_KNOTS((3,2,3),(0.,0.5,1.),.PIECEWISE_BEZIER_KNOTS.)
CURVE()
GEOMETRIC_REPRESENTATION_ITEM()
RATIONAL_B_SPLINE_CURVE((1.,0.98078528040323,1.,0.98078528040323,1.))
REPRESENTATION_ITEM('')
);
#2653=(
BOUNDED_CURVE()
B_SPLINE_CURVE(2,(#6940,#6941,#6942,#6943,#6944),.UNSPECIFIED.,.F.,.F.)
B_SPLINE_CURVE_WITH_KNOTS((3,2,3),(0.,0.5,1.),.PIECEWISE_BEZIER_KNOTS.)
CURVE()
GEOMETRIC_REPRESENTATION_ITEM()
RATIONAL_B_SPLINE_CURVE((1.,0.98078528040323,1.,0.98078528040323,1.))
REPRESENTATION_ITEM('')
);
#2654=(
BOUNDED_CURVE()
B_SPLINE_CURVE(2,(#6946,#6947,#6948,#6949,#6950),.UNSPECIFIED.,.F.,.F.)
B_SPLINE_CURVE_WITH_KNOTS((3,2,3),(0.,0.5,1.),.PIECEWISE_BEZIER_KNOTS.)
CURVE()
GEOMETRIC_REPRESENTATION_ITEM()
RATIONAL_B_SPLINE_CURVE((1.,0.98078528040323,1.,0.98078528040323,1.))
REPRESENTATION_ITEM('')
);
#2655=(
BOUNDED_CURVE()
B_SPLINE_CURVE(2,(#6952,#6953,#6954,#6955,#6956),.UNSPECIFIED.,.F.,.F.)
B_SPLINE_CURVE_WITH_KNOTS((3,2,3),(0.,0.5,1.),.PIECEWISE_BEZIER_KNOTS.)
CURVE()
GEOMETRIC_REPRESENTATION_ITEM()
RATIONAL_B_SPLINE_CURVE((1.,0.98078528040323,1.,0.98078528040323,1.))
REPRESENTATION_ITEM('')
);
#2656=(
BOUNDED_CURVE()
B_SPLINE_CURVE(2,(#6958,#6959,#6960,#6961,#6962),.UNSPECIFIED.,.F.,.F.)
B_SPLINE_CURVE_WITH_KNOTS((3,2,3),(0.,0.5,1.),.PIECEWISE_BEZIER_KNOTS.)
CURVE()
GEOMETRIC_REPRESENTATION_ITEM()
RATIONAL_B_SPLINE_CURVE((1.,0.98078528040323,1.,0.98078528040323,1.))
REPRESENTATION_ITEM('')
);
#2657=(
BOUNDED_CURVE()
B_SPLINE_CURVE(2,(#6964,#6965,#6966,#6967,#6968),.UNSPECIFIED.,.F.,.F.)
B_SPLINE_CURVE_WITH_KNOTS((3,2,3),(0.,0.5,1.),.PIECEWISE_BEZIER_KNOTS.)
CURVE()
GEOMETRIC_REPRESENTATION_ITEM()
RATIONAL_B_SPLINE_CURVE((1.,0.98078528040323,1.,0.98078528040323,1.))
REPRESENTATION_ITEM('')
);
#2658=(
BOUNDED_CURVE()
B_SPLINE_CURVE(2,(#6970,#6971,#6972,#6973,#6974),.UNSPECIFIED.,.F.,.F.)
B_SPLINE_CURVE_WITH_KNOTS((3,2,3),(0.,0.5,1.),.PIECEWISE_BEZIER_KNOTS.)
CURVE()
GEOMETRIC_REPRESENTATION_ITEM()
RATIONAL_B_SPLINE_CURVE((1.,0.98078528040323,1.,0.98078528040323,1.))
REPRESENTATION_ITEM('')
);
#2659=(
BOUNDED_CURVE()
B_SPLINE_CURVE(2,(#6976,#6977,#6978,#6979,#6980),.UNSPECIFIED.,.F.,.F.)
B_SPLINE_CURVE_WITH_KNOTS((3,2,3),(0.,0.5,1.),.PIECEWISE_BEZIER_KNOTS.)
CURVE()
GEOMETRIC_REPRESENTATION_ITEM()
RATIONAL_B_SPLINE_CURVE((1.,0.98078528040323,1.,0.98078528040323,1.))
REPRESENTATION_ITEM('')
);
#2660=(
BOUNDED_CURVE()
B_SPLINE_CURVE(2,(#6986,#6987,#6988,#6989,#6990),.UNSPECIFIED.,.F.,.F.)
B_SPLINE_CURVE_WITH_KNOTS((3,2,3),(0.,0.5,1.),.PIECEWISE_BEZIER_KNOTS.)
CURVE()
GEOMETRIC_REPRESENTATION_ITEM()
RATIONAL_B_SPLINE_CURVE((1.,0.98078528040323,1.,0.98078528040323,1.))
REPRESENTATION_ITEM('')
);
#2661=(
BOUNDED_CURVE()
B_SPLINE_CURVE(2,(#6992,#6993,#6994,#6995,#6996),.UNSPECIFIED.,.F.,.F.)
B_SPLINE_CURVE_WITH_KNOTS((3,2,3),(0.,0.5,1.),.PIECEWISE_BEZIER_KNOTS.)
CURVE()
GEOMETRIC_REPRESENTATION_ITEM()
RATIONAL_B_SPLINE_CURVE((1.,0.98078528040323,1.,0.98078528040323,1.))
REPRESENTATION_ITEM('')
);
#2662=(
BOUNDED_CURVE()
B_SPLINE_CURVE(2,(#7000,#7001,#7002,#7003,#7004),.UNSPECIFIED.,.F.,.F.)
B_SPLINE_CURVE_WITH_KNOTS((3,2,3),(0.,0.5,1.),.PIECEWISE_BEZIER_KNOTS.)
CURVE()
GEOMETRIC_REPRESENTATION_ITEM()
RATIONAL_B_SPLINE_CURVE((1.,0.98078528040323,1.,0.98078528040323,1.))
REPRESENTATION_ITEM('')
);
#2663=(
BOUNDED_CURVE()
B_SPLINE_CURVE(2,(#7006,#7007,#7008,#7009,#7010),.UNSPECIFIED.,.F.,.F.)
B_SPLINE_CURVE_WITH_KNOTS((3,2,3),(0.,0.5,1.),.PIECEWISE_BEZIER_KNOTS.)
CURVE()
GEOMETRIC_REPRESENTATION_ITEM()
RATIONAL_B_SPLINE_CURVE((1.,0.98078528040323,1.,0.98078528040323,1.))
REPRESENTATION_ITEM('')
);
#2664=(
BOUNDED_CURVE()
B_SPLINE_CURVE(2,(#7012,#7013,#7014,#7015,#7016),.UNSPECIFIED.,.F.,.F.)
B_SPLINE_CURVE_WITH_KNOTS((3,2,3),(0.,0.5,1.),.PIECEWISE_BEZIER_KNOTS.)
CURVE()
GEOMETRIC_REPRESENTATION_ITEM()
RATIONAL_B_SPLINE_CURVE((1.,0.98078528040323,1.,0.98078528040323,1.))
REPRESENTATION_ITEM('')
);
#2665=(
BOUNDED_CURVE()
B_SPLINE_CURVE(2,(#7018,#7019,#7020,#7021,#7022),.UNSPECIFIED.,.F.,.F.)
B_SPLINE_CURVE_WITH_KNOTS((3,2,3),(0.,0.5,1.),.PIECEWISE_BEZIER_KNOTS.)
CURVE()
GEOMETRIC_REPRESENTATION_ITEM()
RATIONAL_B_SPLINE_CURVE((1.,0.98078528040323,1.,0.98078528040323,1.))
REPRESENTATION_ITEM('')
);
#2666=(
BOUNDED_CURVE()
B_SPLINE_CURVE(2,(#7024,#7025,#7026,#7027,#7028),.UNSPECIFIED.,.F.,.F.)
B_SPLINE_CURVE_WITH_KNOTS((3,2,3),(0.,0.5,1.),.PIECEWISE_BEZIER_KNOTS.)
CURVE()
GEOMETRIC_REPRESENTATION_ITEM()
RATIONAL_B_SPLINE_CURVE((1.,0.98078528040323,1.,0.98078528040323,1.))
REPRESENTATION_ITEM('')
);
#2667=(
BOUNDED_CURVE()
B_SPLINE_CURVE(2,(#7030,#7031,#7032,#7033,#7034),.UNSPECIFIED.,.F.,.F.)
B_SPLINE_CURVE_WITH_KNOTS((3,2,3),(0.,0.5,1.),.PIECEWISE_BEZIER_KNOTS.)
CURVE()
GEOMETRIC_REPRESENTATION_ITEM()
RATIONAL_B_SPLINE_CURVE((1.,0.98078528040323,1.,0.98078528040323,1.))
REPRESENTATION_ITEM('')
);
#2668=(
BOUNDED_CURVE()
B_SPLINE_CURVE(2,(#7036,#7037,#7038,#7039,#7040),.UNSPECIFIED.,.F.,.F.)
B_SPLINE_CURVE_WITH_KNOTS((3,2,3),(0.,0.5,1.),.PIECEWISE_BEZIER_KNOTS.)
CURVE()
GEOMETRIC_REPRESENTATION_ITEM()
RATIONAL_B_SPLINE_CURVE((1.,0.98078528040323,1.,0.98078528040323,1.))
REPRESENTATION_ITEM('')
);
#2669=(
BOUNDED_CURVE()
B_SPLINE_CURVE(2,(#7042,#7043,#7044,#7045,#7046),.UNSPECIFIED.,.F.,.F.)
B_SPLINE_CURVE_WITH_KNOTS((3,2,3),(0.,0.5,1.),.PIECEWISE_BEZIER_KNOTS.)
CURVE()
GEOMETRIC_REPRESENTATION_ITEM()
RATIONAL_B_SPLINE_CURVE((1.,0.98078528040323,1.,0.98078528040323,1.))
REPRESENTATION_ITEM('')
);
#2670=(
BOUNDED_CURVE()
B_SPLINE_CURVE(2,(#7048,#7049,#7050,#7051,#7052),.UNSPECIFIED.,.F.,.F.)
B_SPLINE_CURVE_WITH_KNOTS((3,2,3),(0.,0.5,1.),.PIECEWISE_BEZIER_KNOTS.)
CURVE()
GEOMETRIC_REPRESENTATION_ITEM()
RATIONAL_B_SPLINE_CURVE((1.,0.98078528040323,1.,0.98078528040323,1.))
REPRESENTATION_ITEM('')
);
#2671=(
BOUNDED_CURVE()
B_SPLINE_CURVE(2,(#7054,#7055,#7056,#7057,#7058),.UNSPECIFIED.,.F.,.F.)
B_SPLINE_CURVE_WITH_KNOTS((3,2,3),(0.,0.5,1.),.PIECEWISE_BEZIER_KNOTS.)
CURVE()
GEOMETRIC_REPRESENTATION_ITEM()
RATIONAL_B_SPLINE_CURVE((1.,0.98078528040323,1.,0.98078528040323,1.))
REPRESENTATION_ITEM('')
);
#2672=(
BOUNDED_CURVE()
B_SPLINE_CURVE(2,(#7064,#7065,#7066,#7067,#7068),.UNSPECIFIED.,.F.,.F.)
B_SPLINE_CURVE_WITH_KNOTS((3,2,3),(0.,0.5,1.),.PIECEWISE_BEZIER_KNOTS.)
CURVE()
GEOMETRIC_REPRESENTATION_ITEM()
RATIONAL_B_SPLINE_CURVE((1.,0.98078528040323,1.,0.98078528040323,1.))
REPRESENTATION_ITEM('')
);
#2673=(
BOUNDED_CURVE()
B_SPLINE_CURVE(2,(#7070,#7071,#7072,#7073,#7074),.UNSPECIFIED.,.F.,.F.)
B_SPLINE_CURVE_WITH_KNOTS((3,2,3),(0.,0.5,1.),.PIECEWISE_BEZIER_KNOTS.)
CURVE()
GEOMETRIC_REPRESENTATION_ITEM()
RATIONAL_B_SPLINE_CURVE((1.,0.98078528040323,1.,0.98078528040323,1.))
REPRESENTATION_ITEM('')
);
#2674=(
BOUNDED_CURVE()
B_SPLINE_CURVE(2,(#7078,#7079,#7080,#7081,#7082),.UNSPECIFIED.,.F.,.F.)
B_SPLINE_CURVE_WITH_KNOTS((3,2,3),(0.,0.5,1.),.PIECEWISE_BEZIER_KNOTS.)
CURVE()
GEOMETRIC_REPRESENTATION_ITEM()
RATIONAL_B_SPLINE_CURVE((1.,0.98078528040323,1.,0.98078528040323,1.))
REPRESENTATION_ITEM('')
);
#2675=(
BOUNDED_CURVE()
B_SPLINE_CURVE(2,(#7084,#7085,#7086,#7087,#7088),.UNSPECIFIED.,.F.,.F.)
B_SPLINE_CURVE_WITH_KNOTS((3,2,3),(0.,0.5,1.),.PIECEWISE_BEZIER_KNOTS.)
CURVE()
GEOMETRIC_REPRESENTATION_ITEM()
RATIONAL_B_SPLINE_CURVE((1.,0.98078528040323,1.,0.98078528040323,1.))
REPRESENTATION_ITEM('')
);
#2676=(
BOUNDED_CURVE()
B_SPLINE_CURVE(2,(#7090,#7091,#7092,#7093,#7094),.UNSPECIFIED.,.F.,.F.)
B_SPLINE_CURVE_WITH_KNOTS((3,2,3),(0.,0.5,1.),.PIECEWISE_BEZIER_KNOTS.)
CURVE()
GEOMETRIC_REPRESENTATION_ITEM()
RATIONAL_B_SPLINE_CURVE((1.,0.98078528040323,1.,0.98078528040323,1.))
REPRESENTATION_ITEM('')
);
#2677=(
BOUNDED_CURVE()
B_SPLINE_CURVE(2,(#7096,#7097,#7098,#7099,#7100),.UNSPECIFIED.,.F.,.F.)
B_SPLINE_CURVE_WITH_KNOTS((3,2,3),(0.,0.5,1.),.PIECEWISE_BEZIER_KNOTS.)
CURVE()
GEOMETRIC_REPRESENTATION_ITEM()
RATIONAL_B_SPLINE_CURVE((1.,0.98078528040323,1.,0.98078528040323,1.))
REPRESENTATION_ITEM('')
);
#2678=(
BOUNDED_CURVE()
B_SPLINE_CURVE(2,(#7102,#7103,#7104,#7105,#7106),.UNSPECIFIED.,.F.,.F.)
B_SPLINE_CURVE_WITH_KNOTS((3,2,3),(0.,0.5,1.),.PIECEWISE_BEZIER_KNOTS.)
CURVE()
GEOMETRIC_REPRESENTATION_ITEM()
RATIONAL_B_SPLINE_CURVE((1.,0.98078528040323,1.,0.98078528040323,1.))
REPRESENTATION_ITEM('')
);
#2679=(
BOUNDED_CURVE()
B_SPLINE_CURVE(2,(#7108,#7109,#7110,#7111,#7112),.UNSPECIFIED.,.F.,.F.)
B_SPLINE_CURVE_WITH_KNOTS((3,2,3),(0.,0.5,1.),.PIECEWISE_BEZIER_KNOTS.)
CURVE()
GEOMETRIC_REPRESENTATION_ITEM()
RATIONAL_B_SPLINE_CURVE((1.,0.98078528040323,1.,0.98078528040323,1.))
REPRESENTATION_ITEM('')
);
#2680=(
BOUNDED_CURVE()
B_SPLINE_CURVE(2,(#7114,#7115,#7116,#7117,#7118),.UNSPECIFIED.,.F.,.F.)
B_SPLINE_CURVE_WITH_KNOTS((3,2,3),(0.,0.5,1.),.PIECEWISE_BEZIER_KNOTS.)
CURVE()
GEOMETRIC_REPRESENTATION_ITEM()
RATIONAL_B_SPLINE_CURVE((1.,0.98078528040323,1.,0.98078528040323,1.))
REPRESENTATION_ITEM('')
);
#2681=(
BOUNDED_CURVE()
B_SPLINE_CURVE(2,(#7120,#7121,#7122,#7123,#7124),.UNSPECIFIED.,.F.,.F.)
B_SPLINE_CURVE_WITH_KNOTS((3,2,3),(0.,0.5,1.),.PIECEWISE_BEZIER_KNOTS.)
CURVE()
GEOMETRIC_REPRESENTATION_ITEM()
RATIONAL_B_SPLINE_CURVE((1.,0.98078528040323,1.,0.98078528040323,1.))
REPRESENTATION_ITEM('')
);
#2682=(
BOUNDED_CURVE()
B_SPLINE_CURVE(2,(#7126,#7127,#7128,#7129,#7130),.UNSPECIFIED.,.F.,.F.)
B_SPLINE_CURVE_WITH_KNOTS((3,2,3),(0.,0.5,1.),.PIECEWISE_BEZIER_KNOTS.)
CURVE()
GEOMETRIC_REPRESENTATION_ITEM()
RATIONAL_B_SPLINE_CURVE((1.,0.98078528040323,1.,0.98078528040323,1.))
REPRESENTATION_ITEM('')
);
#2683=(
BOUNDED_CURVE()
B_SPLINE_CURVE(2,(#7132,#7133,#7134,#7135,#7136),.UNSPECIFIED.,.F.,.F.)
B_SPLINE_CURVE_WITH_KNOTS((3,2,3),(0.,0.5,1.),.PIECEWISE_BEZIER_KNOTS.)
CURVE()
GEOMETRIC_REPRESENTATION_ITEM()
RATIONAL_B_SPLINE_CURVE((1.,0.98078528040323,1.,0.98078528040323,1.))
REPRESENTATION_ITEM('')
);
#2684=(
BOUNDED_CURVE()
B_SPLINE_CURVE(2,(#7142,#7143,#7144,#7145,#7146),.UNSPECIFIED.,.F.,.F.)
B_SPLINE_CURVE_WITH_KNOTS((3,2,3),(0.,0.5,1.),.PIECEWISE_BEZIER_KNOTS.)
CURVE()
GEOMETRIC_REPRESENTATION_ITEM()
RATIONAL_B_SPLINE_CURVE((1.,0.98078528040323,1.,0.98078528040323,1.))
REPRESENTATION_ITEM('')
);
#2685=(
BOUNDED_CURVE()
B_SPLINE_CURVE(2,(#7148,#7149,#7150,#7151,#7152),.UNSPECIFIED.,.F.,.F.)
B_SPLINE_CURVE_WITH_KNOTS((3,2,3),(0.,0.5,1.),.PIECEWISE_BEZIER_KNOTS.)
CURVE()
GEOMETRIC_REPRESENTATION_ITEM()
RATIONAL_B_SPLINE_CURVE((1.,0.98078528040323,1.,0.98078528040323,1.))
REPRESENTATION_ITEM('')
);
#2686=(
BOUNDED_CURVE()
B_SPLINE_CURVE(2,(#7156,#7157,#7158,#7159,#7160),.UNSPECIFIED.,.F.,.F.)
B_SPLINE_CURVE_WITH_KNOTS((3,2,3),(0.,0.5,1.),.PIECEWISE_BEZIER_KNOTS.)
CURVE()
GEOMETRIC_REPRESENTATION_ITEM()
RATIONAL_B_SPLINE_CURVE((1.,0.98078528040323,1.,0.98078528040323,1.))
REPRESENTATION_ITEM('')
);
#2687=(
BOUNDED_CURVE()
B_SPLINE_CURVE(2,(#7162,#7163,#7164,#7165,#7166),.UNSPECIFIED.,.F.,.F.)
B_SPLINE_CURVE_WITH_KNOTS((3,2,3),(0.,0.5,1.),.PIECEWISE_BEZIER_KNOTS.)
CURVE()
GEOMETRIC_REPRESENTATION_ITEM()
RATIONAL_B_SPLINE_CURVE((1.,0.98078528040323,1.,0.98078528040323,1.))
REPRESENTATION_ITEM('')
);
#2688=(
BOUNDED_CURVE()
B_SPLINE_CURVE(2,(#7168,#7169,#7170,#7171,#7172),.UNSPECIFIED.,.F.,.F.)
B_SPLINE_CURVE_WITH_KNOTS((3,2,3),(0.,0.5,1.),.PIECEWISE_BEZIER_KNOTS.)
CURVE()
GEOMETRIC_REPRESENTATION_ITEM()
RATIONAL_B_SPLINE_CURVE((1.,0.98078528040323,1.,0.98078528040323,1.))
REPRESENTATION_ITEM('')
);
#2689=(
BOUNDED_CURVE()
B_SPLINE_CURVE(2,(#7174,#7175,#7176,#7177,#7178),.UNSPECIFIED.,.F.,.F.)
B_SPLINE_CURVE_WITH_KNOTS((3,2,3),(0.,0.5,1.),.PIECEWISE_BEZIER_KNOTS.)
CURVE()
GEOMETRIC_REPRESENTATION_ITEM()
RATIONAL_B_SPLINE_CURVE((1.,0.98078528040323,1.,0.98078528040323,1.))
REPRESENTATION_ITEM('')
);
#2690=(
BOUNDED_CURVE()
B_SPLINE_CURVE(2,(#7180,#7181,#7182,#7183,#7184),.UNSPECIFIED.,.F.,.F.)
B_SPLINE_CURVE_WITH_KNOTS((3,2,3),(0.,0.5,1.),.PIECEWISE_BEZIER_KNOTS.)
CURVE()
GEOMETRIC_REPRESENTATION_ITEM()
RATIONAL_B_SPLINE_CURVE((1.,0.98078528040323,1.,0.98078528040323,1.))
REPRESENTATION_ITEM('')
);
#2691=(
BOUNDED_CURVE()
B_SPLINE_CURVE(2,(#7186,#7187,#7188,#7189,#7190),.UNSPECIFIED.,.F.,.F.)
B_SPLINE_CURVE_WITH_KNOTS((3,2,3),(0.,0.5,1.),.PIECEWISE_BEZIER_KNOTS.)
CURVE()
GEOMETRIC_REPRESENTATION_ITEM()
RATIONAL_B_SPLINE_CURVE((1.,0.98078528040323,1.,0.98078528040323,1.))
REPRESENTATION_ITEM('')
);
#2692=(
BOUNDED_CURVE()
B_SPLINE_CURVE(2,(#7192,#7193,#7194,#7195,#7196),.UNSPECIFIED.,.F.,.F.)
B_SPLINE_CURVE_WITH_KNOTS((3,2,3),(0.,0.5,1.),.PIECEWISE_BEZIER_KNOTS.)
CURVE()
GEOMETRIC_REPRESENTATION_ITEM()
RATIONAL_B_SPLINE_CURVE((1.,0.98078528040323,1.,0.98078528040323,1.))
REPRESENTATION_ITEM('')
);
#2693=(
BOUNDED_CURVE()
B_SPLINE_CURVE(2,(#7198,#7199,#7200,#7201,#7202),.UNSPECIFIED.,.F.,.F.)
B_SPLINE_CURVE_WITH_KNOTS((3,2,3),(0.,0.5,1.),.PIECEWISE_BEZIER_KNOTS.)
CURVE()
GEOMETRIC_REPRESENTATION_ITEM()
RATIONAL_B_SPLINE_CURVE((1.,0.98078528040323,1.,0.98078528040323,1.))
REPRESENTATION_ITEM('')
);
#2694=(
BOUNDED_CURVE()
B_SPLINE_CURVE(2,(#7204,#7205,#7206,#7207,#7208),.UNSPECIFIED.,.F.,.F.)
B_SPLINE_CURVE_WITH_KNOTS((3,2,3),(0.,0.5,1.),.PIECEWISE_BEZIER_KNOTS.)
CURVE()
GEOMETRIC_REPRESENTATION_ITEM()
RATIONAL_B_SPLINE_CURVE((1.,0.98078528040323,1.,0.98078528040323,1.))
REPRESENTATION_ITEM('')
);
#2695=(
BOUNDED_CURVE()
B_SPLINE_CURVE(2,(#7210,#7211,#7212,#7213,#7214),.UNSPECIFIED.,.F.,.F.)
B_SPLINE_CURVE_WITH_KNOTS((3,2,3),(0.,0.5,1.),.PIECEWISE_BEZIER_KNOTS.)
CURVE()
GEOMETRIC_REPRESENTATION_ITEM()
RATIONAL_B_SPLINE_CURVE((1.,0.98078528040323,1.,0.98078528040323,1.))
REPRESENTATION_ITEM('')
);
#2696=(
BOUNDED_CURVE()
B_SPLINE_CURVE(2,(#7220,#7221,#7222,#7223,#7224),.UNSPECIFIED.,.F.,.F.)
B_SPLINE_CURVE_WITH_KNOTS((3,2,3),(0.,0.5,1.),.PIECEWISE_BEZIER_KNOTS.)
CURVE()
GEOMETRIC_REPRESENTATION_ITEM()
RATIONAL_B_SPLINE_CURVE((1.,0.98078528040323,1.,0.98078528040323,1.))
REPRESENTATION_ITEM('')
);
#2697=(
BOUNDED_CURVE()
B_SPLINE_CURVE(2,(#7226,#7227,#7228,#7229,#7230),.UNSPECIFIED.,.F.,.F.)
B_SPLINE_CURVE_WITH_KNOTS((3,2,3),(0.,0.5,1.),.PIECEWISE_BEZIER_KNOTS.)
CURVE()
GEOMETRIC_REPRESENTATION_ITEM()
RATIONAL_B_SPLINE_CURVE((1.,0.98078528040323,1.,0.98078528040323,1.))
REPRESENTATION_ITEM('')
);
#2698=(
BOUNDED_CURVE()
B_SPLINE_CURVE(2,(#7234,#7235,#7236,#7237,#7238),.UNSPECIFIED.,.F.,.F.)
B_SPLINE_CURVE_WITH_KNOTS((3,2,3),(0.,0.5,1.),.PIECEWISE_BEZIER_KNOTS.)
CURVE()
GEOMETRIC_REPRESENTATION_ITEM()
RATIONAL_B_SPLINE_CURVE((1.,0.98078528040323,1.,0.98078528040323,1.))
REPRESENTATION_ITEM('')
);
#2699=(
BOUNDED_CURVE()
B_SPLINE_CURVE(2,(#7240,#7241,#7242,#7243,#7244),.UNSPECIFIED.,.F.,.F.)
B_SPLINE_CURVE_WITH_KNOTS((3,2,3),(0.,0.5,1.),.PIECEWISE_BEZIER_KNOTS.)
CURVE()
GEOMETRIC_REPRESENTATION_ITEM()
RATIONAL_B_SPLINE_CURVE((1.,0.98078528040323,1.,0.98078528040323,1.))
REPRESENTATION_ITEM('')
);
#2700=(
BOUNDED_CURVE()
B_SPLINE_CURVE(2,(#7246,#7247,#7248,#7249,#7250),.UNSPECIFIED.,.F.,.F.)
B_SPLINE_CURVE_WITH_KNOTS((3,2,3),(0.,0.5,1.),.PIECEWISE_BEZIER_KNOTS.)
CURVE()
GEOMETRIC_REPRESENTATION_ITEM()
RATIONAL_B_SPLINE_CURVE((1.,0.98078528040323,1.,0.98078528040323,1.))
REPRESENTATION_ITEM('')
);
#2701=(
BOUNDED_CURVE()
B_SPLINE_CURVE(2,(#7252,#7253,#7254,#7255,#7256),.UNSPECIFIED.,.F.,.F.)
B_SPLINE_CURVE_WITH_KNOTS((3,2,3),(0.,0.5,1.),.PIECEWISE_BEZIER_KNOTS.)
CURVE()
GEOMETRIC_REPRESENTATION_ITEM()
RATIONAL_B_SPLINE_CURVE((1.,0.98078528040323,1.,0.98078528040323,1.))
REPRESENTATION_ITEM('')
);
#2702=(
BOUNDED_CURVE()
B_SPLINE_CURVE(2,(#7258,#7259,#7260,#7261,#7262),.UNSPECIFIED.,.F.,.F.)
B_SPLINE_CURVE_WITH_KNOTS((3,2,3),(0.,0.5,1.),.PIECEWISE_BEZIER_KNOTS.)
CURVE()
GEOMETRIC_REPRESENTATION_ITEM()
RATIONAL_B_SPLINE_CURVE((1.,0.98078528040323,1.,0.98078528040323,1.))
REPRESENTATION_ITEM('')
);
#2703=(
BOUNDED_CURVE()
B_SPLINE_CURVE(2,(#7264,#7265,#7266,#7267,#7268),.UNSPECIFIED.,.F.,.F.)
B_SPLINE_CURVE_WITH_KNOTS((3,2,3),(0.,0.5,1.),.PIECEWISE_BEZIER_KNOTS.)
CURVE()
GEOMETRIC_REPRESENTATION_ITEM()
RATIONAL_B_SPLINE_CURVE((1.,0.98078528040323,1.,0.98078528040323,1.))
REPRESENTATION_ITEM('')
);
#2704=(
BOUNDED_CURVE()
B_SPLINE_CURVE(2,(#7270,#7271,#7272,#7273,#7274),.UNSPECIFIED.,.F.,.F.)
B_SPLINE_CURVE_WITH_KNOTS((3,2,3),(0.,0.5,1.),.PIECEWISE_BEZIER_KNOTS.)
CURVE()
GEOMETRIC_REPRESENTATION_ITEM()
RATIONAL_B_SPLINE_CURVE((1.,0.98078528040323,1.,0.98078528040323,1.))
REPRESENTATION_ITEM('')
);
#2705=(
BOUNDED_CURVE()
B_SPLINE_CURVE(2,(#7276,#7277,#7278,#7279,#7280),.UNSPECIFIED.,.F.,.F.)
B_SPLINE_CURVE_WITH_KNOTS((3,2,3),(0.,0.5,1.),.PIECEWISE_BEZIER_KNOTS.)
CURVE()
GEOMETRIC_REPRESENTATION_ITEM()
RATIONAL_B_SPLINE_CURVE((1.,0.98078528040323,1.,0.98078528040323,1.))
REPRESENTATION_ITEM('')
);
#2706=(
BOUNDED_CURVE()
B_SPLINE_CURVE(2,(#7282,#7283,#7284,#7285,#7286),.UNSPECIFIED.,.F.,.F.)
B_SPLINE_CURVE_WITH_KNOTS((3,2,3),(0.,0.5,1.),.PIECEWISE_BEZIER_KNOTS.)
CURVE()
GEOMETRIC_REPRESENTATION_ITEM()
RATIONAL_B_SPLINE_CURVE((1.,0.98078528040323,1.,0.98078528040323,1.))
REPRESENTATION_ITEM('')
);
#2707=(
BOUNDED_CURVE()
B_SPLINE_CURVE(2,(#7288,#7289,#7290,#7291,#7292),.UNSPECIFIED.,.F.,.F.)
B_SPLINE_CURVE_WITH_KNOTS((3,2,3),(0.,0.5,1.),.PIECEWISE_BEZIER_KNOTS.)
CURVE()
GEOMETRIC_REPRESENTATION_ITEM()
RATIONAL_B_SPLINE_CURVE((1.,0.98078528040323,1.,0.98078528040323,1.))
REPRESENTATION_ITEM('')
);
#2708=(
BOUNDED_CURVE()
B_SPLINE_CURVE(2,(#7298,#7299,#7300,#7301,#7302),.UNSPECIFIED.,.F.,.F.)
B_SPLINE_CURVE_WITH_KNOTS((3,2,3),(0.,0.5,1.),.PIECEWISE_BEZIER_KNOTS.)
CURVE()
GEOMETRIC_REPRESENTATION_ITEM()
RATIONAL_B_SPLINE_CURVE((1.,0.98078528040323,1.,0.98078528040323,1.))
REPRESENTATION_ITEM('')
);
#2709=(
BOUNDED_CURVE()
B_SPLINE_CURVE(2,(#7304,#7305,#7306,#7307,#7308),.UNSPECIFIED.,.F.,.F.)
B_SPLINE_CURVE_WITH_KNOTS((3,2,3),(0.,0.5,1.),.PIECEWISE_BEZIER_KNOTS.)
CURVE()
GEOMETRIC_REPRESENTATION_ITEM()
RATIONAL_B_SPLINE_CURVE((1.,0.98078528040323,1.,0.98078528040323,1.))
REPRESENTATION_ITEM('')
);
#2710=(
BOUNDED_CURVE()
B_SPLINE_CURVE(2,(#7312,#7313,#7314,#7315,#7316),.UNSPECIFIED.,.F.,.F.)
B_SPLINE_CURVE_WITH_KNOTS((3,2,3),(0.,0.5,1.),.PIECEWISE_BEZIER_KNOTS.)
CURVE()
GEOMETRIC_REPRESENTATION_ITEM()
RATIONAL_B_SPLINE_CURVE((1.,0.98078528040323,1.,0.98078528040323,1.))
REPRESENTATION_ITEM('')
);
#2711=(
BOUNDED_CURVE()
B_SPLINE_CURVE(2,(#7318,#7319,#7320,#7321,#7322),.UNSPECIFIED.,.F.,.F.)
B_SPLINE_CURVE_WITH_KNOTS((3,2,3),(0.,0.5,1.),.PIECEWISE_BEZIER_KNOTS.)
CURVE()
GEOMETRIC_REPRESENTATION_ITEM()
RATIONAL_B_SPLINE_CURVE((1.,0.98078528040323,1.,0.98078528040323,1.))
REPRESENTATION_ITEM('')
);
#2712=(
BOUNDED_CURVE()
B_SPLINE_CURVE(2,(#7324,#7325,#7326,#7327,#7328),.UNSPECIFIED.,.F.,.F.)
B_SPLINE_CURVE_WITH_KNOTS((3,2,3),(0.,0.5,1.),.PIECEWISE_BEZIER_KNOTS.)
CURVE()
GEOMETRIC_REPRESENTATION_ITEM()
RATIONAL_B_SPLINE_CURVE((1.,0.98078528040323,1.,0.98078528040323,1.))
REPRESENTATION_ITEM('')
);
#2713=(
BOUNDED_CURVE()
B_SPLINE_CURVE(2,(#7330,#7331,#7332,#7333,#7334),.UNSPECIFIED.,.F.,.F.)
B_SPLINE_CURVE_WITH_KNOTS((3,2,3),(0.,0.5,1.),.PIECEWISE_BEZIER_KNOTS.)
CURVE()
GEOMETRIC_REPRESENTATION_ITEM()
RATIONAL_B_SPLINE_CURVE((1.,0.98078528040323,1.,0.98078528040323,1.))
REPRESENTATION_ITEM('')
);
#2714=(
BOUNDED_CURVE()
B_SPLINE_CURVE(2,(#7336,#7337,#7338,#7339,#7340),.UNSPECIFIED.,.F.,.F.)
B_SPLINE_CURVE_WITH_KNOTS((3,2,3),(0.,0.5,1.),.PIECEWISE_BEZIER_KNOTS.)
CURVE()
GEOMETRIC_REPRESENTATION_ITEM()
RATIONAL_B_SPLINE_CURVE((1.,0.98078528040323,1.,0.98078528040323,1.))
REPRESENTATION_ITEM('')
);
#2715=(
BOUNDED_CURVE()
B_SPLINE_CURVE(2,(#7342,#7343,#7344,#7345,#7346),.UNSPECIFIED.,.F.,.F.)
B_SPLINE_CURVE_WITH_KNOTS((3,2,3),(0.,0.5,1.),.PIECEWISE_BEZIER_KNOTS.)
CURVE()
GEOMETRIC_REPRESENTATION_ITEM()
RATIONAL_B_SPLINE_CURVE((1.,0.98078528040323,1.,0.98078528040323,1.))
REPRESENTATION_ITEM('')
);
#2716=(
BOUNDED_CURVE()
B_SPLINE_CURVE(2,(#7348,#7349,#7350,#7351,#7352),.UNSPECIFIED.,.F.,.F.)
B_SPLINE_CURVE_WITH_KNOTS((3,2,3),(0.,0.5,1.),.PIECEWISE_BEZIER_KNOTS.)
CURVE()
GEOMETRIC_REPRESENTATION_ITEM()
RATIONAL_B_SPLINE_CURVE((1.,0.98078528040323,1.,0.98078528040323,1.))
REPRESENTATION_ITEM('')
);
#2717=(
BOUNDED_CURVE()
B_SPLINE_CURVE(2,(#7354,#7355,#7356,#7357,#7358),.UNSPECIFIED.,.F.,.F.)
B_SPLINE_CURVE_WITH_KNOTS((3,2,3),(0.,0.5,1.),.PIECEWISE_BEZIER_KNOTS.)
CURVE()
GEOMETRIC_REPRESENTATION_ITEM()
RATIONAL_B_SPLINE_CURVE((1.,0.98078528040323,1.,0.98078528040323,1.))
REPRESENTATION_ITEM('')
);
#2718=(
BOUNDED_CURVE()
B_SPLINE_CURVE(2,(#7360,#7361,#7362,#7363,#7364),.UNSPECIFIED.,.F.,.F.)
B_SPLINE_CURVE_WITH_KNOTS((3,2,3),(0.,0.5,1.),.PIECEWISE_BEZIER_KNOTS.)
CURVE()
GEOMETRIC_REPRESENTATION_ITEM()
RATIONAL_B_SPLINE_CURVE((1.,0.98078528040323,1.,0.98078528040323,1.))
REPRESENTATION_ITEM('')
);
#2719=(
BOUNDED_CURVE()
B_SPLINE_CURVE(2,(#7366,#7367,#7368,#7369,#7370),.UNSPECIFIED.,.F.,.F.)
B_SPLINE_CURVE_WITH_KNOTS((3,2,3),(0.,0.5,1.),.PIECEWISE_BEZIER_KNOTS.)
CURVE()
GEOMETRIC_REPRESENTATION_ITEM()
RATIONAL_B_SPLINE_CURVE((1.,0.98078528040323,1.,0.98078528040323,1.))
REPRESENTATION_ITEM('')
);
#2720=(
BOUNDED_CURVE()
B_SPLINE_CURVE(2,(#7376,#7377,#7378,#7379,#7380),.UNSPECIFIED.,.F.,.F.)
B_SPLINE_CURVE_WITH_KNOTS((3,2,3),(0.,0.5,1.),.PIECEWISE_BEZIER_KNOTS.)
CURVE()
GEOMETRIC_REPRESENTATION_ITEM()
RATIONAL_B_SPLINE_CURVE((1.,0.98078528040323,1.,0.98078528040323,1.))
REPRESENTATION_ITEM('')
);
#2721=(
BOUNDED_CURVE()
B_SPLINE_CURVE(2,(#7382,#7383,#7384,#7385,#7386),.UNSPECIFIED.,.F.,.F.)
B_SPLINE_CURVE_WITH_KNOTS((3,2,3),(0.,0.5,1.),.PIECEWISE_BEZIER_KNOTS.)
CURVE()
GEOMETRIC_REPRESENTATION_ITEM()
RATIONAL_B_SPLINE_CURVE((1.,0.98078528040323,1.,0.98078528040323,1.))
REPRESENTATION_ITEM('')
);
#2722=(
BOUNDED_CURVE()
B_SPLINE_CURVE(2,(#7390,#7391,#7392,#7393,#7394),.UNSPECIFIED.,.F.,.F.)
B_SPLINE_CURVE_WITH_KNOTS((3,2,3),(0.,0.5,1.),.PIECEWISE_BEZIER_KNOTS.)
CURVE()
GEOMETRIC_REPRESENTATION_ITEM()
RATIONAL_B_SPLINE_CURVE((1.,0.98078528040323,1.,0.98078528040323,1.))
REPRESENTATION_ITEM('')
);
#2723=(
BOUNDED_CURVE()
B_SPLINE_CURVE(2,(#7396,#7397,#7398,#7399,#7400),.UNSPECIFIED.,.F.,.F.)
B_SPLINE_CURVE_WITH_KNOTS((3,2,3),(0.,0.5,1.),.PIECEWISE_BEZIER_KNOTS.)
CURVE()
GEOMETRIC_REPRESENTATION_ITEM()
RATIONAL_B_SPLINE_CURVE((1.,0.98078528040323,1.,0.98078528040323,1.))
REPRESENTATION_ITEM('')
);
#2724=(
BOUNDED_CURVE()
B_SPLINE_CURVE(2,(#7402,#7403,#7404,#7405,#7406),.UNSPECIFIED.,.F.,.F.)
B_SPLINE_CURVE_WITH_KNOTS((3,2,3),(0.,0.5,1.),.PIECEWISE_BEZIER_KNOTS.)
CURVE()
GEOMETRIC_REPRESENTATION_ITEM()
RATIONAL_B_SPLINE_CURVE((1.,0.98078528040323,1.,0.98078528040323,1.))
REPRESENTATION_ITEM('')
);
#2725=(
BOUNDED_CURVE()
B_SPLINE_CURVE(2,(#7408,#7409,#7410,#7411,#7412),.UNSPECIFIED.,.F.,.F.)
B_SPLINE_CURVE_WITH_KNOTS((3,2,3),(0.,0.5,1.),.PIECEWISE_BEZIER_KNOTS.)
CURVE()
GEOMETRIC_REPRESENTATION_ITEM()
RATIONAL_B_SPLINE_CURVE((1.,0.98078528040323,1.,0.98078528040323,1.))
REPRESENTATION_ITEM('')
);
#2726=(
BOUNDED_CURVE()
B_SPLINE_CURVE(2,(#7414,#7415,#7416,#7417,#7418),.UNSPECIFIED.,.F.,.F.)
B_SPLINE_CURVE_WITH_KNOTS((3,2,3),(0.,0.5,1.),.PIECEWISE_BEZIER_KNOTS.)
CURVE()
GEOMETRIC_REPRESENTATION_ITEM()
RATIONAL_B_SPLINE_CURVE((1.,0.98078528040323,1.,0.98078528040323,1.))
REPRESENTATION_ITEM('')
);
#2727=(
BOUNDED_CURVE()
B_SPLINE_CURVE(2,(#7420,#7421,#7422,#7423,#7424),.UNSPECIFIED.,.F.,.F.)
B_SPLINE_CURVE_WITH_KNOTS((3,2,3),(0.,0.5,1.),.PIECEWISE_BEZIER_KNOTS.)
CURVE()
GEOMETRIC_REPRESENTATION_ITEM()
RATIONAL_B_SPLINE_CURVE((1.,0.98078528040323,1.,0.98078528040323,1.))
REPRESENTATION_ITEM('')
);
#2728=(
BOUNDED_CURVE()
B_SPLINE_CURVE(2,(#7426,#7427,#7428,#7429,#7430),.UNSPECIFIED.,.F.,.F.)
B_SPLINE_CURVE_WITH_KNOTS((3,2,3),(0.,0.5,1.),.PIECEWISE_BEZIER_KNOTS.)
CURVE()
GEOMETRIC_REPRESENTATION_ITEM()
RATIONAL_B_SPLINE_CURVE((1.,0.98078528040323,1.,0.98078528040323,1.))
REPRESENTATION_ITEM('')
);
#2729=(
BOUNDED_CURVE()
B_SPLINE_CURVE(2,(#7432,#7433,#7434,#7435,#7436),.UNSPECIFIED.,.F.,.F.)
B_SPLINE_CURVE_WITH_KNOTS((3,2,3),(0.,0.5,1.),.PIECEWISE_BEZIER_KNOTS.)
CURVE()
GEOMETRIC_REPRESENTATION_ITEM()
RATIONAL_B_SPLINE_CURVE((1.,0.98078528040323,1.,0.98078528040323,1.))
REPRESENTATION_ITEM('')
);
#2730=(
BOUNDED_CURVE()
B_SPLINE_CURVE(2,(#7438,#7439,#7440,#7441,#7442),.UNSPECIFIED.,.F.,.F.)
B_SPLINE_CURVE_WITH_KNOTS((3,2,3),(0.,0.5,1.),.PIECEWISE_BEZIER_KNOTS.)
CURVE()
GEOMETRIC_REPRESENTATION_ITEM()
RATIONAL_B_SPLINE_CURVE((1.,0.98078528040323,1.,0.98078528040323,1.))
REPRESENTATION_ITEM('')
);
#2731=(
BOUNDED_CURVE()
B_SPLINE_CURVE(2,(#7444,#7445,#7446,#7447,#7448),.UNSPECIFIED.,.F.,.F.)
B_SPLINE_CURVE_WITH_KNOTS((3,2,3),(0.,0.5,1.),.PIECEWISE_BEZIER_KNOTS.)
CURVE()
GEOMETRIC_REPRESENTATION_ITEM()
RATIONAL_B_SPLINE_CURVE((1.,0.98078528040323,1.,0.98078528040323,1.))
REPRESENTATION_ITEM('')
);
#2732=(
BOUNDED_CURVE()
B_SPLINE_CURVE(2,(#7454,#7455,#7456,#7457,#7458),.UNSPECIFIED.,.F.,.F.)
B_SPLINE_CURVE_WITH_KNOTS((3,2,3),(0.,0.5,1.),.PIECEWISE_BEZIER_KNOTS.)
CURVE()
GEOMETRIC_REPRESENTATION_ITEM()
RATIONAL_B_SPLINE_CURVE((1.,0.98078528040323,1.,0.98078528040323,1.))
REPRESENTATION_ITEM('')
);
#2733=(
BOUNDED_CURVE()
B_SPLINE_CURVE(2,(#7460,#7461,#7462,#7463,#7464),.UNSPECIFIED.,.F.,.F.)
B_SPLINE_CURVE_WITH_KNOTS((3,2,3),(0.,0.5,1.),.PIECEWISE_BEZIER_KNOTS.)
CURVE()
GEOMETRIC_REPRESENTATION_ITEM()
RATIONAL_B_SPLINE_CURVE((1.,0.98078528040323,1.,0.98078528040323,1.))
REPRESENTATION_ITEM('')
);
#2734=(
BOUNDED_CURVE()
B_SPLINE_CURVE(2,(#7468,#7469,#7470,#7471,#7472),.UNSPECIFIED.,.F.,.F.)
B_SPLINE_CURVE_WITH_KNOTS((3,2,3),(0.,0.5,1.),.PIECEWISE_BEZIER_KNOTS.)
CURVE()
GEOMETRIC_REPRESENTATION_ITEM()
RATIONAL_B_SPLINE_CURVE((1.,0.98078528040323,1.,0.98078528040323,1.))
REPRESENTATION_ITEM('')
);
#2735=(
BOUNDED_CURVE()
B_SPLINE_CURVE(2,(#7474,#7475,#7476,#7477,#7478),.UNSPECIFIED.,.F.,.F.)
B_SPLINE_CURVE_WITH_KNOTS((3,2,3),(0.,0.5,1.),.PIECEWISE_BEZIER_KNOTS.)
CURVE()
GEOMETRIC_REPRESENTATION_ITEM()
RATIONAL_B_SPLINE_CURVE((1.,0.98078528040323,1.,0.98078528040323,1.))
REPRESENTATION_ITEM('')
);
#2736=(
BOUNDED_CURVE()
B_SPLINE_CURVE(2,(#7480,#7481,#7482,#7483,#7484),.UNSPECIFIED.,.F.,.F.)
B_SPLINE_CURVE_WITH_KNOTS((3,2,3),(0.,0.5,1.),.PIECEWISE_BEZIER_KNOTS.)
CURVE()
GEOMETRIC_REPRESENTATION_ITEM()
RATIONAL_B_SPLINE_CURVE((1.,0.98078528040323,1.,0.98078528040323,1.))
REPRESENTATION_ITEM('')
);
#2737=(
BOUNDED_CURVE()
B_SPLINE_CURVE(2,(#7486,#7487,#7488,#7489,#7490),.UNSPECIFIED.,.F.,.F.)
B_SPLINE_CURVE_WITH_KNOTS((3,2,3),(0.,0.5,1.),.PIECEWISE_BEZIER_KNOTS.)
CURVE()
GEOMETRIC_REPRESENTATION_ITEM()
RATIONAL_B_SPLINE_CURVE((1.,0.98078528040323,1.,0.98078528040323,1.))
REPRESENTATION_ITEM('')
);
#2738=(
BOUNDED_CURVE()
B_SPLINE_CURVE(2,(#7492,#7493,#7494,#7495,#7496),.UNSPECIFIED.,.F.,.F.)
B_SPLINE_CURVE_WITH_KNOTS((3,2,3),(0.,0.5,1.),.PIECEWISE_BEZIER_KNOTS.)
CURVE()
GEOMETRIC_REPRESENTATION_ITEM()
RATIONAL_B_SPLINE_CURVE((1.,0.98078528040323,1.,0.98078528040323,1.))
REPRESENTATION_ITEM('')
);
#2739=(
BOUNDED_CURVE()
B_SPLINE_CURVE(2,(#7498,#7499,#7500,#7501,#7502),.UNSPECIFIED.,.F.,.F.)
B_SPLINE_CURVE_WITH_KNOTS((3,2,3),(0.,0.5,1.),.PIECEWISE_BEZIER_KNOTS.)
CURVE()
GEOMETRIC_REPRESENTATION_ITEM()
RATIONAL_B_SPLINE_CURVE((1.,0.98078528040323,1.,0.98078528040323,1.))
REPRESENTATION_ITEM('')
);
#2740=(
BOUNDED_CURVE()
B_SPLINE_CURVE(2,(#7504,#7505,#7506,#7507,#7508),.UNSPECIFIED.,.F.,.F.)
B_SPLINE_CURVE_WITH_KNOTS((3,2,3),(0.,0.5,1.),.PIECEWISE_BEZIER_KNOTS.)
CURVE()
GEOMETRIC_REPRESENTATION_ITEM()
RATIONAL_B_SPLINE_CURVE((1.,0.98078528040323,1.,0.98078528040323,1.))
REPRESENTATION_ITEM('')
);
#2741=(
BOUNDED_CURVE()
B_SPLINE_CURVE(2,(#7510,#7511,#7512,#7513,#7514),.UNSPECIFIED.,.F.,.F.)
B_SPLINE_CURVE_WITH_KNOTS((3,2,3),(0.,0.5,1.),.PIECEWISE_BEZIER_KNOTS.)
CURVE()
GEOMETRIC_REPRESENTATION_ITEM()
RATIONAL_B_SPLINE_CURVE((1.,0.98078528040323,1.,0.98078528040323,1.))
REPRESENTATION_ITEM('')
);
#2742=(
BOUNDED_CURVE()
B_SPLINE_CURVE(2,(#7516,#7517,#7518,#7519,#7520),.UNSPECIFIED.,.F.,.F.)
B_SPLINE_CURVE_WITH_KNOTS((3,2,3),(0.,0.5,1.),.PIECEWISE_BEZIER_KNOTS.)
CURVE()
GEOMETRIC_REPRESENTATION_ITEM()
RATIONAL_B_SPLINE_CURVE((1.,0.98078528040323,1.,0.98078528040323,1.))
REPRESENTATION_ITEM('')
);
#2743=(
BOUNDED_CURVE()
B_SPLINE_CURVE(2,(#7522,#7523,#7524,#7525,#7526),.UNSPECIFIED.,.F.,.F.)
B_SPLINE_CURVE_WITH_KNOTS((3,2,3),(0.,0.5,1.),.PIECEWISE_BEZIER_KNOTS.)
CURVE()
GEOMETRIC_REPRESENTATION_ITEM()
RATIONAL_B_SPLINE_CURVE((1.,0.98078528040323,1.,0.98078528040323,1.))
REPRESENTATION_ITEM('')
);
#2744=(
BOUNDED_CURVE()
B_SPLINE_CURVE(2,(#7532,#7533,#7534,#7535,#7536),.UNSPECIFIED.,.F.,.F.)
B_SPLINE_CURVE_WITH_KNOTS((3,2,3),(0.,0.5,1.),.PIECEWISE_BEZIER_KNOTS.)
CURVE()
GEOMETRIC_REPRESENTATION_ITEM()
RATIONAL_B_SPLINE_CURVE((1.,0.98078528040323,1.,0.98078528040323,1.))
REPRESENTATION_ITEM('')
);
#2745=(
BOUNDED_CURVE()
B_SPLINE_CURVE(2,(#7538,#7539,#7540,#7541,#7542),.UNSPECIFIED.,.F.,.F.)
B_SPLINE_CURVE_WITH_KNOTS((3,2,3),(0.,0.5,1.),.PIECEWISE_BEZIER_KNOTS.)
CURVE()
GEOMETRIC_REPRESENTATION_ITEM()
RATIONAL_B_SPLINE_CURVE((1.,0.98078528040323,1.,0.98078528040323,1.))
REPRESENTATION_ITEM('')
);
#2746=(
BOUNDED_CURVE()
B_SPLINE_CURVE(2,(#7546,#7547,#7548,#7549,#7550),.UNSPECIFIED.,.F.,.F.)
B_SPLINE_CURVE_WITH_KNOTS((3,2,3),(0.,0.5,1.),.PIECEWISE_BEZIER_KNOTS.)
CURVE()
GEOMETRIC_REPRESENTATION_ITEM()
RATIONAL_B_SPLINE_CURVE((1.,0.98078528040323,1.,0.98078528040323,1.))
REPRESENTATION_ITEM('')
);
#2747=(
BOUNDED_CURVE()
B_SPLINE_CURVE(2,(#7552,#7553,#7554,#7555,#7556),.UNSPECIFIED.,.F.,.F.)
B_SPLINE_CURVE_WITH_KNOTS((3,2,3),(0.,0.5,1.),.PIECEWISE_BEZIER_KNOTS.)
CURVE()
GEOMETRIC_REPRESENTATION_ITEM()
RATIONAL_B_SPLINE_CURVE((1.,0.98078528040323,1.,0.98078528040323,1.))
REPRESENTATION_ITEM('')
);
#2748=(
BOUNDED_CURVE()
B_SPLINE_CURVE(2,(#7558,#7559,#7560,#7561,#7562),.UNSPECIFIED.,.F.,.F.)
B_SPLINE_CURVE_WITH_KNOTS((3,2,3),(0.,0.5,1.),.PIECEWISE_BEZIER_KNOTS.)
CURVE()
GEOMETRIC_REPRESENTATION_ITEM()
RATIONAL_B_SPLINE_CURVE((1.,0.98078528040323,1.,0.98078528040323,1.))
REPRESENTATION_ITEM('')
);
#2749=(
BOUNDED_CURVE()
B_SPLINE_CURVE(2,(#7564,#7565,#7566,#7567,#7568),.UNSPECIFIED.,.F.,.F.)
B_SPLINE_CURVE_WITH_KNOTS((3,2,3),(0.,0.5,1.),.PIECEWISE_BEZIER_KNOTS.)
CURVE()
GEOMETRIC_REPRESENTATION_ITEM()
RATIONAL_B_SPLINE_CURVE((1.,0.98078528040323,1.,0.98078528040323,1.))
REPRESENTATION_ITEM('')
);
#2750=(
BOUNDED_CURVE()
B_SPLINE_CURVE(2,(#7570,#7571,#7572,#7573,#7574),.UNSPECIFIED.,.F.,.F.)
B_SPLINE_CURVE_WITH_KNOTS((3,2,3),(0.,0.5,1.),.PIECEWISE_BEZIER_KNOTS.)
CURVE()
GEOMETRIC_REPRESENTATION_ITEM()
RATIONAL_B_SPLINE_CURVE((1.,0.98078528040323,1.,0.98078528040323,1.))
REPRESENTATION_ITEM('')
);
#2751=(
BOUNDED_CURVE()
B_SPLINE_CURVE(2,(#7576,#7577,#7578,#7579,#7580),.UNSPECIFIED.,.F.,.F.)
B_SPLINE_CURVE_WITH_KNOTS((3,2,3),(0.,0.5,1.),.PIECEWISE_BEZIER_KNOTS.)
CURVE()
GEOMETRIC_REPRESENTATION_ITEM()
RATIONAL_B_SPLINE_CURVE((1.,0.98078528040323,1.,0.98078528040323,1.))
REPRESENTATION_ITEM('')
);
#2752=(
BOUNDED_CURVE()
B_SPLINE_CURVE(2,(#7582,#7583,#7584,#7585,#7586),.UNSPECIFIED.,.F.,.F.)
B_SPLINE_CURVE_WITH_KNOTS((3,2,3),(0.,0.5,1.),.PIECEWISE_BEZIER_KNOTS.)
CURVE()
GEOMETRIC_REPRESENTATION_ITEM()
RATIONAL_B_SPLINE_CURVE((1.,0.98078528040323,1.,0.98078528040323,1.))
REPRESENTATION_ITEM('')
);
#2753=(
BOUNDED_CURVE()
B_SPLINE_CURVE(2,(#7588,#7589,#7590,#7591,#7592),.UNSPECIFIED.,.F.,.F.)
B_SPLINE_CURVE_WITH_KNOTS((3,2,3),(0.,0.5,1.),.PIECEWISE_BEZIER_KNOTS.)
CURVE()
GEOMETRIC_REPRESENTATION_ITEM()
RATIONAL_B_SPLINE_CURVE((1.,0.98078528040323,1.,0.98078528040323,1.))
REPRESENTATION_ITEM('')
);
#2754=(
BOUNDED_CURVE()
B_SPLINE_CURVE(2,(#7594,#7595,#7596,#7597,#7598),.UNSPECIFIED.,.F.,.F.)
B_SPLINE_CURVE_WITH_KNOTS((3,2,3),(0.,0.5,1.),.PIECEWISE_BEZIER_KNOTS.)
CURVE()
GEOMETRIC_REPRESENTATION_ITEM()
RATIONAL_B_SPLINE_CURVE((1.,0.98078528040323,1.,0.98078528040323,1.))
REPRESENTATION_ITEM('')
);
#2755=(
BOUNDED_CURVE()
B_SPLINE_CURVE(2,(#7600,#7601,#7602,#7603,#7604),.UNSPECIFIED.,.F.,.F.)
B_SPLINE_CURVE_WITH_KNOTS((3,2,3),(0.,0.5,1.),.PIECEWISE_BEZIER_KNOTS.)
CURVE()
GEOMETRIC_REPRESENTATION_ITEM()
RATIONAL_B_SPLINE_CURVE((1.,0.98078528040323,1.,0.98078528040323,1.))
REPRESENTATION_ITEM('')
);
#2756=(
BOUNDED_CURVE()
B_SPLINE_CURVE(2,(#7610,#7611,#7612,#7613,#7614),.UNSPECIFIED.,.F.,.F.)
B_SPLINE_CURVE_WITH_KNOTS((3,2,3),(0.,0.5,1.),.PIECEWISE_BEZIER_KNOTS.)
CURVE()
GEOMETRIC_REPRESENTATION_ITEM()
RATIONAL_B_SPLINE_CURVE((1.,0.98078528040323,1.,0.98078528040323,1.))
REPRESENTATION_ITEM('')
);
#2757=(
BOUNDED_CURVE()
B_SPLINE_CURVE(2,(#7616,#7617,#7618,#7619,#7620),.UNSPECIFIED.,.F.,.F.)
B_SPLINE_CURVE_WITH_KNOTS((3,2,3),(0.,0.5,1.),.PIECEWISE_BEZIER_KNOTS.)
CURVE()
GEOMETRIC_REPRESENTATION_ITEM()
RATIONAL_B_SPLINE_CURVE((1.,0.98078528040323,1.,0.98078528040323,1.))
REPRESENTATION_ITEM('')
);
#2758=(
BOUNDED_CURVE()
B_SPLINE_CURVE(2,(#7624,#7625,#7626,#7627,#7628),.UNSPECIFIED.,.F.,.F.)
B_SPLINE_CURVE_WITH_KNOTS((3,2,3),(0.,0.5,1.),.PIECEWISE_BEZIER_KNOTS.)
CURVE()
GEOMETRIC_REPRESENTATION_ITEM()
RATIONAL_B_SPLINE_CURVE((1.,0.98078528040323,1.,0.98078528040323,1.))
REPRESENTATION_ITEM('')
);
#2759=(
BOUNDED_CURVE()
B_SPLINE_CURVE(2,(#7630,#7631,#7632,#7633,#7634),.UNSPECIFIED.,.F.,.F.)
B_SPLINE_CURVE_WITH_KNOTS((3,2,3),(0.,0.5,1.),.PIECEWISE_BEZIER_KNOTS.)
CURVE()
GEOMETRIC_REPRESENTATION_ITEM()
RATIONAL_B_SPLINE_CURVE((1.,0.98078528040323,1.,0.98078528040323,1.))
REPRESENTATION_ITEM('')
);
#2760=(
BOUNDED_CURVE()
B_SPLINE_CURVE(2,(#7636,#7637,#7638,#7639,#7640),.UNSPECIFIED.,.F.,.F.)
B_SPLINE_CURVE_WITH_KNOTS((3,2,3),(0.,0.5,1.),.PIECEWISE_BEZIER_KNOTS.)
CURVE()
GEOMETRIC_REPRESENTATION_ITEM()
RATIONAL_B_SPLINE_CURVE((1.,0.98078528040323,1.,0.98078528040323,1.))
REPRESENTATION_ITEM('')
);
#2761=(
BOUNDED_CURVE()
B_SPLINE_CURVE(2,(#7642,#7643,#7644,#7645,#7646),.UNSPECIFIED.,.F.,.F.)
B_SPLINE_CURVE_WITH_KNOTS((3,2,3),(0.,0.5,1.),.PIECEWISE_BEZIER_KNOTS.)
CURVE()
GEOMETRIC_REPRESENTATION_ITEM()
RATIONAL_B_SPLINE_CURVE((1.,0.98078528040323,1.,0.98078528040323,1.))
REPRESENTATION_ITEM('')
);
#2762=(
BOUNDED_CURVE()
B_SPLINE_CURVE(2,(#7648,#7649,#7650,#7651,#7652),.UNSPECIFIED.,.F.,.F.)
B_SPLINE_CURVE_WITH_KNOTS((3,2,3),(0.,0.5,1.),.PIECEWISE_BEZIER_KNOTS.)
CURVE()
GEOMETRIC_REPRESENTATION_ITEM()
RATIONAL_B_SPLINE_CURVE((1.,0.98078528040323,1.,0.98078528040323,1.))
REPRESENTATION_ITEM('')
);
#2763=(
BOUNDED_CURVE()
B_SPLINE_CURVE(2,(#7654,#7655,#7656,#7657,#7658),.UNSPECIFIED.,.F.,.F.)
B_SPLINE_CURVE_WITH_KNOTS((3,2,3),(0.,0.5,1.),.PIECEWISE_BEZIER_KNOTS.)
CURVE()
GEOMETRIC_REPRESENTATION_ITEM()
RATIONAL_B_SPLINE_CURVE((1.,0.98078528040323,1.,0.98078528040323,1.))
REPRESENTATION_ITEM('')
);
#2764=(
BOUNDED_CURVE()
B_SPLINE_CURVE(2,(#7660,#7661,#7662,#7663,#7664),.UNSPECIFIED.,.F.,.F.)
B_SPLINE_CURVE_WITH_KNOTS((3,2,3),(0.,0.5,1.),.PIECEWISE_BEZIER_KNOTS.)
CURVE()
GEOMETRIC_REPRESENTATION_ITEM()
RATIONAL_B_SPLINE_CURVE((1.,0.98078528040323,1.,0.98078528040323,1.))
REPRESENTATION_ITEM('')
);
#2765=(
BOUNDED_CURVE()
B_SPLINE_CURVE(2,(#7666,#7667,#7668,#7669,#7670),.UNSPECIFIED.,.F.,.F.)
B_SPLINE_CURVE_WITH_KNOTS((3,2,3),(0.,0.5,1.),.PIECEWISE_BEZIER_KNOTS.)
CURVE()
GEOMETRIC_REPRESENTATION_ITEM()
RATIONAL_B_SPLINE_CURVE((1.,0.98078528040323,1.,0.98078528040323,1.))
REPRESENTATION_ITEM('')
);
#2766=(
BOUNDED_CURVE()
B_SPLINE_CURVE(2,(#7672,#7673,#7674,#7675,#7676),.UNSPECIFIED.,.F.,.F.)
B_SPLINE_CURVE_WITH_KNOTS((3,2,3),(0.,0.5,1.),.PIECEWISE_BEZIER_KNOTS.)
CURVE()
GEOMETRIC_REPRESENTATION_ITEM()
RATIONAL_B_SPLINE_CURVE((1.,0.98078528040323,1.,0.98078528040323,1.))
REPRESENTATION_ITEM('')
);
#2767=(
BOUNDED_CURVE()
B_SPLINE_CURVE(2,(#7678,#7679,#7680,#7681,#7682),.UNSPECIFIED.,.F.,.F.)
B_SPLINE_CURVE_WITH_KNOTS((3,2,3),(0.,0.5,1.),.PIECEWISE_BEZIER_KNOTS.)
CURVE()
GEOMETRIC_REPRESENTATION_ITEM()
RATIONAL_B_SPLINE_CURVE((1.,0.98078528040323,1.,0.98078528040323,1.))
REPRESENTATION_ITEM('')
);
#2768=(
BOUNDED_CURVE()
B_SPLINE_CURVE(2,(#7688,#7689,#7690,#7691,#7692),.UNSPECIFIED.,.F.,.F.)
B_SPLINE_CURVE_WITH_KNOTS((3,2,3),(0.,0.5,1.),.PIECEWISE_BEZIER_KNOTS.)
CURVE()
GEOMETRIC_REPRESENTATION_ITEM()
RATIONAL_B_SPLINE_CURVE((1.,0.98078528040323,1.,0.98078528040323,1.))
REPRESENTATION_ITEM('')
);
#2769=(
BOUNDED_CURVE()
B_SPLINE_CURVE(2,(#7694,#7695,#7696,#7697,#7698),.UNSPECIFIED.,.F.,.F.)
B_SPLINE_CURVE_WITH_KNOTS((3,2,3),(0.,0.5,1.),.PIECEWISE_BEZIER_KNOTS.)
CURVE()
GEOMETRIC_REPRESENTATION_ITEM()
RATIONAL_B_SPLINE_CURVE((1.,0.98078528040323,1.,0.98078528040323,1.))
REPRESENTATION_ITEM('')
);
#2770=(
BOUNDED_CURVE()
B_SPLINE_CURVE(2,(#7702,#7703,#7704,#7705,#7706),.UNSPECIFIED.,.F.,.F.)
B_SPLINE_CURVE_WITH_KNOTS((3,2,3),(0.,0.5,1.),.PIECEWISE_BEZIER_KNOTS.)
CURVE()
GEOMETRIC_REPRESENTATION_ITEM()
RATIONAL_B_SPLINE_CURVE((1.,0.98078528040323,1.,0.98078528040323,1.))
REPRESENTATION_ITEM('')
);
#2771=(
BOUNDED_CURVE()
B_SPLINE_CURVE(2,(#7708,#7709,#7710,#7711,#7712),.UNSPECIFIED.,.F.,.F.)
B_SPLINE_CURVE_WITH_KNOTS((3,2,3),(0.,0.5,1.),.PIECEWISE_BEZIER_KNOTS.)
CURVE()
GEOMETRIC_REPRESENTATION_ITEM()
RATIONAL_B_SPLINE_CURVE((1.,0.98078528040323,1.,0.98078528040323,1.))
REPRESENTATION_ITEM('')
);
#2772=(
BOUNDED_CURVE()
B_SPLINE_CURVE(2,(#7714,#7715,#7716,#7717,#7718),.UNSPECIFIED.,.F.,.F.)
B_SPLINE_CURVE_WITH_KNOTS((3,2,3),(0.,0.5,1.),.PIECEWISE_BEZIER_KNOTS.)
CURVE()
GEOMETRIC_REPRESENTATION_ITEM()
RATIONAL_B_SPLINE_CURVE((1.,0.98078528040323,1.,0.98078528040323,1.))
REPRESENTATION_ITEM('')
);
#2773=(
BOUNDED_CURVE()
B_SPLINE_CURVE(2,(#7720,#7721,#7722,#7723,#7724),.UNSPECIFIED.,.F.,.F.)
B_SPLINE_CURVE_WITH_KNOTS((3,2,3),(0.,0.5,1.),.PIECEWISE_BEZIER_KNOTS.)
CURVE()
GEOMETRIC_REPRESENTATION_ITEM()
RATIONAL_B_SPLINE_CURVE((1.,0.98078528040323,1.,0.98078528040323,1.))
REPRESENTATION_ITEM('')
);
#2774=(
BOUNDED_CURVE()
B_SPLINE_CURVE(2,(#7726,#7727,#7728,#7729,#7730),.UNSPECIFIED.,.F.,.F.)
B_SPLINE_CURVE_WITH_KNOTS((3,2,3),(0.,0.5,1.),.PIECEWISE_BEZIER_KNOTS.)
CURVE()
GEOMETRIC_REPRESENTATION_ITEM()
RATIONAL_B_SPLINE_CURVE((1.,0.98078528040323,1.,0.98078528040323,1.))
REPRESENTATION_ITEM('')
);
#2775=(
BOUNDED_CURVE()
B_SPLINE_CURVE(2,(#7732,#7733,#7734,#7735,#7736),.UNSPECIFIED.,.F.,.F.)
B_SPLINE_CURVE_WITH_KNOTS((3,2,3),(0.,0.5,1.),.PIECEWISE_BEZIER_KNOTS.)
CURVE()
GEOMETRIC_REPRESENTATION_ITEM()
RATIONAL_B_SPLINE_CURVE((1.,0.98078528040323,1.,0.98078528040323,1.))
REPRESENTATION_ITEM('')
);
#2776=(
BOUNDED_CURVE()
B_SPLINE_CURVE(2,(#7738,#7739,#7740,#7741,#7742),.UNSPECIFIED.,.F.,.F.)
B_SPLINE_CURVE_WITH_KNOTS((3,2,3),(0.,0.5,1.),.PIECEWISE_BEZIER_KNOTS.)
CURVE()
GEOMETRIC_REPRESENTATION_ITEM()
RATIONAL_B_SPLINE_CURVE((1.,0.98078528040323,1.,0.98078528040323,1.))
REPRESENTATION_ITEM('')
);
#2777=(
BOUNDED_CURVE()
B_SPLINE_CURVE(2,(#7744,#7745,#7746,#7747,#7748),.UNSPECIFIED.,.F.,.F.)
B_SPLINE_CURVE_WITH_KNOTS((3,2,3),(0.,0.5,1.),.PIECEWISE_BEZIER_KNOTS.)
CURVE()
GEOMETRIC_REPRESENTATION_ITEM()
RATIONAL_B_SPLINE_CURVE((1.,0.98078528040323,1.,0.98078528040323,1.))
REPRESENTATION_ITEM('')
);
#2778=(
BOUNDED_CURVE()
B_SPLINE_CURVE(2,(#7750,#7751,#7752,#7753,#7754),.UNSPECIFIED.,.F.,.F.)
B_SPLINE_CURVE_WITH_KNOTS((3,2,3),(0.,0.5,1.),.PIECEWISE_BEZIER_KNOTS.)
CURVE()
GEOMETRIC_REPRESENTATION_ITEM()
RATIONAL_B_SPLINE_CURVE((1.,0.98078528040323,1.,0.98078528040323,1.))
REPRESENTATION_ITEM('')
);
#2779=(
BOUNDED_CURVE()
B_SPLINE_CURVE(2,(#7756,#7757,#7758,#7759,#7760),.UNSPECIFIED.,.F.,.F.)
B_SPLINE_CURVE_WITH_KNOTS((3,2,3),(0.,0.5,1.),.PIECEWISE_BEZIER_KNOTS.)
CURVE()
GEOMETRIC_REPRESENTATION_ITEM()
RATIONAL_B_SPLINE_CURVE((1.,0.98078528040323,1.,0.98078528040323,1.))
REPRESENTATION_ITEM('')
);
#2780=(
BOUNDED_CURVE()
B_SPLINE_CURVE(2,(#7766,#7767,#7768,#7769,#7770),.UNSPECIFIED.,.F.,.F.)
B_SPLINE_CURVE_WITH_KNOTS((3,2,3),(0.,0.5,1.),.PIECEWISE_BEZIER_KNOTS.)
CURVE()
GEOMETRIC_REPRESENTATION_ITEM()
RATIONAL_B_SPLINE_CURVE((1.,0.98078528040323,1.,0.98078528040323,1.))
REPRESENTATION_ITEM('')
);
#2781=(
BOUNDED_CURVE()
B_SPLINE_CURVE(2,(#7772,#7773,#7774,#7775,#7776),.UNSPECIFIED.,.F.,.F.)
B_SPLINE_CURVE_WITH_KNOTS((3,2,3),(0.,0.5,1.),.PIECEWISE_BEZIER_KNOTS.)
CURVE()
GEOMETRIC_REPRESENTATION_ITEM()
RATIONAL_B_SPLINE_CURVE((1.,0.98078528040323,1.,0.98078528040323,1.))
REPRESENTATION_ITEM('')
);
#2782=(
BOUNDED_CURVE()
B_SPLINE_CURVE(2,(#7780,#7781,#7782,#7783,#7784),.UNSPECIFIED.,.F.,.F.)
B_SPLINE_CURVE_WITH_KNOTS((3,2,3),(0.,0.5,1.),.PIECEWISE_BEZIER_KNOTS.)
CURVE()
GEOMETRIC_REPRESENTATION_ITEM()
RATIONAL_B_SPLINE_CURVE((1.,0.98078528040323,1.,0.98078528040323,1.))
REPRESENTATION_ITEM('')
);
#2783=(
BOUNDED_CURVE()
B_SPLINE_CURVE(2,(#7786,#7787,#7788,#7789,#7790),.UNSPECIFIED.,.F.,.F.)
B_SPLINE_CURVE_WITH_KNOTS((3,2,3),(0.,0.5,1.),.PIECEWISE_BEZIER_KNOTS.)
CURVE()
GEOMETRIC_REPRESENTATION_ITEM()
RATIONAL_B_SPLINE_CURVE((1.,0.98078528040323,1.,0.98078528040323,1.))
REPRESENTATION_ITEM('')
);
#2784=(
BOUNDED_CURVE()
B_SPLINE_CURVE(2,(#7792,#7793,#7794,#7795,#7796),.UNSPECIFIED.,.F.,.F.)
B_SPLINE_CURVE_WITH_KNOTS((3,2,3),(0.,0.5,1.),.PIECEWISE_BEZIER_KNOTS.)
CURVE()
GEOMETRIC_REPRESENTATION_ITEM()
RATIONAL_B_SPLINE_CURVE((1.,0.98078528040323,1.,0.98078528040323,1.))
REPRESENTATION_ITEM('')
);
#2785=(
BOUNDED_CURVE()
B_SPLINE_CURVE(2,(#7798,#7799,#7800,#7801,#7802),.UNSPECIFIED.,.F.,.F.)
B_SPLINE_CURVE_WITH_KNOTS((3,2,3),(0.,0.5,1.),.PIECEWISE_BEZIER_KNOTS.)
CURVE()
GEOMETRIC_REPRESENTATION_ITEM()
RATIONAL_B_SPLINE_CURVE((1.,0.98078528040323,1.,0.98078528040323,1.))
REPRESENTATION_ITEM('')
);
#2786=(
BOUNDED_CURVE()
B_SPLINE_CURVE(2,(#7804,#7805,#7806,#7807,#7808),.UNSPECIFIED.,.F.,.F.)
B_SPLINE_CURVE_WITH_KNOTS((3,2,3),(0.,0.5,1.),.PIECEWISE_BEZIER_KNOTS.)
CURVE()
GEOMETRIC_REPRESENTATION_ITEM()
RATIONAL_B_SPLINE_CURVE((1.,0.98078528040323,1.,0.98078528040323,1.))
REPRESENTATION_ITEM('')
);
#2787=(
BOUNDED_CURVE()
B_SPLINE_CURVE(2,(#7810,#7811,#7812,#7813,#7814),.UNSPECIFIED.,.F.,.F.)
B_SPLINE_CURVE_WITH_KNOTS((3,2,3),(0.,0.5,1.),.PIECEWISE_BEZIER_KNOTS.)
CURVE()
GEOMETRIC_REPRESENTATION_ITEM()
RATIONAL_B_SPLINE_CURVE((1.,0.98078528040323,1.,0.98078528040323,1.))
REPRESENTATION_ITEM('')
);
#2788=(
BOUNDED_CURVE()
B_SPLINE_CURVE(2,(#7816,#7817,#7818,#7819,#7820),.UNSPECIFIED.,.F.,.F.)
B_SPLINE_CURVE_WITH_KNOTS((3,2,3),(0.,0.5,1.),.PIECEWISE_BEZIER_KNOTS.)
CURVE()
GEOMETRIC_REPRESENTATION_ITEM()
RATIONAL_B_SPLINE_CURVE((1.,0.98078528040323,1.,0.98078528040323,1.))
REPRESENTATION_ITEM('')
);
#2789=(
BOUNDED_CURVE()
B_SPLINE_CURVE(2,(#7822,#7823,#7824,#7825,#7826),.UNSPECIFIED.,.F.,.F.)
B_SPLINE_CURVE_WITH_KNOTS((3,2,3),(0.,0.5,1.),.PIECEWISE_BEZIER_KNOTS.)
CURVE()
GEOMETRIC_REPRESENTATION_ITEM()
RATIONAL_B_SPLINE_CURVE((1.,0.98078528040323,1.,0.98078528040323,1.))
REPRESENTATION_ITEM('')
);
#2790=(
BOUNDED_CURVE()
B_SPLINE_CURVE(2,(#7828,#7829,#7830,#7831,#7832),.UNSPECIFIED.,.F.,.F.)
B_SPLINE_CURVE_WITH_KNOTS((3,2,3),(0.,0.5,1.),.PIECEWISE_BEZIER_KNOTS.)
CURVE()
GEOMETRIC_REPRESENTATION_ITEM()
RATIONAL_B_SPLINE_CURVE((1.,0.98078528040323,1.,0.98078528040323,1.))
REPRESENTATION_ITEM('')
);
#2791=(
BOUNDED_CURVE()
B_SPLINE_CURVE(2,(#7834,#7835,#7836,#7837,#7838),.UNSPECIFIED.,.F.,.F.)
B_SPLINE_CURVE_WITH_KNOTS((3,2,3),(0.,0.5,1.),.PIECEWISE_BEZIER_KNOTS.)
CURVE()
GEOMETRIC_REPRESENTATION_ITEM()
RATIONAL_B_SPLINE_CURVE((1.,0.98078528040323,1.,0.98078528040323,1.))
REPRESENTATION_ITEM('')
);
#2792=(
BOUNDED_CURVE()
B_SPLINE_CURVE(2,(#7844,#7845,#7846,#7847,#7848),.UNSPECIFIED.,.F.,.F.)
B_SPLINE_CURVE_WITH_KNOTS((3,2,3),(0.,0.5,1.),.PIECEWISE_BEZIER_KNOTS.)
CURVE()
GEOMETRIC_REPRESENTATION_ITEM()
RATIONAL_B_SPLINE_CURVE((1.,0.98078528040323,1.,0.98078528040323,1.))
REPRESENTATION_ITEM('')
);
#2793=(
BOUNDED_CURVE()
B_SPLINE_CURVE(2,(#7850,#7851,#7852,#7853,#7854),.UNSPECIFIED.,.F.,.F.)
B_SPLINE_CURVE_WITH_KNOTS((3,2,3),(0.,0.5,1.),.PIECEWISE_BEZIER_KNOTS.)
CURVE()
GEOMETRIC_REPRESENTATION_ITEM()
RATIONAL_B_SPLINE_CURVE((1.,0.98078528040323,1.,0.98078528040323,1.))
REPRESENTATION_ITEM('')
);
#2794=(
BOUNDED_CURVE()
B_SPLINE_CURVE(2,(#7858,#7859,#7860,#7861,#7862),.UNSPECIFIED.,.F.,.F.)
B_SPLINE_CURVE_WITH_KNOTS((3,2,3),(0.,0.5,1.),.PIECEWISE_BEZIER_KNOTS.)
CURVE()
GEOMETRIC_REPRESENTATION_ITEM()
RATIONAL_B_SPLINE_CURVE((1.,0.98078528040323,1.,0.98078528040323,1.))
REPRESENTATION_ITEM('')
);
#2795=(
BOUNDED_CURVE()
B_SPLINE_CURVE(2,(#7864,#7865,#7866,#7867,#7868),.UNSPECIFIED.,.F.,.F.)
B_SPLINE_CURVE_WITH_KNOTS((3,2,3),(0.,0.5,1.),.PIECEWISE_BEZIER_KNOTS.)
CURVE()
GEOMETRIC_REPRESENTATION_ITEM()
RATIONAL_B_SPLINE_CURVE((1.,0.98078528040323,1.,0.98078528040323,1.))
REPRESENTATION_ITEM('')
);
#2796=(
BOUNDED_CURVE()
B_SPLINE_CURVE(2,(#7870,#7871,#7872,#7873,#7874),.UNSPECIFIED.,.F.,.F.)
B_SPLINE_CURVE_WITH_KNOTS((3,2,3),(0.,0.5,1.),.PIECEWISE_BEZIER_KNOTS.)
CURVE()
GEOMETRIC_REPRESENTATION_ITEM()
RATIONAL_B_SPLINE_CURVE((1.,0.98078528040323,1.,0.98078528040323,1.))
REPRESENTATION_ITEM('')
);
#2797=(
BOUNDED_CURVE()
B_SPLINE_CURVE(2,(#7876,#7877,#7878,#7879,#7880),.UNSPECIFIED.,.F.,.F.)
B_SPLINE_CURVE_WITH_KNOTS((3,2,3),(0.,0.5,1.),.PIECEWISE_BEZIER_KNOTS.)
CURVE()
GEOMETRIC_REPRESENTATION_ITEM()
RATIONAL_B_SPLINE_CURVE((1.,0.98078528040323,1.,0.98078528040323,1.))
REPRESENTATION_ITEM('')
);
#2798=(
BOUNDED_CURVE()
B_SPLINE_CURVE(2,(#7882,#7883,#7884,#7885,#7886),.UNSPECIFIED.,.F.,.F.)
B_SPLINE_CURVE_WITH_KNOTS((3,2,3),(0.,0.5,1.),.PIECEWISE_BEZIER_KNOTS.)
CURVE()
GEOMETRIC_REPRESENTATION_ITEM()
RATIONAL_B_SPLINE_CURVE((1.,0.98078528040323,1.,0.98078528040323,1.))
REPRESENTATION_ITEM('')
);
#2799=(
BOUNDED_CURVE()
B_SPLINE_CURVE(2,(#7888,#7889,#7890,#7891,#7892),.UNSPECIFIED.,.F.,.F.)
B_SPLINE_CURVE_WITH_KNOTS((3,2,3),(0.,0.5,1.),.PIECEWISE_BEZIER_KNOTS.)
CURVE()
GEOMETRIC_REPRESENTATION_ITEM()
RATIONAL_B_SPLINE_CURVE((1.,0.98078528040323,1.,0.98078528040323,1.))
REPRESENTATION_ITEM('')
);
#2800=(
BOUNDED_CURVE()
B_SPLINE_CURVE(2,(#7894,#7895,#7896,#7897,#7898),.UNSPECIFIED.,.F.,.F.)
B_SPLINE_CURVE_WITH_KNOTS((3,2,3),(0.,0.5,1.),.PIECEWISE_BEZIER_KNOTS.)
CURVE()
GEOMETRIC_REPRESENTATION_ITEM()
RATIONAL_B_SPLINE_CURVE((1.,0.98078528040323,1.,0.98078528040323,1.))
REPRESENTATION_ITEM('')
);
#2801=(
BOUNDED_CURVE()
B_SPLINE_CURVE(2,(#7900,#7901,#7902,#7903,#7904),.UNSPECIFIED.,.F.,.F.)
B_SPLINE_CURVE_WITH_KNOTS((3,2,3),(0.,0.5,1.),.PIECEWISE_BEZIER_KNOTS.)
CURVE()
GEOMETRIC_REPRESENTATION_ITEM()
RATIONAL_B_SPLINE_CURVE((1.,0.98078528040323,1.,0.98078528040323,1.))
REPRESENTATION_ITEM('')
);
#2802=(
BOUNDED_CURVE()
B_SPLINE_CURVE(2,(#7906,#7907,#7908,#7909,#7910),.UNSPECIFIED.,.F.,.F.)
B_SPLINE_CURVE_WITH_KNOTS((3,2,3),(0.,0.5,1.),.PIECEWISE_BEZIER_KNOTS.)
CURVE()
GEOMETRIC_REPRESENTATION_ITEM()
RATIONAL_B_SPLINE_CURVE((1.,0.98078528040323,1.,0.98078528040323,1.))
REPRESENTATION_ITEM('')
);
#2803=(
BOUNDED_CURVE()
B_SPLINE_CURVE(2,(#7912,#7913,#7914,#7915,#7916),.UNSPECIFIED.,.F.,.F.)
B_SPLINE_CURVE_WITH_KNOTS((3,2,3),(0.,0.5,1.),.PIECEWISE_BEZIER_KNOTS.)
CURVE()
GEOMETRIC_REPRESENTATION_ITEM()
RATIONAL_B_SPLINE_CURVE((1.,0.98078528040323,1.,0.98078528040323,1.))
REPRESENTATION_ITEM('')
);
#2804=(
BOUNDED_CURVE()
B_SPLINE_CURVE(2,(#7922,#7923,#7924,#7925,#7926),.UNSPECIFIED.,.F.,.F.)
B_SPLINE_CURVE_WITH_KNOTS((3,2,3),(0.,0.5,1.),.PIECEWISE_BEZIER_KNOTS.)
CURVE()
GEOMETRIC_REPRESENTATION_ITEM()
RATIONAL_B_SPLINE_CURVE((1.,0.98078528040323,1.,0.98078528040323,1.))
REPRESENTATION_ITEM('')
);
#2805=(
BOUNDED_CURVE()
B_SPLINE_CURVE(2,(#7928,#7929,#7930,#7931,#7932),.UNSPECIFIED.,.F.,.F.)
B_SPLINE_CURVE_WITH_KNOTS((3,2,3),(0.,0.5,1.),.PIECEWISE_BEZIER_KNOTS.)
CURVE()
GEOMETRIC_REPRESENTATION_ITEM()
RATIONAL_B_SPLINE_CURVE((1.,0.98078528040323,1.,0.98078528040323,1.))
REPRESENTATION_ITEM('')
);
#2806=(
BOUNDED_CURVE()
B_SPLINE_CURVE(2,(#7936,#7937,#7938,#7939,#7940),.UNSPECIFIED.,.F.,.F.)
B_SPLINE_CURVE_WITH_KNOTS((3,2,3),(0.,0.5,1.),.PIECEWISE_BEZIER_KNOTS.)
CURVE()
GEOMETRIC_REPRESENTATION_ITEM()
RATIONAL_B_SPLINE_CURVE((1.,0.98078528040323,1.,0.98078528040323,1.))
REPRESENTATION_ITEM('')
);
#2807=(
BOUNDED_CURVE()
B_SPLINE_CURVE(2,(#7942,#7943,#7944,#7945,#7946),.UNSPECIFIED.,.F.,.F.)
B_SPLINE_CURVE_WITH_KNOTS((3,2,3),(0.,0.5,1.),.PIECEWISE_BEZIER_KNOTS.)
CURVE()
GEOMETRIC_REPRESENTATION_ITEM()
RATIONAL_B_SPLINE_CURVE((1.,0.98078528040323,1.,0.98078528040323,1.))
REPRESENTATION_ITEM('')
);
#2808=(
BOUNDED_CURVE()
B_SPLINE_CURVE(2,(#7948,#7949,#7950,#7951,#7952),.UNSPECIFIED.,.F.,.F.)
B_SPLINE_CURVE_WITH_KNOTS((3,2,3),(0.,0.5,1.),.PIECEWISE_BEZIER_KNOTS.)
CURVE()
GEOMETRIC_REPRESENTATION_ITEM()
RATIONAL_B_SPLINE_CURVE((1.,0.98078528040323,1.,0.98078528040323,1.))
REPRESENTATION_ITEM('')
);
#2809=(
BOUNDED_CURVE()
B_SPLINE_CURVE(2,(#7954,#7955,#7956,#7957,#7958),.UNSPECIFIED.,.F.,.F.)
B_SPLINE_CURVE_WITH_KNOTS((3,2,3),(0.,0.5,1.),.PIECEWISE_BEZIER_KNOTS.)
CURVE()
GEOMETRIC_REPRESENTATION_ITEM()
RATIONAL_B_SPLINE_CURVE((1.,0.98078528040323,1.,0.98078528040323,1.))
REPRESENTATION_ITEM('')
);
#2810=(
BOUNDED_CURVE()
B_SPLINE_CURVE(2,(#7960,#7961,#7962,#7963,#7964),.UNSPECIFIED.,.F.,.F.)
B_SPLINE_CURVE_WITH_KNOTS((3,2,3),(0.,0.5,1.),.PIECEWISE_BEZIER_KNOTS.)
CURVE()
GEOMETRIC_REPRESENTATION_ITEM()
RATIONAL_B_SPLINE_CURVE((1.,0.98078528040323,1.,0.98078528040323,1.))
REPRESENTATION_ITEM('')
);
#2811=(
BOUNDED_CURVE()
B_SPLINE_CURVE(2,(#7966,#7967,#7968,#7969,#7970),.UNSPECIFIED.,.F.,.F.)
B_SPLINE_CURVE_WITH_KNOTS((3,2,3),(0.,0.5,1.),.PIECEWISE_BEZIER_KNOTS.)
CURVE()
GEOMETRIC_REPRESENTATION_ITEM()
RATIONAL_B_SPLINE_CURVE((1.,0.98078528040323,1.,0.98078528040323,1.))
REPRESENTATION_ITEM('')
);
#2812=(
BOUNDED_CURVE()
B_SPLINE_CURVE(2,(#7972,#7973,#7974,#7975,#7976),.UNSPECIFIED.,.F.,.F.)
B_SPLINE_CURVE_WITH_KNOTS((3,2,3),(0.,0.5,1.),.PIECEWISE_BEZIER_KNOTS.)
CURVE()
GEOMETRIC_REPRESENTATION_ITEM()
RATIONAL_B_SPLINE_CURVE((1.,0.98078528040323,1.,0.98078528040323,1.))
REPRESENTATION_ITEM('')
);
#2813=(
BOUNDED_CURVE()
B_SPLINE_CURVE(2,(#7978,#7979,#7980,#7981,#7982),.UNSPECIFIED.,.F.,.F.)
B_SPLINE_CURVE_WITH_KNOTS((3,2,3),(0.,0.5,1.),.PIECEWISE_BEZIER_KNOTS.)
CURVE()
GEOMETRIC_REPRESENTATION_ITEM()
RATIONAL_B_SPLINE_CURVE((1.,0.98078528040323,1.,0.98078528040323,1.))
REPRESENTATION_ITEM('')
);
#2814=(
BOUNDED_CURVE()
B_SPLINE_CURVE(2,(#7984,#7985,#7986,#7987,#7988),.UNSPECIFIED.,.F.,.F.)
B_SPLINE_CURVE_WITH_KNOTS((3,2,3),(0.,0.5,1.),.PIECEWISE_BEZIER_KNOTS.)
CURVE()
GEOMETRIC_REPRESENTATION_ITEM()
RATIONAL_B_SPLINE_CURVE((1.,0.98078528040323,1.,0.98078528040323,1.))
REPRESENTATION_ITEM('')
);
#2815=(
BOUNDED_CURVE()
B_SPLINE_CURVE(2,(#7990,#7991,#7992,#7993,#7994),.UNSPECIFIED.,.F.,.F.)
B_SPLINE_CURVE_WITH_KNOTS((3,2,3),(0.,0.5,1.),.PIECEWISE_BEZIER_KNOTS.)
CURVE()
GEOMETRIC_REPRESENTATION_ITEM()
RATIONAL_B_SPLINE_CURVE((1.,0.98078528040323,1.,0.98078528040323,1.))
REPRESENTATION_ITEM('')
);
#2816=(
BOUNDED_CURVE()
B_SPLINE_CURVE(2,(#8000,#8001,#8002,#8003,#8004),.UNSPECIFIED.,.F.,.F.)
B_SPLINE_CURVE_WITH_KNOTS((3,2,3),(0.,0.5,1.),.PIECEWISE_BEZIER_KNOTS.)
CURVE()
GEOMETRIC_REPRESENTATION_ITEM()
RATIONAL_B_SPLINE_CURVE((1.,0.98078528040323,1.,0.98078528040323,1.))
REPRESENTATION_ITEM('')
);
#2817=(
BOUNDED_CURVE()
B_SPLINE_CURVE(2,(#8006,#8007,#8008,#8009,#8010),.UNSPECIFIED.,.F.,.F.)
B_SPLINE_CURVE_WITH_KNOTS((3,2,3),(0.,0.5,1.),.PIECEWISE_BEZIER_KNOTS.)
CURVE()
GEOMETRIC_REPRESENTATION_ITEM()
RATIONAL_B_SPLINE_CURVE((1.,0.98078528040323,1.,0.98078528040323,1.))
REPRESENTATION_ITEM('')
);
#2818=(
BOUNDED_CURVE()
B_SPLINE_CURVE(2,(#8014,#8015,#8016,#8017,#8018),.UNSPECIFIED.,.F.,.F.)
B_SPLINE_CURVE_WITH_KNOTS((3,2,3),(0.,0.5,1.),.PIECEWISE_BEZIER_KNOTS.)
CURVE()
GEOMETRIC_REPRESENTATION_ITEM()
RATIONAL_B_SPLINE_CURVE((1.,0.98078528040323,1.,0.98078528040323,1.))
REPRESENTATION_ITEM('')
);
#2819=(
BOUNDED_CURVE()
B_SPLINE_CURVE(2,(#8020,#8021,#8022,#8023,#8024),.UNSPECIFIED.,.F.,.F.)
B_SPLINE_CURVE_WITH_KNOTS((3,2,3),(0.,0.5,1.),.PIECEWISE_BEZIER_KNOTS.)
CURVE()
GEOMETRIC_REPRESENTATION_ITEM()
RATIONAL_B_SPLINE_CURVE((1.,0.98078528040323,1.,0.98078528040323,1.))
REPRESENTATION_ITEM('')
);
#2820=(
BOUNDED_CURVE()
B_SPLINE_CURVE(2,(#8026,#8027,#8028,#8029,#8030),.UNSPECIFIED.,.F.,.F.)
B_SPLINE_CURVE_WITH_KNOTS((3,2,3),(0.,0.5,1.),.PIECEWISE_BEZIER_KNOTS.)
CURVE()
GEOMETRIC_REPRESENTATION_ITEM()
RATIONAL_B_SPLINE_CURVE((1.,0.98078528040323,1.,0.98078528040323,1.))
REPRESENTATION_ITEM('')
);
#2821=(
BOUNDED_CURVE()
B_SPLINE_CURVE(2,(#8032,#8033,#8034,#8035,#8036),.UNSPECIFIED.,.F.,.F.)
B_SPLINE_CURVE_WITH_KNOTS((3,2,3),(0.,0.5,1.),.PIECEWISE_BEZIER_KNOTS.)
CURVE()
GEOMETRIC_REPRESENTATION_ITEM()
RATIONAL_B_SPLINE_CURVE((1.,0.98078528040323,1.,0.98078528040323,1.))
REPRESENTATION_ITEM('')
);
#2822=(
BOUNDED_CURVE()
B_SPLINE_CURVE(2,(#8038,#8039,#8040,#8041,#8042),.UNSPECIFIED.,.F.,.F.)
B_SPLINE_CURVE_WITH_KNOTS((3,2,3),(0.,0.5,1.),.PIECEWISE_BEZIER_KNOTS.)
CURVE()
GEOMETRIC_REPRESENTATION_ITEM()
RATIONAL_B_SPLINE_CURVE((1.,0.98078528040323,1.,0.98078528040323,1.))
REPRESENTATION_ITEM('')
);
#2823=(
BOUNDED_CURVE()
B_SPLINE_CURVE(2,(#8044,#8045,#8046,#8047,#8048),.UNSPECIFIED.,.F.,.F.)
B_SPLINE_CURVE_WITH_KNOTS((3,2,3),(0.,0.5,1.),.PIECEWISE_BEZIER_KNOTS.)
CURVE()
GEOMETRIC_REPRESENTATION_ITEM()
RATIONAL_B_SPLINE_CURVE((1.,0.98078528040323,1.,0.98078528040323,1.))
REPRESENTATION_ITEM('')
);
#2824=(
BOUNDED_CURVE()
B_SPLINE_CURVE(2,(#8050,#8051,#8052,#8053,#8054),.UNSPECIFIED.,.F.,.F.)
B_SPLINE_CURVE_WITH_KNOTS((3,2,3),(0.,0.5,1.),.PIECEWISE_BEZIER_KNOTS.)
CURVE()
GEOMETRIC_REPRESENTATION_ITEM()
RATIONAL_B_SPLINE_CURVE((1.,0.98078528040323,1.,0.98078528040323,1.))
REPRESENTATION_ITEM('')
);
#2825=(
BOUNDED_CURVE()
B_SPLINE_CURVE(2,(#8056,#8057,#8058,#8059,#8060),.UNSPECIFIED.,.F.,.F.)
B_SPLINE_CURVE_WITH_KNOTS((3,2,3),(0.,0.5,1.),.PIECEWISE_BEZIER_KNOTS.)
CURVE()
GEOMETRIC_REPRESENTATION_ITEM()
RATIONAL_B_SPLINE_CURVE((1.,0.98078528040323,1.,0.98078528040323,1.))
REPRESENTATION_ITEM('')
);
#2826=(
BOUNDED_CURVE()
B_SPLINE_CURVE(2,(#8062,#8063,#8064,#8065,#8066),.UNSPECIFIED.,.F.,.F.)
B_SPLINE_CURVE_WITH_KNOTS((3,2,3),(0.,0.5,1.),.PIECEWISE_BEZIER_KNOTS.)
CURVE()
GEOMETRIC_REPRESENTATION_ITEM()
RATIONAL_B_SPLINE_CURVE((1.,0.98078528040323,1.,0.98078528040323,1.))
REPRESENTATION_ITEM('')
);
#2827=(
BOUNDED_CURVE()
B_SPLINE_CURVE(2,(#8068,#8069,#8070,#8071,#8072),.UNSPECIFIED.,.F.,.F.)
B_SPLINE_CURVE_WITH_KNOTS((3,2,3),(0.,0.5,1.),.PIECEWISE_BEZIER_KNOTS.)
CURVE()
GEOMETRIC_REPRESENTATION_ITEM()
RATIONAL_B_SPLINE_CURVE((1.,0.98078528040323,1.,0.98078528040323,1.))
REPRESENTATION_ITEM('')
);
#2828=(
BOUNDED_CURVE()
B_SPLINE_CURVE(2,(#8078,#8079,#8080,#8081,#8082),.UNSPECIFIED.,.F.,.F.)
B_SPLINE_CURVE_WITH_KNOTS((3,2,3),(0.,0.5,1.),.PIECEWISE_BEZIER_KNOTS.)
CURVE()
GEOMETRIC_REPRESENTATION_ITEM()
RATIONAL_B_SPLINE_CURVE((1.,0.98078528040323,1.,0.98078528040323,1.))
REPRESENTATION_ITEM('')
);
#2829=(
BOUNDED_CURVE()
B_SPLINE_CURVE(2,(#8084,#8085,#8086,#8087,#8088),.UNSPECIFIED.,.F.,.F.)
B_SPLINE_CURVE_WITH_KNOTS((3,2,3),(0.,0.5,1.),.PIECEWISE_BEZIER_KNOTS.)
CURVE()
GEOMETRIC_REPRESENTATION_ITEM()
RATIONAL_B_SPLINE_CURVE((1.,0.98078528040323,1.,0.98078528040323,1.))
REPRESENTATION_ITEM('')
);
#2830=(
BOUNDED_CURVE()
B_SPLINE_CURVE(2,(#8092,#8093,#8094,#8095,#8096),.UNSPECIFIED.,.F.,.F.)
B_SPLINE_CURVE_WITH_KNOTS((3,2,3),(0.,0.5,1.),.PIECEWISE_BEZIER_KNOTS.)
CURVE()
GEOMETRIC_REPRESENTATION_ITEM()
RATIONAL_B_SPLINE_CURVE((1.,0.98078528040323,1.,0.98078528040323,1.))
REPRESENTATION_ITEM('')
);
#2831=(
BOUNDED_CURVE()
B_SPLINE_CURVE(2,(#8098,#8099,#8100,#8101,#8102),.UNSPECIFIED.,.F.,.F.)
B_SPLINE_CURVE_WITH_KNOTS((3,2,3),(0.,0.5,1.),.PIECEWISE_BEZIER_KNOTS.)
CURVE()
GEOMETRIC_REPRESENTATION_ITEM()
RATIONAL_B_SPLINE_CURVE((1.,0.98078528040323,1.,0.98078528040323,1.))
REPRESENTATION_ITEM('')
);
#2832=(
BOUNDED_CURVE()
B_SPLINE_CURVE(2,(#8104,#8105,#8106,#8107,#8108),.UNSPECIFIED.,.F.,.F.)
B_SPLINE_CURVE_WITH_KNOTS((3,2,3),(0.,0.5,1.),.PIECEWISE_BEZIER_KNOTS.)
CURVE()
GEOMETRIC_REPRESENTATION_ITEM()
RATIONAL_B_SPLINE_CURVE((1.,0.98078528040323,1.,0.98078528040323,1.))
REPRESENTATION_ITEM('')
);
#2833=(
BOUNDED_CURVE()
B_SPLINE_CURVE(2,(#8110,#8111,#8112,#8113,#8114),.UNSPECIFIED.,.F.,.F.)
B_SPLINE_CURVE_WITH_KNOTS((3,2,3),(0.,0.5,1.),.PIECEWISE_BEZIER_KNOTS.)
CURVE()
GEOMETRIC_REPRESENTATION_ITEM()
RATIONAL_B_SPLINE_CURVE((1.,0.98078528040323,1.,0.98078528040323,1.))
REPRESENTATION_ITEM('')
);
#2834=(
BOUNDED_CURVE()
B_SPLINE_CURVE(2,(#8116,#8117,#8118,#8119,#8120),.UNSPECIFIED.,.F.,.F.)
B_SPLINE_CURVE_WITH_KNOTS((3,2,3),(0.,0.5,1.),.PIECEWISE_BEZIER_KNOTS.)
CURVE()
GEOMETRIC_REPRESENTATION_ITEM()
RATIONAL_B_SPLINE_CURVE((1.,0.98078528040323,1.,0.98078528040323,1.))
REPRESENTATION_ITEM('')
);
#2835=(
BOUNDED_CURVE()
B_SPLINE_CURVE(2,(#8122,#8123,#8124,#8125,#8126),.UNSPECIFIED.,.F.,.F.)
B_SPLINE_CURVE_WITH_KNOTS((3,2,3),(0.,0.5,1.),.PIECEWISE_BEZIER_KNOTS.)
CURVE()
GEOMETRIC_REPRESENTATION_ITEM()
RATIONAL_B_SPLINE_CURVE((1.,0.98078528040323,1.,0.98078528040323,1.))
REPRESENTATION_ITEM('')
);
#2836=(
BOUNDED_CURVE()
B_SPLINE_CURVE(2,(#8128,#8129,#8130,#8131,#8132),.UNSPECIFIED.,.F.,.F.)
B_SPLINE_CURVE_WITH_KNOTS((3,2,3),(0.,0.5,1.),.PIECEWISE_BEZIER_KNOTS.)
CURVE()
GEOMETRIC_REPRESENTATION_ITEM()
RATIONAL_B_SPLINE_CURVE((1.,0.98078528040323,1.,0.98078528040323,1.))
REPRESENTATION_ITEM('')
);
#2837=(
BOUNDED_CURVE()
B_SPLINE_CURVE(2,(#8134,#8135,#8136,#8137,#8138),.UNSPECIFIED.,.F.,.F.)
B_SPLINE_CURVE_WITH_KNOTS((3,2,3),(0.,0.5,1.),.PIECEWISE_BEZIER_KNOTS.)
CURVE()
GEOMETRIC_REPRESENTATION_ITEM()
RATIONAL_B_SPLINE_CURVE((1.,0.98078528040323,1.,0.98078528040323,1.))
REPRESENTATION_ITEM('')
);
#2838=(
BOUNDED_CURVE()
B_SPLINE_CURVE(2,(#8140,#8141,#8142,#8143,#8144),.UNSPECIFIED.,.F.,.F.)
B_SPLINE_CURVE_WITH_KNOTS((3,2,3),(0.,0.5,1.),.PIECEWISE_BEZIER_KNOTS.)
CURVE()
GEOMETRIC_REPRESENTATION_ITEM()
RATIONAL_B_SPLINE_CURVE((1.,0.98078528040323,1.,0.98078528040323,1.))
REPRESENTATION_ITEM('')
);
#2839=(
BOUNDED_CURVE()
B_SPLINE_CURVE(2,(#8146,#8147,#8148,#8149,#8150),.UNSPECIFIED.,.F.,.F.)
B_SPLINE_CURVE_WITH_KNOTS((3,2,3),(0.,0.5,1.),.PIECEWISE_BEZIER_KNOTS.)
CURVE()
GEOMETRIC_REPRESENTATION_ITEM()
RATIONAL_B_SPLINE_CURVE((1.,0.98078528040323,1.,0.98078528040323,1.))
REPRESENTATION_ITEM('')
);
#2840=(
BOUNDED_CURVE()
B_SPLINE_CURVE(2,(#8156,#8157,#8158,#8159,#8160),.UNSPECIFIED.,.F.,.F.)
B_SPLINE_CURVE_WITH_KNOTS((3,2,3),(0.,0.5,1.),.PIECEWISE_BEZIER_KNOTS.)
CURVE()
GEOMETRIC_REPRESENTATION_ITEM()
RATIONAL_B_SPLINE_CURVE((1.,0.98078528040323,1.,0.98078528040323,1.))
REPRESENTATION_ITEM('')
);
#2841=(
BOUNDED_CURVE()
B_SPLINE_CURVE(2,(#8162,#8163,#8164,#8165,#8166),.UNSPECIFIED.,.F.,.F.)
B_SPLINE_CURVE_WITH_KNOTS((3,2,3),(0.,0.5,1.),.PIECEWISE_BEZIER_KNOTS.)
CURVE()
GEOMETRIC_REPRESENTATION_ITEM()
RATIONAL_B_SPLINE_CURVE((1.,0.98078528040323,1.,0.98078528040323,1.))
REPRESENTATION_ITEM('')
);
#2842=(
BOUNDED_CURVE()
B_SPLINE_CURVE(2,(#8170,#8171,#8172,#8173,#8174),.UNSPECIFIED.,.F.,.F.)
B_SPLINE_CURVE_WITH_KNOTS((3,2,3),(0.,0.5,1.),.PIECEWISE_BEZIER_KNOTS.)
CURVE()
GEOMETRIC_REPRESENTATION_ITEM()
RATIONAL_B_SPLINE_CURVE((1.,0.98078528040323,1.,0.98078528040323,1.))
REPRESENTATION_ITEM('')
);
#2843=(
BOUNDED_CURVE()
B_SPLINE_CURVE(2,(#8176,#8177,#8178,#8179,#8180),.UNSPECIFIED.,.F.,.F.)
B_SPLINE_CURVE_WITH_KNOTS((3,2,3),(0.,0.5,1.),.PIECEWISE_BEZIER_KNOTS.)
CURVE()
GEOMETRIC_REPRESENTATION_ITEM()
RATIONAL_B_SPLINE_CURVE((1.,0.98078528040323,1.,0.98078528040323,1.))
REPRESENTATION_ITEM('')
);
#2844=(
BOUNDED_CURVE()
B_SPLINE_CURVE(2,(#8182,#8183,#8184,#8185,#8186),.UNSPECIFIED.,.F.,.F.)
B_SPLINE_CURVE_WITH_KNOTS((3,2,3),(0.,0.5,1.),.PIECEWISE_BEZIER_KNOTS.)
CURVE()
GEOMETRIC_REPRESENTATION_ITEM()
RATIONAL_B_SPLINE_CURVE((1.,0.98078528040323,1.,0.98078528040323,1.))
REPRESENTATION_ITEM('')
);
#2845=(
BOUNDED_CURVE()
B_SPLINE_CURVE(2,(#8188,#8189,#8190,#8191,#8192),.UNSPECIFIED.,.F.,.F.)
B_SPLINE_CURVE_WITH_KNOTS((3,2,3),(0.,0.5,1.),.PIECEWISE_BEZIER_KNOTS.)
CURVE()
GEOMETRIC_REPRESENTATION_ITEM()
RATIONAL_B_SPLINE_CURVE((1.,0.98078528040323,1.,0.98078528040323,1.))
REPRESENTATION_ITEM('')
);
#2846=(
BOUNDED_CURVE()
B_SPLINE_CURVE(2,(#8194,#8195,#8196,#8197,#8198),.UNSPECIFIED.,.F.,.F.)
B_SPLINE_CURVE_WITH_KNOTS((3,2,3),(0.,0.5,1.),.PIECEWISE_BEZIER_KNOTS.)
CURVE()
GEOMETRIC_REPRESENTATION_ITEM()
RATIONAL_B_SPLINE_CURVE((1.,0.98078528040323,1.,0.98078528040323,1.))
REPRESENTATION_ITEM('')
);
#2847=(
BOUNDED_CURVE()
B_SPLINE_CURVE(2,(#8200,#8201,#8202,#8203,#8204),.UNSPECIFIED.,.F.,.F.)
B_SPLINE_CURVE_WITH_KNOTS((3,2,3),(0.,0.5,1.),.PIECEWISE_BEZIER_KNOTS.)
CURVE()
GEOMETRIC_REPRESENTATION_ITEM()
RATIONAL_B_SPLINE_CURVE((1.,0.98078528040323,1.,0.98078528040323,1.))
REPRESENTATION_ITEM('')
);
#2848=(
BOUNDED_CURVE()
B_SPLINE_CURVE(2,(#8206,#8207,#8208,#8209,#8210),.UNSPECIFIED.,.F.,.F.)
B_SPLINE_CURVE_WITH_KNOTS((3,2,3),(0.,0.5,1.),.PIECEWISE_BEZIER_KNOTS.)
CURVE()
GEOMETRIC_REPRESENTATION_ITEM()
RATIONAL_B_SPLINE_CURVE((1.,0.98078528040323,1.,0.98078528040323,1.))
REPRESENTATION_ITEM('')
);
#2849=(
BOUNDED_CURVE()
B_SPLINE_CURVE(2,(#8212,#8213,#8214,#8215,#8216),.UNSPECIFIED.,.F.,.F.)
B_SPLINE_CURVE_WITH_KNOTS((3,2,3),(0.,0.5,1.),.PIECEWISE_BEZIER_KNOTS.)
CURVE()
GEOMETRIC_REPRESENTATION_ITEM()
RATIONAL_B_SPLINE_CURVE((1.,0.98078528040323,1.,0.98078528040323,1.))
REPRESENTATION_ITEM('')
);
#2850=(
BOUNDED_CURVE()
B_SPLINE_CURVE(2,(#8218,#8219,#8220,#8221,#8222),.UNSPECIFIED.,.F.,.F.)
B_SPLINE_CURVE_WITH_KNOTS((3,2,3),(0.,0.5,1.),.PIECEWISE_BEZIER_KNOTS.)
CURVE()
GEOMETRIC_REPRESENTATION_ITEM()
RATIONAL_B_SPLINE_CURVE((1.,0.98078528040323,1.,0.98078528040323,1.))
REPRESENTATION_ITEM('')
);
#2851=(
BOUNDED_CURVE()
B_SPLINE_CURVE(2,(#8224,#8225,#8226,#8227,#8228),.UNSPECIFIED.,.F.,.F.)
B_SPLINE_CURVE_WITH_KNOTS((3,2,3),(0.,0.5,1.),.PIECEWISE_BEZIER_KNOTS.)
CURVE()
GEOMETRIC_REPRESENTATION_ITEM()
RATIONAL_B_SPLINE_CURVE((1.,0.98078528040323,1.,0.98078528040323,1.))
REPRESENTATION_ITEM('')
);
#2852=(
BOUNDED_CURVE()
B_SPLINE_CURVE(2,(#8234,#8235,#8236,#8237,#8238),.UNSPECIFIED.,.F.,.F.)
B_SPLINE_CURVE_WITH_KNOTS((3,2,3),(0.,0.5,1.),.PIECEWISE_BEZIER_KNOTS.)
CURVE()
GEOMETRIC_REPRESENTATION_ITEM()
RATIONAL_B_SPLINE_CURVE((1.,0.98078528040323,1.,0.98078528040323,1.))
REPRESENTATION_ITEM('')
);
#2853=(
BOUNDED_CURVE()
B_SPLINE_CURVE(2,(#8240,#8241,#8242,#8243,#8244),.UNSPECIFIED.,.F.,.F.)
B_SPLINE_CURVE_WITH_KNOTS((3,2,3),(0.,0.5,1.),.PIECEWISE_BEZIER_KNOTS.)
CURVE()
GEOMETRIC_REPRESENTATION_ITEM()
RATIONAL_B_SPLINE_CURVE((1.,0.98078528040323,1.,0.98078528040323,1.))
REPRESENTATION_ITEM('')
);
#2854=(
BOUNDED_CURVE()
B_SPLINE_CURVE(2,(#8248,#8249,#8250,#8251,#8252),.UNSPECIFIED.,.F.,.F.)
B_SPLINE_CURVE_WITH_KNOTS((3,2,3),(0.,0.5,1.),.PIECEWISE_BEZIER_KNOTS.)
CURVE()
GEOMETRIC_REPRESENTATION_ITEM()
RATIONAL_B_SPLINE_CURVE((1.,0.98078528040323,1.,0.98078528040323,1.))
REPRESENTATION_ITEM('')
);
#2855=(
BOUNDED_CURVE()
B_SPLINE_CURVE(2,(#8254,#8255,#8256,#8257,#8258),.UNSPECIFIED.,.F.,.F.)
B_SPLINE_CURVE_WITH_KNOTS((3,2,3),(0.,0.5,1.),.PIECEWISE_BEZIER_KNOTS.)
CURVE()
GEOMETRIC_REPRESENTATION_ITEM()
RATIONAL_B_SPLINE_CURVE((1.,0.98078528040323,1.,0.98078528040323,1.))
REPRESENTATION_ITEM('')
);
#2856=(
BOUNDED_CURVE()
B_SPLINE_CURVE(2,(#8260,#8261,#8262,#8263,#8264),.UNSPECIFIED.,.F.,.F.)
B_SPLINE_CURVE_WITH_KNOTS((3,2,3),(0.,0.5,1.),.PIECEWISE_BEZIER_KNOTS.)
CURVE()
GEOMETRIC_REPRESENTATION_ITEM()
RATIONAL_B_SPLINE_CURVE((1.,0.98078528040323,1.,0.98078528040323,1.))
REPRESENTATION_ITEM('')
);
#2857=(
BOUNDED_CURVE()
B_SPLINE_CURVE(2,(#8266,#8267,#8268,#8269,#8270),.UNSPECIFIED.,.F.,.F.)
B_SPLINE_CURVE_WITH_KNOTS((3,2,3),(0.,0.5,1.),.PIECEWISE_BEZIER_KNOTS.)
CURVE()
GEOMETRIC_REPRESENTATION_ITEM()
RATIONAL_B_SPLINE_CURVE((1.,0.98078528040323,1.,0.98078528040323,1.))
REPRESENTATION_ITEM('')
);
#2858=(
BOUNDED_CURVE()
B_SPLINE_CURVE(2,(#8272,#8273,#8274,#8275,#8276),.UNSPECIFIED.,.F.,.F.)
B_SPLINE_CURVE_WITH_KNOTS((3,2,3),(0.,0.5,1.),.PIECEWISE_BEZIER_KNOTS.)
CURVE()
GEOMETRIC_REPRESENTATION_ITEM()
RATIONAL_B_SPLINE_CURVE((1.,0.98078528040323,1.,0.98078528040323,1.))
REPRESENTATION_ITEM('')
);
#2859=(
BOUNDED_CURVE()
B_SPLINE_CURVE(2,(#8278,#8279,#8280,#8281,#8282),.UNSPECIFIED.,.F.,.F.)
B_SPLINE_CURVE_WITH_KNOTS((3,2,3),(0.,0.5,1.),.PIECEWISE_BEZIER_KNOTS.)
CURVE()
GEOMETRIC_REPRESENTATION_ITEM()
RATIONAL_B_SPLINE_CURVE((1.,0.98078528040323,1.,0.98078528040323,1.))
REPRESENTATION_ITEM('')
);
#2860=(
BOUNDED_CURVE()
B_SPLINE_CURVE(2,(#8284,#8285,#8286,#8287,#8288),.UNSPECIFIED.,.F.,.F.)
B_SPLINE_CURVE_WITH_KNOTS((3,2,3),(0.,0.5,1.),.PIECEWISE_BEZIER_KNOTS.)
CURVE()
GEOMETRIC_REPRESENTATION_ITEM()
RATIONAL_B_SPLINE_CURVE((1.,0.98078528040323,1.,0.98078528040323,1.))
REPRESENTATION_ITEM('')
);
#2861=(
BOUNDED_CURVE()
B_SPLINE_CURVE(2,(#8290,#8291,#8292,#8293,#8294),.UNSPECIFIED.,.F.,.F.)
B_SPLINE_CURVE_WITH_KNOTS((3,2,3),(0.,0.5,1.),.PIECEWISE_BEZIER_KNOTS.)
CURVE()
GEOMETRIC_REPRESENTATION_ITEM()
RATIONAL_B_SPLINE_CURVE((1.,0.98078528040323,1.,0.98078528040323,1.))
REPRESENTATION_ITEM('')
);
#2862=(
BOUNDED_CURVE()
B_SPLINE_CURVE(2,(#8296,#8297,#8298,#8299,#8300),.UNSPECIFIED.,.F.,.F.)
B_SPLINE_CURVE_WITH_KNOTS((3,2,3),(0.,0.5,1.),.PIECEWISE_BEZIER_KNOTS.)
CURVE()
GEOMETRIC_REPRESENTATION_ITEM()
RATIONAL_B_SPLINE_CURVE((1.,0.98078528040323,1.,0.98078528040323,1.))
REPRESENTATION_ITEM('')
);
#2863=(
BOUNDED_CURVE()
B_SPLINE_CURVE(2,(#8302,#8303,#8304,#8305,#8306),.UNSPECIFIED.,.F.,.F.)
B_SPLINE_CURVE_WITH_KNOTS((3,2,3),(0.,0.5,1.),.PIECEWISE_BEZIER_KNOTS.)
CURVE()
GEOMETRIC_REPRESENTATION_ITEM()
RATIONAL_B_SPLINE_CURVE((1.,0.98078528040323,1.,0.98078528040323,1.))
REPRESENTATION_ITEM('')
);
#2864=(
BOUNDED_CURVE()
B_SPLINE_CURVE(2,(#8312,#8313,#8314,#8315,#8316),.UNSPECIFIED.,.F.,.F.)
B_SPLINE_CURVE_WITH_KNOTS((3,2,3),(0.,0.5,1.),.PIECEWISE_BEZIER_KNOTS.)
CURVE()
GEOMETRIC_REPRESENTATION_ITEM()
RATIONAL_B_SPLINE_CURVE((1.,0.98078528040323,1.,0.98078528040323,1.))
REPRESENTATION_ITEM('')
);
#2865=(
BOUNDED_CURVE()
B_SPLINE_CURVE(2,(#8318,#8319,#8320,#8321,#8322),.UNSPECIFIED.,.F.,.F.)
B_SPLINE_CURVE_WITH_KNOTS((3,2,3),(0.,0.5,1.),.PIECEWISE_BEZIER_KNOTS.)
CURVE()
GEOMETRIC_REPRESENTATION_ITEM()
RATIONAL_B_SPLINE_CURVE((1.,0.98078528040323,1.,0.98078528040323,1.))
REPRESENTATION_ITEM('')
);
#2866=(
BOUNDED_CURVE()
B_SPLINE_CURVE(2,(#8326,#8327,#8328,#8329,#8330),.UNSPECIFIED.,.F.,.F.)
B_SPLINE_CURVE_WITH_KNOTS((3,2,3),(0.,0.5,1.),.PIECEWISE_BEZIER_KNOTS.)
CURVE()
GEOMETRIC_REPRESENTATION_ITEM()
RATIONAL_B_SPLINE_CURVE((1.,0.98078528040323,1.,0.98078528040323,1.))
REPRESENTATION_ITEM('')
);
#2867=(
BOUNDED_CURVE()
B_SPLINE_CURVE(2,(#8332,#8333,#8334,#8335,#8336),.UNSPECIFIED.,.F.,.F.)
B_SPLINE_CURVE_WITH_KNOTS((3,2,3),(0.,0.5,1.),.PIECEWISE_BEZIER_KNOTS.)
CURVE()
GEOMETRIC_REPRESENTATION_ITEM()
RATIONAL_B_SPLINE_CURVE((1.,0.98078528040323,1.,0.98078528040323,1.))
REPRESENTATION_ITEM('')
);
#2868=(
BOUNDED_CURVE()
B_SPLINE_CURVE(2,(#8338,#8339,#8340,#8341,#8342),.UNSPECIFIED.,.F.,.F.)
B_SPLINE_CURVE_WITH_KNOTS((3,2,3),(0.,0.5,1.),.PIECEWISE_BEZIER_KNOTS.)
CURVE()
GEOMETRIC_REPRESENTATION_ITEM()
RATIONAL_B_SPLINE_CURVE((1.,0.98078528040323,1.,0.98078528040323,1.))
REPRESENTATION_ITEM('')
);
#2869=(
BOUNDED_CURVE()
B_SPLINE_CURVE(2,(#8344,#8345,#8346,#8347,#8348),.UNSPECIFIED.,.F.,.F.)
B_SPLINE_CURVE_WITH_KNOTS((3,2,3),(0.,0.5,1.),.PIECEWISE_BEZIER_KNOTS.)
CURVE()
GEOMETRIC_REPRESENTATION_ITEM()
RATIONAL_B_SPLINE_CURVE((1.,0.98078528040323,1.,0.98078528040323,1.))
REPRESENTATION_ITEM('')
);
#2870=(
BOUNDED_CURVE()
B_SPLINE_CURVE(2,(#8350,#8351,#8352,#8353,#8354),.UNSPECIFIED.,.F.,.F.)
B_SPLINE_CURVE_WITH_KNOTS((3,2,3),(0.,0.5,1.),.PIECEWISE_BEZIER_KNOTS.)
CURVE()
GEOMETRIC_REPRESENTATION_ITEM()
RATIONAL_B_SPLINE_CURVE((1.,0.98078528040323,1.,0.98078528040323,1.))
REPRESENTATION_ITEM('')
);
#2871=(
BOUNDED_CURVE()
B_SPLINE_CURVE(2,(#8356,#8357,#8358,#8359,#8360),.UNSPECIFIED.,.F.,.F.)
B_SPLINE_CURVE_WITH_KNOTS((3,2,3),(0.,0.5,1.),.PIECEWISE_BEZIER_KNOTS.)
CURVE()
GEOMETRIC_REPRESENTATION_ITEM()
RATIONAL_B_SPLINE_CURVE((1.,0.98078528040323,1.,0.98078528040323,1.))
REPRESENTATION_ITEM('')
);
#2872=(
BOUNDED_CURVE()
B_SPLINE_CURVE(2,(#8362,#8363,#8364,#8365,#8366),.UNSPECIFIED.,.F.,.F.)
B_SPLINE_CURVE_WITH_KNOTS((3,2,3),(0.,0.5,1.),.PIECEWISE_BEZIER_KNOTS.)
CURVE()
GEOMETRIC_REPRESENTATION_ITEM()
RATIONAL_B_SPLINE_CURVE((1.,0.98078528040323,1.,0.98078528040323,1.))
REPRESENTATION_ITEM('')
);
#2873=(
BOUNDED_CURVE()
B_SPLINE_CURVE(2,(#8368,#8369,#8370,#8371,#8372),.UNSPECIFIED.,.F.,.F.)
B_SPLINE_CURVE_WITH_KNOTS((3,2,3),(0.,0.5,1.),.PIECEWISE_BEZIER_KNOTS.)
CURVE()
GEOMETRIC_REPRESENTATION_ITEM()
RATIONAL_B_SPLINE_CURVE((1.,0.98078528040323,1.,0.98078528040323,1.))
REPRESENTATION_ITEM('')
);
#2874=(
BOUNDED_CURVE()
B_SPLINE_CURVE(2,(#8374,#8375,#8376,#8377,#8378),.UNSPECIFIED.,.F.,.F.)
B_SPLINE_CURVE_WITH_KNOTS((3,2,3),(0.,0.5,1.),.PIECEWISE_BEZIER_KNOTS.)
CURVE()
GEOMETRIC_REPRESENTATION_ITEM()
RATIONAL_B_SPLINE_CURVE((1.,0.98078528040323,1.,0.98078528040323,1.))
REPRESENTATION_ITEM('')
);
#2875=(
BOUNDED_CURVE()
B_SPLINE_CURVE(2,(#8380,#8381,#8382,#8383,#8384),.UNSPECIFIED.,.F.,.F.)
B_SPLINE_CURVE_WITH_KNOTS((3,2,3),(0.,0.5,1.),.PIECEWISE_BEZIER_KNOTS.)
CURVE()
GEOMETRIC_REPRESENTATION_ITEM()
RATIONAL_B_SPLINE_CURVE((1.,0.98078528040323,1.,0.98078528040323,1.))
REPRESENTATION_ITEM('')
);
#2876=(
BOUNDED_CURVE()
B_SPLINE_CURVE(2,(#8390,#8391,#8392,#8393,#8394),.UNSPECIFIED.,.F.,.F.)
B_SPLINE_CURVE_WITH_KNOTS((3,2,3),(0.,0.5,1.),.PIECEWISE_BEZIER_KNOTS.)
CURVE()
GEOMETRIC_REPRESENTATION_ITEM()
RATIONAL_B_SPLINE_CURVE((1.,0.98078528040323,1.,0.98078528040323,1.))
REPRESENTATION_ITEM('')
);
#2877=(
BOUNDED_CURVE()
B_SPLINE_CURVE(2,(#8396,#8397,#8398,#8399,#8400),.UNSPECIFIED.,.F.,.F.)
B_SPLINE_CURVE_WITH_KNOTS((3,2,3),(0.,0.5,1.),.PIECEWISE_BEZIER_KNOTS.)
CURVE()
GEOMETRIC_REPRESENTATION_ITEM()
RATIONAL_B_SPLINE_CURVE((1.,0.98078528040323,1.,0.98078528040323,1.))
REPRESENTATION_ITEM('')
);
#2878=(
BOUNDED_CURVE()
B_SPLINE_CURVE(2,(#8404,#8405,#8406,#8407,#8408),.UNSPECIFIED.,.F.,.F.)
B_SPLINE_CURVE_WITH_KNOTS((3,2,3),(0.,0.5,1.),.PIECEWISE_BEZIER_KNOTS.)
CURVE()
GEOMETRIC_REPRESENTATION_ITEM()
RATIONAL_B_SPLINE_CURVE((1.,0.98078528040323,1.,0.98078528040323,1.))
REPRESENTATION_ITEM('')
);
#2879=(
BOUNDED_CURVE()
B_SPLINE_CURVE(2,(#8410,#8411,#8412,#8413,#8414),.UNSPECIFIED.,.F.,.F.)
B_SPLINE_CURVE_WITH_KNOTS((3,2,3),(0.,0.5,1.),.PIECEWISE_BEZIER_KNOTS.)
CURVE()
GEOMETRIC_REPRESENTATION_ITEM()
RATIONAL_B_SPLINE_CURVE((1.,0.98078528040323,1.,0.98078528040323,1.))
REPRESENTATION_ITEM('')
);
#2880=(
BOUNDED_CURVE()
B_SPLINE_CURVE(2,(#8416,#8417,#8418,#8419,#8420),.UNSPECIFIED.,.F.,.F.)
B_SPLINE_CURVE_WITH_KNOTS((3,2,3),(0.,0.5,1.),.PIECEWISE_BEZIER_KNOTS.)
CURVE()
GEOMETRIC_REPRESENTATION_ITEM()
RATIONAL_B_SPLINE_CURVE((1.,0.98078528040323,1.,0.98078528040323,1.))
REPRESENTATION_ITEM('')
);
#2881=(
BOUNDED_CURVE()
B_SPLINE_CURVE(2,(#8422,#8423,#8424,#8425,#8426),.UNSPECIFIED.,.F.,.F.)
B_SPLINE_CURVE_WITH_KNOTS((3,2,3),(0.,0.5,1.),.PIECEWISE_BEZIER_KNOTS.)
CURVE()
GEOMETRIC_REPRESENTATION_ITEM()
RATIONAL_B_SPLINE_CURVE((1.,0.98078528040323,1.,0.98078528040323,1.))
REPRESENTATION_ITEM('')
);
#2882=(
BOUNDED_CURVE()
B_SPLINE_CURVE(2,(#8428,#8429,#8430,#8431,#8432),.UNSPECIFIED.,.F.,.F.)
B_SPLINE_CURVE_WITH_KNOTS((3,2,3),(0.,0.5,1.),.PIECEWISE_BEZIER_KNOTS.)
CURVE()
GEOMETRIC_REPRESENTATION_ITEM()
RATIONAL_B_SPLINE_CURVE((1.,0.98078528040323,1.,0.98078528040323,1.))
REPRESENTATION_ITEM('')
);
#2883=(
BOUNDED_CURVE()
B_SPLINE_CURVE(2,(#8434,#8435,#8436,#8437,#8438),.UNSPECIFIED.,.F.,.F.)
B_SPLINE_CURVE_WITH_KNOTS((3,2,3),(0.,0.5,1.),.PIECEWISE_BEZIER_KNOTS.)
CURVE()
GEOMETRIC_REPRESENTATION_ITEM()
RATIONAL_B_SPLINE_CURVE((1.,0.98078528040323,1.,0.98078528040323,1.))
REPRESENTATION_ITEM('')
);
#2884=(
BOUNDED_CURVE()
B_SPLINE_CURVE(2,(#8440,#8441,#8442,#8443,#8444),.UNSPECIFIED.,.F.,.F.)
B_SPLINE_CURVE_WITH_KNOTS((3,2,3),(0.,0.5,1.),.PIECEWISE_BEZIER_KNOTS.)
CURVE()
GEOMETRIC_REPRESENTATION_ITEM()
RATIONAL_B_SPLINE_CURVE((1.,0.98078528040323,1.,0.98078528040323,1.))
REPRESENTATION_ITEM('')
);
#2885=(
BOUNDED_CURVE()
B_SPLINE_CURVE(2,(#8446,#8447,#8448,#8449,#8450),.UNSPECIFIED.,.F.,.F.)
B_SPLINE_CURVE_WITH_KNOTS((3,2,3),(0.,0.5,1.),.PIECEWISE_BEZIER_KNOTS.)
CURVE()
GEOMETRIC_REPRESENTATION_ITEM()
RATIONAL_B_SPLINE_CURVE((1.,0.98078528040323,1.,0.98078528040323,1.))
REPRESENTATION_ITEM('')
);
#2886=(
BOUNDED_CURVE()
B_SPLINE_CURVE(2,(#8452,#8453,#8454,#8455,#8456),.UNSPECIFIED.,.F.,.F.)
B_SPLINE_CURVE_WITH_KNOTS((3,2,3),(0.,0.5,1.),.PIECEWISE_BEZIER_KNOTS.)
CURVE()
GEOMETRIC_REPRESENTATION_ITEM()
RATIONAL_B_SPLINE_CURVE((1.,0.98078528040323,1.,0.98078528040323,1.))
REPRESENTATION_ITEM('')
);
#2887=(
BOUNDED_CURVE()
B_SPLINE_CURVE(2,(#8458,#8459,#8460,#8461,#8462),.UNSPECIFIED.,.F.,.F.)
B_SPLINE_CURVE_WITH_KNOTS((3,2,3),(0.,0.5,1.),.PIECEWISE_BEZIER_KNOTS.)
CURVE()
GEOMETRIC_REPRESENTATION_ITEM()
RATIONAL_B_SPLINE_CURVE((1.,0.98078528040323,1.,0.98078528040323,1.))
REPRESENTATION_ITEM('')
);
#2888=(
BOUNDED_CURVE()
B_SPLINE_CURVE(2,(#8468,#8469,#8470,#8471,#8472),.UNSPECIFIED.,.F.,.F.)
B_SPLINE_CURVE_WITH_KNOTS((3,2,3),(0.,0.5,1.),.PIECEWISE_BEZIER_KNOTS.)
CURVE()
GEOMETRIC_REPRESENTATION_ITEM()
RATIONAL_B_SPLINE_CURVE((1.,0.98078528040323,1.,0.98078528040323,1.))
REPRESENTATION_ITEM('')
);
#2889=(
BOUNDED_CURVE()
B_SPLINE_CURVE(2,(#8474,#8475,#8476,#8477,#8478),.UNSPECIFIED.,.F.,.F.)
B_SPLINE_CURVE_WITH_KNOTS((3,2,3),(0.,0.5,1.),.PIECEWISE_BEZIER_KNOTS.)
CURVE()
GEOMETRIC_REPRESENTATION_ITEM()
RATIONAL_B_SPLINE_CURVE((1.,0.98078528040323,1.,0.98078528040323,1.))
REPRESENTATION_ITEM('')
);
#2890=(
BOUNDED_CURVE()
B_SPLINE_CURVE(2,(#8479,#8480,#8481,#8482,#8483),.UNSPECIFIED.,.F.,.F.)
B_SPLINE_CURVE_WITH_KNOTS((3,2,3),(0.,0.5,1.),.PIECEWISE_BEZIER_KNOTS.)
CURVE()
GEOMETRIC_REPRESENTATION_ITEM()
RATIONAL_B_SPLINE_CURVE((1.,0.98078528040323,1.,0.98078528040323,1.))
REPRESENTATION_ITEM('')
);
#2891=(
BOUNDED_CURVE()
B_SPLINE_CURVE(2,(#8487,#8488,#8489,#8490,#8491),.UNSPECIFIED.,.F.,.F.)
B_SPLINE_CURVE_WITH_KNOTS((3,2,3),(0.,0.5,1.),.PIECEWISE_BEZIER_KNOTS.)
CURVE()
GEOMETRIC_REPRESENTATION_ITEM()
RATIONAL_B_SPLINE_CURVE((1.,0.98078528040323,1.,0.98078528040323,1.))
REPRESENTATION_ITEM('')
);
#2892=(
BOUNDED_CURVE()
B_SPLINE_CURVE(2,(#8493,#8494,#8495,#8496,#8497),.UNSPECIFIED.,.F.,.F.)
B_SPLINE_CURVE_WITH_KNOTS((3,2,3),(0.,0.5,1.),.PIECEWISE_BEZIER_KNOTS.)
CURVE()
GEOMETRIC_REPRESENTATION_ITEM()
RATIONAL_B_SPLINE_CURVE((1.,0.98078528040323,1.,0.98078528040323,1.))
REPRESENTATION_ITEM('')
);
#2893=(
BOUNDED_CURVE()
B_SPLINE_CURVE(2,(#8499,#8500,#8501,#8502,#8503),.UNSPECIFIED.,.F.,.F.)
B_SPLINE_CURVE_WITH_KNOTS((3,2,3),(0.,0.5,1.),.PIECEWISE_BEZIER_KNOTS.)
CURVE()
GEOMETRIC_REPRESENTATION_ITEM()
RATIONAL_B_SPLINE_CURVE((1.,0.98078528040323,1.,0.98078528040323,1.))
REPRESENTATION_ITEM('')
);
#2894=(
BOUNDED_CURVE()
B_SPLINE_CURVE(2,(#8505,#8506,#8507,#8508,#8509),.UNSPECIFIED.,.F.,.F.)
B_SPLINE_CURVE_WITH_KNOTS((3,2,3),(0.,0.5,1.),.PIECEWISE_BEZIER_KNOTS.)
CURVE()
GEOMETRIC_REPRESENTATION_ITEM()
RATIONAL_B_SPLINE_CURVE((1.,0.98078528040323,1.,0.98078528040323,1.))
REPRESENTATION_ITEM('')
);
#2895=(
BOUNDED_CURVE()
B_SPLINE_CURVE(2,(#8511,#8512,#8513,#8514,#8515),.UNSPECIFIED.,.F.,.F.)
B_SPLINE_CURVE_WITH_KNOTS((3,2,3),(0.,0.5,1.),.PIECEWISE_BEZIER_KNOTS.)
CURVE()
GEOMETRIC_REPRESENTATION_ITEM()
RATIONAL_B_SPLINE_CURVE((1.,0.98078528040323,1.,0.98078528040323,1.))
REPRESENTATION_ITEM('')
);
#2896=(
BOUNDED_CURVE()
B_SPLINE_CURVE(2,(#8517,#8518,#8519,#8520,#8521),.UNSPECIFIED.,.F.,.F.)
B_SPLINE_CURVE_WITH_KNOTS((3,2,3),(0.,0.5,1.),.PIECEWISE_BEZIER_KNOTS.)
CURVE()
GEOMETRIC_REPRESENTATION_ITEM()
RATIONAL_B_SPLINE_CURVE((1.,0.98078528040323,1.,0.98078528040323,1.))
REPRESENTATION_ITEM('')
);
#2897=(
BOUNDED_CURVE()
B_SPLINE_CURVE(2,(#8523,#8524,#8525,#8526,#8527),.UNSPECIFIED.,.F.,.F.)
B_SPLINE_CURVE_WITH_KNOTS((3,2,3),(0.,0.5,1.),.PIECEWISE_BEZIER_KNOTS.)
CURVE()
GEOMETRIC_REPRESENTATION_ITEM()
RATIONAL_B_SPLINE_CURVE((1.,0.98078528040323,1.,0.98078528040323,1.))
REPRESENTATION_ITEM('')
);
#2898=(
BOUNDED_CURVE()
B_SPLINE_CURVE(2,(#8529,#8530,#8531,#8532,#8533),.UNSPECIFIED.,.F.,.F.)
B_SPLINE_CURVE_WITH_KNOTS((3,2,3),(0.,0.5,1.),.PIECEWISE_BEZIER_KNOTS.)
CURVE()
GEOMETRIC_REPRESENTATION_ITEM()
RATIONAL_B_SPLINE_CURVE((1.,0.98078528040323,1.,0.98078528040323,1.))
REPRESENTATION_ITEM('')
);
#2899=(
BOUNDED_CURVE()
B_SPLINE_CURVE(2,(#8539,#8540,#8541,#8542,#8543),.UNSPECIFIED.,.F.,.F.)
B_SPLINE_CURVE_WITH_KNOTS((3,2,3),(0.,0.5,1.),.PIECEWISE_BEZIER_KNOTS.)
CURVE()
GEOMETRIC_REPRESENTATION_ITEM()
RATIONAL_B_SPLINE_CURVE((1.,0.98078528040323,1.,0.98078528040323,1.))
REPRESENTATION_ITEM('')
);
#2900=(
BOUNDED_CURVE()
B_SPLINE_CURVE(2,(#8545,#8546,#8547,#8548,#8549),.UNSPECIFIED.,.F.,.F.)
B_SPLINE_CURVE_WITH_KNOTS((3,2,3),(0.,0.5,1.),.PIECEWISE_BEZIER_KNOTS.)
CURVE()
GEOMETRIC_REPRESENTATION_ITEM()
RATIONAL_B_SPLINE_CURVE((1.,0.98078528040323,1.,0.98078528040323,1.))
REPRESENTATION_ITEM('')
);
#2901=(
BOUNDED_CURVE()
B_SPLINE_CURVE(2,(#8551,#8552,#8553,#8554,#8555),.UNSPECIFIED.,.F.,.F.)
B_SPLINE_CURVE_WITH_KNOTS((3,2,3),(0.,0.5,1.),.PIECEWISE_BEZIER_KNOTS.)
CURVE()
GEOMETRIC_REPRESENTATION_ITEM()
RATIONAL_B_SPLINE_CURVE((1.,0.98078528040323,1.,0.98078528040323,1.))
REPRESENTATION_ITEM('')
);
#2902=(
BOUNDED_CURVE()
B_SPLINE_CURVE(2,(#8557,#8558,#8559,#8560,#8561),.UNSPECIFIED.,.F.,.F.)
B_SPLINE_CURVE_WITH_KNOTS((3,2,3),(0.,0.5,1.),.PIECEWISE_BEZIER_KNOTS.)
CURVE()
GEOMETRIC_REPRESENTATION_ITEM()
RATIONAL_B_SPLINE_CURVE((1.,0.98078528040323,1.,0.98078528040323,1.))
REPRESENTATION_ITEM('')
);
#2903=(
BOUNDED_CURVE()
B_SPLINE_CURVE(2,(#8563,#8564,#8565,#8566,#8567),.UNSPECIFIED.,.F.,.F.)
B_SPLINE_CURVE_WITH_KNOTS((3,2,3),(0.,0.5,1.),.PIECEWISE_BEZIER_KNOTS.)
CURVE()
GEOMETRIC_REPRESENTATION_ITEM()
RATIONAL_B_SPLINE_CURVE((1.,0.98078528040323,1.,0.98078528040323,1.))
REPRESENTATION_ITEM('')
);
#2904=(
BOUNDED_CURVE()
B_SPLINE_CURVE(2,(#8569,#8570,#8571,#8572,#8573),.UNSPECIFIED.,.F.,.F.)
B_SPLINE_CURVE_WITH_KNOTS((3,2,3),(0.,0.5,1.),.PIECEWISE_BEZIER_KNOTS.)
CURVE()
GEOMETRIC_REPRESENTATION_ITEM()
RATIONAL_B_SPLINE_CURVE((1.,0.98078528040323,1.,0.98078528040323,1.))
REPRESENTATION_ITEM('')
);
#2905=(
BOUNDED_CURVE()
B_SPLINE_CURVE(2,(#8575,#8576,#8577,#8578,#8579),.UNSPECIFIED.,.F.,.F.)
B_SPLINE_CURVE_WITH_KNOTS((3,2,3),(0.,0.5,1.),.PIECEWISE_BEZIER_KNOTS.)
CURVE()
GEOMETRIC_REPRESENTATION_ITEM()
RATIONAL_B_SPLINE_CURVE((1.,0.98078528040323,1.,0.98078528040323,1.))
REPRESENTATION_ITEM('')
);
#2906=(
BOUNDED_CURVE()
B_SPLINE_CURVE(2,(#8581,#8582,#8583,#8584,#8585),.UNSPECIFIED.,.F.,.F.)
B_SPLINE_CURVE_WITH_KNOTS((3,2,3),(0.,0.5,1.),.PIECEWISE_BEZIER_KNOTS.)
CURVE()
GEOMETRIC_REPRESENTATION_ITEM()
RATIONAL_B_SPLINE_CURVE((1.,0.98078528040323,1.,0.98078528040323,1.))
REPRESENTATION_ITEM('')
);
#2907=(
BOUNDED_CURVE()
B_SPLINE_CURVE(2,(#8591,#8592,#8593,#8594,#8595),.UNSPECIFIED.,.F.,.F.)
B_SPLINE_CURVE_WITH_KNOTS((3,2,3),(0.,0.5,1.),.PIECEWISE_BEZIER_KNOTS.)
CURVE()
GEOMETRIC_REPRESENTATION_ITEM()
RATIONAL_B_SPLINE_CURVE((1.,0.98078528040323,1.,0.98078528040323,1.))
REPRESENTATION_ITEM('')
);
#2908=(
BOUNDED_CURVE()
B_SPLINE_CURVE(2,(#8597,#8598,#8599,#8600,#8601),.UNSPECIFIED.,.F.,.F.)
B_SPLINE_CURVE_WITH_KNOTS((3,2,3),(0.,0.5,1.),.PIECEWISE_BEZIER_KNOTS.)
CURVE()
GEOMETRIC_REPRESENTATION_ITEM()
RATIONAL_B_SPLINE_CURVE((1.,0.98078528040323,1.,0.98078528040323,1.))
REPRESENTATION_ITEM('')
);
#2909=(
BOUNDED_CURVE()
B_SPLINE_CURVE(2,(#8603,#8604,#8605,#8606,#8607),.UNSPECIFIED.,.F.,.F.)
B_SPLINE_CURVE_WITH_KNOTS((3,2,3),(0.,0.5,1.),.PIECEWISE_BEZIER_KNOTS.)
CURVE()
GEOMETRIC_REPRESENTATION_ITEM()
RATIONAL_B_SPLINE_CURVE((1.,0.98078528040323,1.,0.98078528040323,1.))
REPRESENTATION_ITEM('')
);
#2910=(
BOUNDED_CURVE()
B_SPLINE_CURVE(2,(#8609,#8610,#8611,#8612,#8613),.UNSPECIFIED.,.F.,.F.)
B_SPLINE_CURVE_WITH_KNOTS((3,2,3),(0.,0.5,1.),.PIECEWISE_BEZIER_KNOTS.)
CURVE()
GEOMETRIC_REPRESENTATION_ITEM()
RATIONAL_B_SPLINE_CURVE((1.,0.98078528040323,1.,0.98078528040323,1.))
REPRESENTATION_ITEM('')
);
#2911=(
BOUNDED_CURVE()
B_SPLINE_CURVE(2,(#8615,#8616,#8617,#8618,#8619),.UNSPECIFIED.,.F.,.F.)
B_SPLINE_CURVE_WITH_KNOTS((3,2,3),(0.,0.5,1.),.PIECEWISE_BEZIER_KNOTS.)
CURVE()
GEOMETRIC_REPRESENTATION_ITEM()
RATIONAL_B_SPLINE_CURVE((1.,0.98078528040323,1.,0.98078528040323,1.))
REPRESENTATION_ITEM('')
);
#2912=(
BOUNDED_CURVE()
B_SPLINE_CURVE(2,(#8621,#8622,#8623,#8624,#8625),.UNSPECIFIED.,.F.,.F.)
B_SPLINE_CURVE_WITH_KNOTS((3,2,3),(0.,0.5,1.),.PIECEWISE_BEZIER_KNOTS.)
CURVE()
GEOMETRIC_REPRESENTATION_ITEM()
RATIONAL_B_SPLINE_CURVE((1.,0.98078528040323,1.,0.98078528040323,1.))
REPRESENTATION_ITEM('')
);
#2913=(
BOUNDED_CURVE()
B_SPLINE_CURVE(2,(#8631,#8632,#8633,#8634,#8635),.UNSPECIFIED.,.F.,.F.)
B_SPLINE_CURVE_WITH_KNOTS((3,2,3),(0.,0.5,1.),.PIECEWISE_BEZIER_KNOTS.)
CURVE()
GEOMETRIC_REPRESENTATION_ITEM()
RATIONAL_B_SPLINE_CURVE((1.,0.98078528040323,1.,0.98078528040323,1.))
REPRESENTATION_ITEM('')
);
#2914=(
BOUNDED_CURVE()
B_SPLINE_CURVE(2,(#8637,#8638,#8639,#8640,#8641),.UNSPECIFIED.,.F.,.F.)
B_SPLINE_CURVE_WITH_KNOTS((3,2,3),(0.,0.5,1.),.PIECEWISE_BEZIER_KNOTS.)
CURVE()
GEOMETRIC_REPRESENTATION_ITEM()
RATIONAL_B_SPLINE_CURVE((1.,0.98078528040323,1.,0.98078528040323,1.))
REPRESENTATION_ITEM('')
);
#2915=(
BOUNDED_CURVE()
B_SPLINE_CURVE(2,(#8643,#8644,#8645,#8646,#8647),.UNSPECIFIED.,.F.,.F.)
B_SPLINE_CURVE_WITH_KNOTS((3,2,3),(0.,0.5,1.),.PIECEWISE_BEZIER_KNOTS.)
CURVE()
GEOMETRIC_REPRESENTATION_ITEM()
RATIONAL_B_SPLINE_CURVE((1.,0.98078528040323,1.,0.98078528040323,1.))
REPRESENTATION_ITEM('')
);
#2916=(
BOUNDED_CURVE()
B_SPLINE_CURVE(2,(#8649,#8650,#8651,#8652,#8653),.UNSPECIFIED.,.F.,.F.)
B_SPLINE_CURVE_WITH_KNOTS((3,2,3),(0.,0.5,1.),.PIECEWISE_BEZIER_KNOTS.)
CURVE()
GEOMETRIC_REPRESENTATION_ITEM()
RATIONAL_B_SPLINE_CURVE((1.,0.98078528040323,1.,0.98078528040323,1.))
REPRESENTATION_ITEM('')
);
#2917=(
BOUNDED_CURVE()
B_SPLINE_CURVE(2,(#8659,#8660,#8661,#8662,#8663),.UNSPECIFIED.,.F.,.F.)
B_SPLINE_CURVE_WITH_KNOTS((3,2,3),(0.,0.5,1.),.PIECEWISE_BEZIER_KNOTS.)
CURVE()
GEOMETRIC_REPRESENTATION_ITEM()
RATIONAL_B_SPLINE_CURVE((1.,0.98078528040323,1.,0.98078528040323,1.))
REPRESENTATION_ITEM('')
);
#2918=(
BOUNDED_CURVE()
B_SPLINE_CURVE(2,(#8665,#8666,#8667,#8668,#8669),.UNSPECIFIED.,.F.,.F.)
B_SPLINE_CURVE_WITH_KNOTS((3,2,3),(0.,0.5,1.),.PIECEWISE_BEZIER_KNOTS.)
CURVE()
GEOMETRIC_REPRESENTATION_ITEM()
RATIONAL_B_SPLINE_CURVE((1.,0.98078528040323,1.,0.98078528040323,1.))
REPRESENTATION_ITEM('')
);
#2919=(
BOUNDED_CURVE()
B_SPLINE_CURVE(2,(#8815,#8816,#8817,#8818,#8819,#8820,#8821,#8822,#8823,
#8824,#8825,#8826,#8827,#8828,#8829,#8830,#8831,#8832,#8833,#8834,#8835,
#8836,#8837,#8838,#8839,#8840,#8841,#8842,#8843,#8844,#8845,#8846,#8847,
#8848,#8849,#8850,#8851,#8852,#8853,#8854,#8855,#8856,#8857,#8858,#8859,
#8860,#8861,#8862,#8863,#8864,#8865,#8866,#8867,#8868,#8869,#8870,#8871,
#8872,#8873,#8874,#8875,#8876,#8877,#8878,#8879,#8880,#8881,#8882,#8883,
#8884,#8885,#8886,#8887,#8888,#8889,#8890,#8891,#8892,#8893,#8894,#8895,
#8896,#8897,#8898,#8899,#8900,#8901,#8902,#8903,#8904,#8905,#8906,#8907,
#8908,#8909,#8910,#8911,#8912,#8913,#8914,#8915,#8916,#8917,#8918,#8919,
#8920,#8921,#8922,#8923,#8924,#8925,#8926,#8927,#8928,#8929,#8930,#8931,
#8932,#8933,#8934,#8935,#8936,#8937,#8938,#8939,#8940,#8941,#8942,#8943,
#8944,#8945,#8946,#8947),.UNSPECIFIED.,.F.,.F.)
B_SPLINE_CURVE_WITH_KNOTS((3,2,2,2,2,2,2,2,2,2,2,2,2,2,2,2,2,2,2,2,2,2,
2,2,2,2,2,2,2,2,2,2,2,2,2,2,2,2,2,2,2,2,2,2,2,2,2,2,2,2,2,2,2,2,2,2,2,2,
2,2,2,2,2,2,2,2,3),(0.,0.0151515151515152,0.0303030303030303,0.0454545454545455,
0.0606060606060606,0.0757575757575758,0.0909090909090909,0.106060606060606,
0.121212121212121,0.136363636363636,0.151515151515151,0.166666666666667,
0.181818181818182,0.196969696969697,0.212121212121212,0.227272727272728,
0.242424242424243,0.257575757575758,0.272727272727273,0.287878787878788,
0.303030303030303,0.318181818181818,0.333333333333334,0.348484848484849,
0.363636363636364,0.378787878787879,0.393939393939394,0.409090909090909,
0.424242424242425,0.43939393939394,0.454545454545455,0.46969696969697,0.484848484848485,
0.5,0.515151515151515,0.53030303030303,0.545454545454545,0.560606060606061,
0.575757575757576,0.590909090909091,0.606060606060606,0.621212121212121,
0.636363636363636,0.651515151515152,0.666666666666667,0.681818181818182,
0.696969696969697,0.712121212121212,0.727272727272727,0.742424242424242,
0.757575757575758,0.772727272727273,0.787878787878788,0.803030303030303,
0.818181818181818,0.833333333333333,0.848484848484849,0.863636363636364,
0.878787878787879,0.893939393939394,0.909090909090909,0.924242424242424,
0.939393939393939,0.954545454545455,0.96969696969697,0.984848484848485,
1.),.UNSPECIFIED.)
CURVE()
GEOMETRIC_REPRESENTATION_ITEM()
RATIONAL_B_SPLINE_CURVE((1.,0.866025403784439,1.,0.866025403784439,1.,0.866025403784439,
1.,0.866025403784439,1.,0.866025403784439,1.,0.866025403784439,1.,0.866025403784439,
1.,0.866025403784439,1.,0.866025403784439,1.,0.866025403784439,1.,0.866025403784439,
1.,0.866025403784439,1.,0.866025403784439,1.,0.866025403784439,1.,0.866025403784439,
1.,0.866025403784439,1.,0.866025403784439,1.,0.866025403784439,1.,0.866025403784439,
1.,0.866025403784439,1.,0.866025403784439,1.,0.866025403784439,1.,0.866025403784439,
1.,0.866025403784439,1.,0.866025403784439,1.,0.866025403784439,1.,0.866025403784439,
1.,0.866025403784439,1.,0.866025403784439,1.,0.866025403784439,1.,0.866025403784439,
1.,0.866025403784439,1.,0.866025403784439,1.,0.866025403784439,1.,0.866025403784439,
1.,0.866025403784439,1.,0.866025403784439,1.,0.866025403784439,1.,0.866025403784439,
1.,0.866025403784439,1.,0.866025403784439,1.,0.866025403784439,1.,0.866025403784439,
1.,0.866025403784439,1.,0.866025403784439,1.,0.866025403784439,1.,0.866025403784439,
1.,0.866025403784439,1.,0.866025403784439,1.,0.866025403784439,1.,0.866025403784439,
1.,0.866025403784439,1.,0.866025403784439,1.,0.866025403784439,1.,0.866025403784439,
1.,0.866025403784439,1.,0.866025403784439,1.,0.866025403784439,1.,0.866025403784439,
1.,0.866025403784439,1.,0.866025403784439,1.,0.866025403784439,1.,0.866025403784439,
1.,0.866025403784439,1.,0.866025403784439,1.,0.866025403784439,1.))
REPRESENTATION_ITEM('')
);
#2920=(
BOUNDED_CURVE()
B_SPLINE_CURVE(2,(#8948,#8949,#8950,#8951,#8952,#8953,#8954,#8955,#8956,
#8957,#8958,#8959,#8960,#8961,#8962,#8963,#8964,#8965,#8966,#8967,#8968,
#8969,#8970,#8971,#8972,#8973,#8974,#8975,#8976,#8977,#8978,#8979,#8980,
#8981,#8982,#8983,#8984,#8985,#8986,#8987,#8988,#8989,#8990,#8991,#8992,
#8993,#8994,#8995,#8996,#8997,#8998,#8999,#9000,#9001,#9002,#9003,#9004,
#9005,#9006,#9007,#9008,#9009,#9010,#9011,#9012,#9013,#9014,#9015,#9016,
#9017,#9018,#9019,#9020,#9021,#9022,#9023,#9024,#9025,#9026,#9027,#9028,
#9029,#9030,#9031,#9032,#9033,#9034,#9035,#9036,#9037,#9038,#9039,#9040,
#9041,#9042,#9043,#9044,#9045,#9046,#9047,#9048,#9049,#9050,#9051,#9052,
#9053,#9054,#9055,#9056,#9057,#9058,#9059,#9060,#9061,#9062,#9063,#9064,
#9065,#9066,#9067,#9068,#9069,#9070,#9071,#9072,#9073,#9074,#9075,#9076,
#9077,#9078,#9079,#9080),.UNSPECIFIED.,.F.,.F.)
B_SPLINE_CURVE_WITH_KNOTS((3,2,2,2,2,2,2,2,2,2,2,2,2,2,2,2,2,2,2,2,2,2,
2,2,2,2,2,2,2,2,2,2,2,2,2,2,2,2,2,2,2,2,2,2,2,2,2,2,2,2,2,2,2,2,2,2,2,2,
2,2,2,2,2,2,2,2,3),(0.,0.0151515151515152,0.0303030303030303,0.0454545454545455,
0.0606060606060606,0.0757575757575758,0.0909090909090909,0.106060606060606,
0.121212121212121,0.136363636363636,0.151515151515151,0.166666666666667,
0.181818181818182,0.196969696969697,0.212121212121212,0.227272727272728,
0.242424242424243,0.257575757575758,0.272727272727273,0.287878787878788,
0.303030303030303,0.318181818181818,0.333333333333334,0.348484848484849,
0.363636363636364,0.378787878787879,0.393939393939394,0.409090909090909,
0.424242424242425,0.43939393939394,0.454545454545455,0.46969696969697,0.484848484848485,
0.5,0.515151515151515,0.53030303030303,0.545454545454545,0.560606060606061,
0.575757575757576,0.590909090909091,0.606060606060606,0.621212121212121,
0.636363636363636,0.651515151515152,0.666666666666667,0.681818181818182,
0.696969696969697,0.712121212121212,0.727272727272727,0.742424242424242,
0.757575757575758,0.772727272727273,0.787878787878788,0.803030303030303,
0.818181818181818,0.833333333333333,0.848484848484849,0.863636363636364,
0.878787878787879,0.893939393939394,0.909090909090909,0.924242424242424,
0.939393939393939,0.954545454545455,0.96969696969697,0.984848484848485,
1.),.UNSPECIFIED.)
CURVE()
GEOMETRIC_REPRESENTATION_ITEM()
RATIONAL_B_SPLINE_CURVE((1.,0.866025403784439,1.,0.866025403784439,1.,0.866025403784439,
1.,0.866025403784439,1.,0.866025403784439,1.,0.866025403784439,1.,0.866025403784439,
1.,0.866025403784439,1.,0.866025403784439,1.,0.866025403784439,1.,0.866025403784439,
1.,0.866025403784439,1.,0.866025403784439,1.,0.866025403784439,1.,0.866025403784439,
1.,0.866025403784439,1.,0.866025403784439,1.,0.866025403784439,1.,0.866025403784439,
1.,0.866025403784439,1.,0.866025403784439,1.,0.866025403784439,1.,0.866025403784439,
1.,0.866025403784439,1.,0.866025403784439,1.,0.866025403784439,1.,0.866025403784439,
1.,0.866025403784439,1.,0.866025403784439,1.,0.866025403784439,1.,0.866025403784439,
1.,0.866025403784439,1.,0.866025403784439,1.,0.866025403784439,1.,0.866025403784439,
1.,0.866025403784439,1.,0.866025403784439,1.,0.866025403784439,1.,0.866025403784439,
1.,0.866025403784439,1.,0.866025403784439,1.,0.866025403784439,1.,0.866025403784439,
1.,0.866025403784439,1.,0.866025403784439,1.,0.866025403784439,1.,0.866025403784439,
1.,0.866025403784439,1.,0.866025403784439,1.,0.866025403784439,1.,0.866025403784439,
1.,0.866025403784439,1.,0.866025403784439,1.,0.866025403784439,1.,0.866025403784439,
1.,0.866025403784439,1.,0.866025403784439,1.,0.866025403784439,1.,0.866025403784439,
1.,0.866025403784439,1.,0.866025403784439,1.,0.866025403784439,1.,0.866025403784439,
1.,0.866025403784439,1.,0.866025403784439,1.,0.866025403784439,1.))
REPRESENTATION_ITEM('')
);
#2921=(
BOUNDED_CURVE()
B_SPLINE_CURVE(2,(#9454,#9455,#9456,#9457,#9458,#9459,#9460,#9461,#9462,
#9463,#9464,#9465,#9466,#9467,#9468,#9469,#9470,#9471,#9472,#9473,#9474,
#9475,#9476,#9477,#9478,#9479,#9480,#9481,#9482,#9483,#9484,#9485,#9486,
#9487,#9488,#9489,#9490,#9491,#9492,#9493,#9494,#9495,#9496,#9497,#9498,
#9499,#9500,#9501,#9502,#9503,#9504,#9505,#9506,#9507,#9508,#9509,#9510,
#9511,#9512,#9513,#9514,#9515,#9516,#9517,#9518,#9519,#9520,#9521,#9522,
#9523,#9524,#9525,#9526,#9527,#9528,#9529,#9530,#9531,#9532,#9533,#9534,
#9535,#9536,#9537,#9538,#9539,#9540,#9541,#9542,#9543,#9544,#9545,#9546,
#9547,#9548,#9549,#9550,#9551,#9552,#9553,#9554,#9555,#9556,#9557,#9558,
#9559,#9560,#9561,#9562,#9563,#9564,#9565,#9566,#9567,#9568,#9569,#9570,
#9571,#9572,#9573,#9574,#9575,#9576,#9577,#9578,#9579,#9580,#9581,#9582,
#9583,#9584,#9585,#9586),.UNSPECIFIED.,.F.,.F.)
B_SPLINE_CURVE_WITH_KNOTS((3,2,2,2,2,2,2,2,2,2,2,2,2,2,2,2,2,2,2,2,2,2,
2,2,2,2,2,2,2,2,2,2,2,2,2,2,2,2,2,2,2,2,2,2,2,2,2,2,2,2,2,2,2,2,2,2,2,2,
2,2,2,2,2,2,2,2,3),(0.,0.0151515151515152,0.0303030303030303,0.0454545454545455,
0.0606060606060606,0.0757575757575758,0.0909090909090909,0.106060606060606,
0.121212121212121,0.136363636363636,0.151515151515151,0.166666666666667,
0.181818181818182,0.196969696969697,0.212121212121212,0.227272727272728,
0.242424242424243,0.257575757575758,0.272727272727273,0.287878787878788,
0.303030303030303,0.318181818181818,0.333333333333334,0.348484848484849,
0.363636363636364,0.378787878787879,0.393939393939394,0.409090909090909,
0.424242424242425,0.43939393939394,0.454545454545455,0.46969696969697,0.484848484848485,
0.5,0.515151515151515,0.53030303030303,0.545454545454545,0.560606060606061,
0.575757575757576,0.590909090909091,0.606060606060606,0.621212121212121,
0.636363636363636,0.651515151515152,0.666666666666667,0.681818181818182,
0.696969696969697,0.712121212121212,0.727272727272727,0.742424242424242,
0.757575757575758,0.772727272727273,0.787878787878788,0.803030303030303,
0.818181818181818,0.833333333333333,0.848484848484849,0.863636363636364,
0.878787878787879,0.893939393939394,0.909090909090909,0.924242424242424,
0.939393939393939,0.954545454545455,0.96969696969697,0.984848484848485,
1.),.UNSPECIFIED.)
CURVE()
GEOMETRIC_REPRESENTATION_ITEM()
RATIONAL_B_SPLINE_CURVE((1.,0.866025403784439,1.,0.866025403784439,1.,0.866025403784439,
1.,0.866025403784439,1.,0.866025403784439,1.,0.866025403784439,1.,0.866025403784439,
1.,0.866025403784439,1.,0.866025403784439,1.,0.866025403784439,1.,0.866025403784439,
1.,0.866025403784439,1.,0.866025403784439,1.,0.866025403784439,1.,0.866025403784439,
1.,0.866025403784439,1.,0.866025403784439,1.,0.866025403784439,1.,0.866025403784439,
1.,0.866025403784439,1.,0.866025403784439,1.,0.866025403784439,1.,0.866025403784439,
1.,0.866025403784439,1.,0.866025403784439,1.,0.866025403784439,1.,0.866025403784439,
1.,0.866025403784439,1.,0.866025403784439,1.,0.866025403784439,1.,0.866025403784439,
1.,0.866025403784439,1.,0.866025403784439,1.,0.866025403784439,1.,0.866025403784439,
1.,0.866025403784439,1.,0.866025403784439,1.,0.866025403784439,1.,0.866025403784439,
1.,0.866025403784439,1.,0.866025403784439,1.,0.866025403784439,1.,0.866025403784439,
1.,0.866025403784439,1.,0.866025403784439,1.,0.866025403784439,1.,0.866025403784439,
1.,0.866025403784439,1.,0.866025403784439,1.,0.866025403784439,1.,0.866025403784439,
1.,0.866025403784439,1.,0.866025403784439,1.,0.866025403784439,1.,0.866025403784439,
1.,0.866025403784439,1.,0.866025403784439,1.,0.866025403784439,1.,0.866025403784439,
1.,0.866025403784439,1.,0.866025403784439,1.,0.866025403784439,1.,0.866025403784439,
1.,0.866025403784439,1.,0.866025403784439,1.,0.866025403784439,1.))
REPRESENTATION_ITEM('')
);
#2922=(
BOUNDED_CURVE()
B_SPLINE_CURVE(2,(#9587,#9588,#9589,#9590,#9591,#9592,#9593,#9594,#9595,
#9596,#9597,#9598,#9599,#9600,#9601,#9602,#9603,#9604,#9605,#9606,#9607,
#9608,#9609,#9610,#9611,#9612,#9613,#9614,#9615,#9616,#9617,#9618,#9619,
#9620,#9621,#9622,#9623,#9624,#9625,#9626,#9627,#9628,#9629,#9630,#9631,
#9632,#9633,#9634,#9635,#9636,#9637,#9638,#9639,#9640,#9641,#9642,#9643,
#9644,#9645,#9646,#9647,#9648,#9649,#9650,#9651,#9652,#9653,#9654,#9655,
#9656,#9657,#9658,#9659,#9660,#9661,#9662,#9663,#9664,#9665,#9666,#9667,
#9668,#9669,#9670,#9671,#9672,#9673,#9674,#9675,#9676,#9677,#9678,#9679,
#9680,#9681,#9682,#9683,#9684,#9685,#9686,#9687,#9688,#9689,#9690,#9691,
#9692,#9693,#9694,#9695,#9696,#9697,#9698,#9699,#9700,#9701,#9702,#9703,
#9704,#9705,#9706,#9707,#9708,#9709,#9710,#9711,#9712,#9713,#9714,#9715,
#9716,#9717,#9718,#9719),.UNSPECIFIED.,.F.,.F.)
B_SPLINE_CURVE_WITH_KNOTS((3,2,2,2,2,2,2,2,2,2,2,2,2,2,2,2,2,2,2,2,2,2,
2,2,2,2,2,2,2,2,2,2,2,2,2,2,2,2,2,2,2,2,2,2,2,2,2,2,2,2,2,2,2,2,2,2,2,2,
2,2,2,2,2,2,2,2,3),(0.,0.0151515151515152,0.0303030303030303,0.0454545454545455,
0.0606060606060606,0.0757575757575758,0.0909090909090909,0.106060606060606,
0.121212121212121,0.136363636363636,0.151515151515151,0.166666666666667,
0.181818181818182,0.196969696969697,0.212121212121212,0.227272727272728,
0.242424242424243,0.257575757575758,0.272727272727273,0.287878787878788,
0.303030303030303,0.318181818181818,0.333333333333334,0.348484848484849,
0.363636363636364,0.378787878787879,0.393939393939394,0.409090909090909,
0.424242424242425,0.43939393939394,0.454545454545455,0.46969696969697,0.484848484848485,
0.5,0.515151515151515,0.53030303030303,0.545454545454545,0.560606060606061,
0.575757575757576,0.590909090909091,0.606060606060606,0.621212121212121,
0.636363636363636,0.651515151515152,0.666666666666667,0.681818181818182,
0.696969696969697,0.712121212121212,0.727272727272727,0.742424242424242,
0.757575757575758,0.772727272727273,0.787878787878788,0.803030303030303,
0.818181818181818,0.833333333333333,0.848484848484849,0.863636363636364,
0.878787878787879,0.893939393939394,0.909090909090909,0.924242424242424,
0.939393939393939,0.954545454545455,0.96969696969697,0.984848484848485,
1.),.UNSPECIFIED.)
CURVE()
GEOMETRIC_REPRESENTATION_ITEM()
RATIONAL_B_SPLINE_CURVE((1.,0.866025403784439,1.,0.866025403784439,1.,0.866025403784439,
1.,0.866025403784439,1.,0.866025403784439,1.,0.866025403784439,1.,0.866025403784439,
1.,0.866025403784439,1.,0.866025403784439,1.,0.866025403784439,1.,0.866025403784439,
1.,0.866025403784439,1.,0.866025403784439,1.,0.866025403784439,1.,0.866025403784439,
1.,0.866025403784439,1.,0.866025403784439,1.,0.866025403784439,1.,0.866025403784439,
1.,0.866025403784439,1.,0.866025403784439,1.,0.866025403784439,1.,0.866025403784439,
1.,0.866025403784439,1.,0.866025403784439,1.,0.866025403784439,1.,0.866025403784439,
1.,0.866025403784439,1.,0.866025403784439,1.,0.866025403784439,1.,0.866025403784439,
1.,0.866025403784439,1.,0.866025403784439,1.,0.866025403784439,1.,0.866025403784439,
1.,0.866025403784439,1.,0.866025403784439,1.,0.866025403784439,1.,0.866025403784439,
1.,0.866025403784439,1.,0.866025403784439,1.,0.866025403784439,1.,0.866025403784439,
1.,0.866025403784439,1.,0.866025403784439,1.,0.866025403784439,1.,0.866025403784439,
1.,0.866025403784439,1.,0.866025403784439,1.,0.866025403784439,1.,0.866025403784439,
1.,0.866025403784439,1.,0.866025403784439,1.,0.866025403784439,1.,0.866025403784439,
1.,0.866025403784439,1.,0.866025403784439,1.,0.866025403784439,1.,0.866025403784439,
1.,0.866025403784439,1.,0.866025403784439,1.,0.866025403784439,1.,0.866025403784439,
1.,0.866025403784439,1.,0.866025403784439,1.,0.866025403784439,1.))
REPRESENTATION_ITEM('')
);
#2923=EDGE_LOOP('',(#183,#184,#185,#186,#187));
#2924=EDGE_LOOP('',(#188,#189,#190,#191));
#2925=EDGE_LOOP('',(#192,#193,#194,#195));
#2926=EDGE_LOOP('',(#196,#197,#198,#199));
#2927=EDGE_LOOP('',(#200,#201,#202,#203));
#2928=EDGE_LOOP('',(#204,#205,#206));
#2929=EDGE_LOOP('',(#207,#208,#209,#210));
#2930=EDGE_LOOP('',(#211,#212,#213,#214));
#2931=EDGE_LOOP('',(#215,#216,#217,#218));
#2932=EDGE_LOOP('',(#219,#220,#221,#222));
#2933=EDGE_LOOP('',(#223,#224,#225,#226,#227));
#2934=EDGE_LOOP('',(#228,#229,#230));
#2935=EDGE_LOOP('',(#231,#232,#233,#234,#235));
#2936=EDGE_LOOP('',(#236,#237,#238,#239));
#2937=EDGE_LOOP('',(#240,#241,#242,#243));
#2938=EDGE_LOOP('',(#244,#245,#246,#247));
#2939=EDGE_LOOP('',(#248,#249,#250,#251));
#2940=EDGE_LOOP('',(#252,#253,#254));
#2941=EDGE_LOOP('',(#255,#256,#257,#258));
#2942=EDGE_LOOP('',(#259,#260,#261,#262));
#2943=EDGE_LOOP('',(#263,#264,#265,#266));
#2944=EDGE_LOOP('',(#267,#268,#269,#270,#271));
#2945=EDGE_LOOP('',(#272,#273,#274));
#2946=EDGE_LOOP('',(#275,#276,#277,#278,#279));
#2947=EDGE_LOOP('',(#280,#281,#282,#283));
#2948=EDGE_LOOP('',(#284,#285,#286,#287));
#2949=EDGE_LOOP('',(#288,#289,#290,#291));
#2950=EDGE_LOOP('',(#292,#293,#294,#295));
#2951=EDGE_LOOP('',(#296,#297,#298));
#2952=EDGE_LOOP('',(#299,#300,#301,#302));
#2953=EDGE_LOOP('',(#303,#304,#305,#306));
#2954=EDGE_LOOP('',(#307,#308,#309,#310,#311));
#2955=EDGE_LOOP('',(#312,#313,#314));
#2956=EDGE_LOOP('',(#315,#316,#317,#318,#319));
#2957=EDGE_LOOP('',(#320,#321,#322,#323));
#2958=EDGE_LOOP('',(#324,#325,#326,#327));
#2959=EDGE_LOOP('',(#328,#329,#330,#331));
#2960=EDGE_LOOP('',(#332,#333,#334,#335));
#2961=EDGE_LOOP('',(#336,#337,#338));
#2962=EDGE_LOOP('',(#339,#340,#341,#342));
#2963=EDGE_LOOP('',(#343,#344,#345,#346,#347));
#2964=EDGE_LOOP('',(#348,#349,#350));
#2965=EDGE_LOOP('',(#351,#352,#353,#354,#355));
#2966=EDGE_LOOP('',(#356,#357,#358,#359));
#2967=EDGE_LOOP('',(#360,#361,#362,#363));
#2968=EDGE_LOOP('',(#364,#365,#366,#367));
#2969=EDGE_LOOP('',(#368,#369,#370,#371));
#2970=EDGE_LOOP('',(#372,#373,#374));
#2971=EDGE_LOOP('',(#375,#376,#377,#378,#379));
#2972=EDGE_LOOP('',(#380,#381,#382));
#2973=EDGE_LOOP('',(#383,#384,#385,#386,#387));
#2974=EDGE_LOOP('',(#388,#389,#390,#391));
#2975=EDGE_LOOP('',(#392,#393,#394,#395));
#2976=EDGE_LOOP('',(#396,#397,#398,#399));
#2977=EDGE_LOOP('',(#400,#401,#402,#403));
#2978=EDGE_LOOP('',(#404,#405,#406));
#2979=EDGE_LOOP('',(#407,#408,#409));
#2980=EDGE_LOOP('',(#410,#411,#412,#413,#414));
#2981=EDGE_LOOP('',(#415,#416,#417,#418));
#2982=EDGE_LOOP('',(#419,#420,#421,#422));
#2983=EDGE_LOOP('',(#423,#424,#425,#426));
#2984=EDGE_LOOP('',(#427,#428,#429,#430));
#2985=EDGE_LOOP('',(#431,#432,#433));
#2986=EDGE_LOOP('',(#434,#435,#436));
#2987=EDGE_LOOP('',(#437,#438,#439,#440,#441));
#2988=EDGE_LOOP('',(#442,#443,#444,#445));
#2989=EDGE_LOOP('',(#446,#447,#448,#449));
#2990=EDGE_LOOP('',(#450,#451,#452,#453));
#2991=EDGE_LOOP('',(#454,#455,#456,#457));
#2992=EDGE_LOOP('',(#458,#459,#460));
#2993=EDGE_LOOP('',(#461,#462,#463));
#2994=EDGE_LOOP('',(#464,#465,#466,#467,#468));
#2995=EDGE_LOOP('',(#469,#470,#471,#472));
#2996=EDGE_LOOP('',(#473,#474,#475,#476));
#2997=EDGE_LOOP('',(#477,#478,#479,#480));
#2998=EDGE_LOOP('',(#481,#482,#483,#484));
#2999=EDGE_LOOP('',(#485,#486,#487));
#3000=EDGE_LOOP('',(#488,#489,#490));
#3001=EDGE_LOOP('',(#491,#492,#493,#494,#495));
#3002=EDGE_LOOP('',(#496,#497,#498,#499));
#3003=EDGE_LOOP('',(#500,#501,#502,#503));
#3004=EDGE_LOOP('',(#504,#505,#506,#507));
#3005=EDGE_LOOP('',(#508,#509,#510,#511));
#3006=EDGE_LOOP('',(#512,#513,#514));
#3007=EDGE_LOOP('',(#515,#516,#517));
#3008=EDGE_LOOP('',(#518,#519,#520,#521,#522));
#3009=EDGE_LOOP('',(#523,#524,#525,#526));
#3010=EDGE_LOOP('',(#527,#528,#529,#530));
#3011=EDGE_LOOP('',(#531,#532,#533,#534));
#3012=EDGE_LOOP('',(#535,#536,#537,#538));
#3013=EDGE_LOOP('',(#539,#540,#541));
#3014=EDGE_LOOP('',(#542,#543,#544));
#3015=EDGE_LOOP('',(#545,#546,#547,#548,#549));
#3016=EDGE_LOOP('',(#550,#551,#552,#553));
#3017=EDGE_LOOP('',(#554,#555,#556,#557));
#3018=EDGE_LOOP('',(#558,#559,#560,#561));
#3019=EDGE_LOOP('',(#562,#563,#564,#565));
#3020=EDGE_LOOP('',(#566,#567,#568));
#3021=EDGE_LOOP('',(#569,#570,#571));
#3022=EDGE_LOOP('',(#572,#573,#574,#575,#576));
#3023=EDGE_LOOP('',(#577,#578,#579,#580));
#3024=EDGE_LOOP('',(#581,#582,#583,#584));
#3025=EDGE_LOOP('',(#585,#586,#587,#588));
#3026=EDGE_LOOP('',(#589,#590,#591,#592));
#3027=EDGE_LOOP('',(#593,#594,#595));
#3028=EDGE_LOOP('',(#596,#597,#598));
#3029=EDGE_LOOP('',(#599,#600,#601,#602,#603));
#3030=EDGE_LOOP('',(#604,#605,#606,#607));
#3031=EDGE_LOOP('',(#608,#609,#610,#611));
#3032=EDGE_LOOP('',(#612,#613,#614,#615));
#3033=EDGE_LOOP('',(#616,#617,#618,#619));
#3034=EDGE_LOOP('',(#620,#621,#622));
#3035=EDGE_LOOP('',(#623,#624,#625));
#3036=EDGE_LOOP('',(#626,#627,#628,#629,#630));
#3037=EDGE_LOOP('',(#631,#632,#633,#634));
#3038=EDGE_LOOP('',(#635,#636,#637,#638));
#3039=EDGE_LOOP('',(#639,#640,#641,#642));
#3040=EDGE_LOOP('',(#643,#644,#645,#646));
#3041=EDGE_LOOP('',(#647,#648,#649));
#3042=EDGE_LOOP('',(#650,#651,#652));
#3043=EDGE_LOOP('',(#653,#654,#655,#656,#657));
#3044=EDGE_LOOP('',(#658,#659,#660,#661));
#3045=EDGE_LOOP('',(#662,#663,#664,#665));
#3046=EDGE_LOOP('',(#666,#667,#668,#669));
#3047=EDGE_LOOP('',(#670,#671,#672,#673));
#3048=EDGE_LOOP('',(#674,#675,#676));
#3049=EDGE_LOOP('',(#677,#678,#679));
#3050=EDGE_LOOP('',(#680,#681,#682,#683,#684));
#3051=EDGE_LOOP('',(#685,#686,#687,#688));
#3052=EDGE_LOOP('',(#689,#690,#691,#692));
#3053=EDGE_LOOP('',(#693,#694,#695,#696));
#3054=EDGE_LOOP('',(#697,#698,#699,#700));
#3055=EDGE_LOOP('',(#701,#702,#703));
#3056=EDGE_LOOP('',(#704,#705,#706));
#3057=EDGE_LOOP('',(#707,#708,#709,#710,#711));
#3058=EDGE_LOOP('',(#712,#713,#714,#715));
#3059=EDGE_LOOP('',(#716,#717,#718,#719));
#3060=EDGE_LOOP('',(#720,#721,#722,#723));
#3061=EDGE_LOOP('',(#724,#725,#726,#727));
#3062=EDGE_LOOP('',(#728,#729,#730));
#3063=EDGE_LOOP('',(#731,#732,#733));
#3064=EDGE_LOOP('',(#734,#735,#736,#737,#738));
#3065=EDGE_LOOP('',(#739,#740,#741,#742));
#3066=EDGE_LOOP('',(#743,#744,#745,#746));
#3067=EDGE_LOOP('',(#747,#748,#749,#750));
#3068=EDGE_LOOP('',(#751,#752,#753,#754));
#3069=EDGE_LOOP('',(#755,#756,#757));
#3070=EDGE_LOOP('',(#758,#759,#760));
#3071=EDGE_LOOP('',(#761,#762,#763,#764,#765));
#3072=EDGE_LOOP('',(#766,#767,#768,#769));
#3073=EDGE_LOOP('',(#770,#771,#772,#773));
#3074=EDGE_LOOP('',(#774,#775,#776,#777));
#3075=EDGE_LOOP('',(#778,#779,#780,#781));
#3076=EDGE_LOOP('',(#782,#783,#784));
#3077=EDGE_LOOP('',(#785,#786,#787));
#3078=EDGE_LOOP('',(#788,#789,#790,#791,#792));
#3079=EDGE_LOOP('',(#793,#794,#795,#796));
#3080=EDGE_LOOP('',(#797,#798,#799,#800));
#3081=EDGE_LOOP('',(#801,#802,#803,#804));
#3082=EDGE_LOOP('',(#805,#806,#807,#808));
#3083=EDGE_LOOP('',(#809,#810,#811));
#3084=EDGE_LOOP('',(#812,#813,#814));
#3085=EDGE_LOOP('',(#815,#816,#817,#818,#819));
#3086=EDGE_LOOP('',(#820,#821,#822,#823));
#3087=EDGE_LOOP('',(#824,#825,#826,#827));
#3088=EDGE_LOOP('',(#828,#829,#830,#831));
#3089=EDGE_LOOP('',(#832,#833,#834,#835));
#3090=EDGE_LOOP('',(#836,#837,#838));
#3091=EDGE_LOOP('',(#839,#840,#841));
#3092=EDGE_LOOP('',(#842,#843,#844,#845,#846));
#3093=EDGE_LOOP('',(#847,#848,#849,#850));
#3094=EDGE_LOOP('',(#851,#852,#853,#854));
#3095=EDGE_LOOP('',(#855,#856,#857,#858));
#3096=EDGE_LOOP('',(#859,#860,#861,#862));
#3097=EDGE_LOOP('',(#863,#864,#865));
#3098=EDGE_LOOP('',(#866,#867,#868));
#3099=EDGE_LOOP('',(#869,#870,#871,#872,#873));
#3100=EDGE_LOOP('',(#874,#875,#876,#877));
#3101=EDGE_LOOP('',(#878,#879,#880,#881));
#3102=EDGE_LOOP('',(#882,#883,#884,#885));
#3103=EDGE_LOOP('',(#886,#887,#888,#889));
#3104=EDGE_LOOP('',(#890,#891,#892));
#3105=EDGE_LOOP('',(#893,#894,#895));
#3106=EDGE_LOOP('',(#896,#897,#898,#899,#900));
#3107=EDGE_LOOP('',(#901,#902,#903,#904));
#3108=EDGE_LOOP('',(#905,#906,#907,#908));
#3109=EDGE_LOOP('',(#909,#910,#911,#912));
#3110=EDGE_LOOP('',(#913,#914,#915,#916));
#3111=EDGE_LOOP('',(#917,#918,#919));
#3112=EDGE_LOOP('',(#920,#921,#922));
#3113=EDGE_LOOP('',(#923,#924,#925,#926,#927));
#3114=EDGE_LOOP('',(#928,#929,#930,#931));
#3115=EDGE_LOOP('',(#932,#933,#934,#935));
#3116=EDGE_LOOP('',(#936,#937,#938,#939));
#3117=EDGE_LOOP('',(#940,#941,#942,#943));
#3118=EDGE_LOOP('',(#944,#945,#946));
#3119=EDGE_LOOP('',(#947,#948,#949));
#3120=EDGE_LOOP('',(#950,#951,#952,#953,#954));
#3121=EDGE_LOOP('',(#955,#956,#957,#958));
#3122=EDGE_LOOP('',(#959,#960,#961,#962));
#3123=EDGE_LOOP('',(#963,#964,#965,#966));
#3124=EDGE_LOOP('',(#967,#968,#969,#970));
#3125=EDGE_LOOP('',(#971,#972,#973));
#3126=EDGE_LOOP('',(#974,#975,#976));
#3127=EDGE_LOOP('',(#977,#978,#979,#980,#981));
#3128=EDGE_LOOP('',(#982,#983,#984,#985));
#3129=EDGE_LOOP('',(#986,#987,#988,#989));
#3130=EDGE_LOOP('',(#990,#991,#992,#993));
#3131=EDGE_LOOP('',(#994,#995,#996,#997));
#3132=EDGE_LOOP('',(#998,#999,#1000));
#3133=EDGE_LOOP('',(#1001,#1002,#1003));
#3134=EDGE_LOOP('',(#1004,#1005,#1006,#1007,#1008));
#3135=EDGE_LOOP('',(#1009,#1010,#1011,#1012));
#3136=EDGE_LOOP('',(#1013,#1014,#1015,#1016));
#3137=EDGE_LOOP('',(#1017,#1018,#1019,#1020));
#3138=EDGE_LOOP('',(#1021,#1022,#1023,#1024));
#3139=EDGE_LOOP('',(#1025,#1026,#1027));
#3140=EDGE_LOOP('',(#1028,#1029,#1030));
#3141=EDGE_LOOP('',(#1031,#1032,#1033,#1034,#1035));
#3142=EDGE_LOOP('',(#1036,#1037,#1038,#1039));
#3143=EDGE_LOOP('',(#1040,#1041,#1042,#1043));
#3144=EDGE_LOOP('',(#1044,#1045,#1046,#1047));
#3145=EDGE_LOOP('',(#1048,#1049,#1050,#1051));
#3146=EDGE_LOOP('',(#1052,#1053,#1054));
#3147=EDGE_LOOP('',(#1055,#1056,#1057));
#3148=EDGE_LOOP('',(#1058,#1059,#1060,#1061,#1062));
#3149=EDGE_LOOP('',(#1063,#1064,#1065,#1066));
#3150=EDGE_LOOP('',(#1067,#1068,#1069,#1070));
#3151=EDGE_LOOP('',(#1071,#1072,#1073,#1074));
#3152=EDGE_LOOP('',(#1075,#1076,#1077,#1078));
#3153=EDGE_LOOP('',(#1079,#1080,#1081));
#3154=EDGE_LOOP('',(#1082,#1083,#1084));
#3155=EDGE_LOOP('',(#1085,#1086,#1087,#1088,#1089));
#3156=EDGE_LOOP('',(#1090,#1091,#1092,#1093));
#3157=EDGE_LOOP('',(#1094,#1095,#1096,#1097));
#3158=EDGE_LOOP('',(#1098,#1099,#1100,#1101));
#3159=EDGE_LOOP('',(#1102,#1103,#1104,#1105));
#3160=EDGE_LOOP('',(#1106,#1107,#1108));
#3161=EDGE_LOOP('',(#1109,#1110,#1111));
#3162=EDGE_LOOP('',(#1112,#1113,#1114,#1115,#1116));
#3163=EDGE_LOOP('',(#1117,#1118,#1119,#1120));
#3164=EDGE_LOOP('',(#1121,#1122,#1123,#1124));
#3165=EDGE_LOOP('',(#1125,#1126,#1127,#1128));
#3166=EDGE_LOOP('',(#1129,#1130,#1131,#1132));
#3167=EDGE_LOOP('',(#1133,#1134,#1135));
#3168=EDGE_LOOP('',(#1136,#1137,#1138));
#3169=EDGE_LOOP('',(#1139,#1140,#1141,#1142,#1143));
#3170=EDGE_LOOP('',(#1144,#1145,#1146,#1147));
#3171=EDGE_LOOP('',(#1148,#1149,#1150,#1151));
#3172=EDGE_LOOP('',(#1152,#1153,#1154,#1155));
#3173=EDGE_LOOP('',(#1156,#1157,#1158,#1159));
#3174=EDGE_LOOP('',(#1160,#1161,#1162));
#3175=EDGE_LOOP('',(#1163,#1164,#1165));
#3176=EDGE_LOOP('',(#1166,#1167,#1168,#1169,#1170));
#3177=EDGE_LOOP('',(#1171,#1172,#1173,#1174));
#3178=EDGE_LOOP('',(#1175,#1176,#1177,#1178));
#3179=EDGE_LOOP('',(#1179,#1180,#1181,#1182));
#3180=EDGE_LOOP('',(#1183,#1184,#1185,#1186));
#3181=EDGE_LOOP('',(#1187,#1188,#1189));
#3182=EDGE_LOOP('',(#1190,#1191,#1192));
#3183=EDGE_LOOP('',(#1193,#1194,#1195,#1196));
#3184=EDGE_LOOP('',(#1197,#1198,#1199,#1200));
#3185=EDGE_LOOP('',(#1201,#1202,#1203,#1204));
#3186=EDGE_LOOP('',(#1205,#1206,#1207,#1208));
#3187=EDGE_LOOP('',(#1209,#1210,#1211));
#3188=EDGE_LOOP('',(#1212,#1213,#1214));
#3189=EDGE_LOOP('',(#1215,#1216,#1217,#1218));
#3190=EDGE_LOOP('',(#1219,#1220,#1221,#1222));
#3191=EDGE_LOOP('',(#1223,#1224,#1225,#1226));
#3192=EDGE_LOOP('',(#1227,#1228,#1229));
#3193=EDGE_LOOP('',(#1230,#1231,#1232));
#3194=EDGE_LOOP('',(#1233,#1234,#1235,#1236));
#3195=EDGE_LOOP('',(#1237,#1238,#1239,#1240));
#3196=EDGE_LOOP('',(#1241,#1242,#1243));
#3197=EDGE_LOOP('',(#1244,#1245,#1246));
#3198=EDGE_LOOP('',(#1247,#1248,#1249,#1250));
#3199=EDGE_LOOP('',(#1251,#1252,#1253));
#3200=EDGE_LOOP('',(#1254,#1255,#1256));
#3201=EDGE_LOOP('',(#1257,#1258,#1259));
#3202=EDGE_LOOP('',(#1260));
#3203=EDGE_LOOP('',(#1261,#1262,#1263,#1264));
#3204=EDGE_LOOP('',(#1265));
#3205=EDGE_LOOP('',(#1266));
#3206=EDGE_LOOP('',(#1267));
#3207=EDGE_LOOP('',(#1268));
#3208=EDGE_LOOP('',(#1269));
#3209=EDGE_LOOP('',(#1270));
#3210=EDGE_LOOP('',(#1271));
#3211=EDGE_LOOP('',(#1272));
#3212=EDGE_LOOP('',(#1273));
#3213=EDGE_LOOP('',(#1274));
#3214=EDGE_LOOP('',(#1275));
#3215=EDGE_LOOP('',(#1276));
#3216=EDGE_LOOP('',(#1277));
#3217=EDGE_LOOP('',(#1278));
#3218=EDGE_LOOP('',(#1279));
#3219=EDGE_LOOP('',(#1280));
#3220=EDGE_LOOP('',(#1281));
#3221=EDGE_LOOP('',(#1282));
#3222=EDGE_LOOP('',(#1283,#1284,#1285));
#3223=EDGE_LOOP('',(#1286));
#3224=EDGE_LOOP('',(#1287,#1288,#1289,#1290,#1291,#1292,#1293,#1294,#1295,
#1296,#1297,#1298,#1299,#1300,#1301,#1302,#1303,#1304,#1305,#1306,#1307,
#1308,#1309,#1310,#1311,#1312,#1313,#1314,#1315,#1316,#1317,#1318,#1319,
#1320,#1321,#1322,#1323,#1324,#1325,#1326));
#3225=EDGE_LOOP('',(#1327));
#3226=EDGE_LOOP('',(#1328));
#3227=EDGE_LOOP('',(#1329));
#3228=EDGE_LOOP('',(#1330));
#3229=EDGE_LOOP('',(#1331));
#3230=EDGE_LOOP('',(#1332));
#3231=EDGE_LOOP('',(#1333));
#3232=EDGE_LOOP('',(#1334));
#3233=EDGE_LOOP('',(#1335));
#3234=EDGE_LOOP('',(#1336));
#3235=EDGE_LOOP('',(#1337,#1338,#1339,#1340));
#3236=EDGE_LOOP('',(#1341));
#3237=EDGE_LOOP('',(#1342,#1343,#1344,#1345));
#3238=EDGE_LOOP('',(#1346));
#3239=EDGE_LOOP('',(#1347));
#3240=EDGE_LOOP('',(#1348));
#3241=EDGE_LOOP('',(#1349));
#3242=EDGE_LOOP('',(#1350));
#3243=EDGE_LOOP('',(#1351));
#3244=EDGE_LOOP('',(#1352));
#3245=EDGE_LOOP('',(#1353));
#3246=EDGE_LOOP('',(#1354,#1355,#1356,#1357,#1358,#1359,#1360,#1361,#1362,
#1363,#1364,#1365,#1366,#1367,#1368,#1369,#1370,#1371,#1372,#1373,#1374,
#1375,#1376,#1377,#1378,#1379,#1380,#1381,#1382,#1383,#1384,#1385,#1386,
#1387,#1388,#1389,#1390,#1391,#1392,#1393,#1394,#1395,#1396,#1397,#1398,
#1399,#1400,#1401,#1402,#1403,#1404,#1405,#1406,#1407,#1408,#1409,#1410,
#1411,#1412,#1413,#1414,#1415,#1416,#1417,#1418,#1419,#1420,#1421,#1422,
#1423,#1424,#1425,#1426,#1427,#1428,#1429,#1430,#1431,#1432,#1433));
#3247=EDGE_LOOP('',(#1434));
#3248=EDGE_LOOP('',(#1435));
#3249=EDGE_LOOP('',(#1436));
#3250=EDGE_LOOP('',(#1437));
#3251=EDGE_LOOP('',(#1438));
#3252=EDGE_LOOP('',(#1439,#1440,#1441,#1442));
#3253=EDGE_LOOP('',(#1443,#1444,#1445,#1446));
#3254=EDGE_LOOP('',(#1447,#1448,#1449,#1450));
#3255=EDGE_LOOP('',(#1451));
#3256=EDGE_LOOP('',(#1452));
#3257=FACE_BOUND('',#2923,.T.);
#3258=FACE_BOUND('',#2924,.T.);
#3259=FACE_BOUND('',#2925,.T.);
#3260=FACE_BOUND('',#2926,.T.);
#3261=FACE_BOUND('',#2927,.T.);
#3262=FACE_BOUND('',#2928,.T.);
#3263=FACE_BOUND('',#2929,.T.);
#3264=FACE_BOUND('',#2930,.T.);
#3265=FACE_BOUND('',#2931,.T.);
#3266=FACE_BOUND('',#2932,.T.);
#3267=FACE_BOUND('',#2933,.T.);
#3268=FACE_BOUND('',#2934,.T.);
#3269=FACE_BOUND('',#2935,.T.);
#3270=FACE_BOUND('',#2936,.T.);
#3271=FACE_BOUND('',#2937,.T.);
#3272=FACE_BOUND('',#2938,.T.);
#3273=FACE_BOUND('',#2939,.T.);
#3274=FACE_BOUND('',#2940,.T.);
#3275=FACE_BOUND('',#2941,.T.);
#3276=FACE_BOUND('',#2942,.T.);
#3277=FACE_BOUND('',#2943,.T.);
#3278=FACE_BOUND('',#2944,.T.);
#3279=FACE_BOUND('',#2945,.T.);
#3280=FACE_BOUND('',#2946,.T.);
#3281=FACE_BOUND('',#2947,.T.);
#3282=FACE_BOUND('',#2948,.T.);
#3283=FACE_BOUND('',#2949,.T.);
#3284=FACE_BOUND('',#2950,.T.);
#3285=FACE_BOUND('',#2951,.T.);
#3286=FACE_BOUND('',#2952,.T.);
#3287=FACE_BOUND('',#2953,.T.);
#3288=FACE_BOUND('',#2954,.T.);
#3289=FACE_BOUND('',#2955,.T.);
#3290=FACE_BOUND('',#2956,.T.);
#3291=FACE_BOUND('',#2957,.T.);
#3292=FACE_BOUND('',#2958,.T.);
#3293=FACE_BOUND('',#2959,.T.);
#3294=FACE_BOUND('',#2960,.T.);
#3295=FACE_BOUND('',#2961,.T.);
#3296=FACE_BOUND('',#2962,.T.);
#3297=FACE_BOUND('',#2963,.T.);
#3298=FACE_BOUND('',#2964,.T.);
#3299=FACE_BOUND('',#2965,.T.);
#3300=FACE_BOUND('',#2966,.T.);
#3301=FACE_BOUND('',#2967,.T.);
#3302=FACE_BOUND('',#2968,.T.);
#3303=FACE_BOUND('',#2969,.T.);
#3304=FACE_BOUND('',#2970,.T.);
#3305=FACE_BOUND('',#2971,.T.);
#3306=FACE_BOUND('',#2972,.T.);
#3307=FACE_BOUND('',#2973,.T.);
#3308=FACE_BOUND('',#2974,.T.);
#3309=FACE_BOUND('',#2975,.T.);
#3310=FACE_BOUND('',#2976,.T.);
#3311=FACE_BOUND('',#2977,.T.);
#3312=FACE_BOUND('',#2978,.T.);
#3313=FACE_BOUND('',#2979,.T.);
#3314=FACE_BOUND('',#2980,.T.);
#3315=FACE_BOUND('',#2981,.T.);
#3316=FACE_BOUND('',#2982,.T.);
#3317=FACE_BOUND('',#2983,.T.);
#3318=FACE_BOUND('',#2984,.T.);
#3319=FACE_BOUND('',#2985,.T.);
#3320=FACE_BOUND('',#2986,.T.);
#3321=FACE_BOUND('',#2987,.T.);
#3322=FACE_BOUND('',#2988,.T.);
#3323=FACE_BOUND('',#2989,.T.);
#3324=FACE_BOUND('',#2990,.T.);
#3325=FACE_BOUND('',#2991,.T.);
#3326=FACE_BOUND('',#2992,.T.);
#3327=FACE_BOUND('',#2993,.T.);
#3328=FACE_BOUND('',#2994,.T.);
#3329=FACE_BOUND('',#2995,.T.);
#3330=FACE_BOUND('',#2996,.T.);
#3331=FACE_BOUND('',#2997,.T.);
#3332=FACE_BOUND('',#2998,.T.);
#3333=FACE_BOUND('',#2999,.T.);
#3334=FACE_BOUND('',#3000,.T.);
#3335=FACE_BOUND('',#3001,.T.);
#3336=FACE_BOUND('',#3002,.T.);
#3337=FACE_BOUND('',#3003,.T.);
#3338=FACE_BOUND('',#3004,.T.);
#3339=FACE_BOUND('',#3005,.T.);
#3340=FACE_BOUND('',#3006,.T.);
#3341=FACE_BOUND('',#3007,.T.);
#3342=FACE_BOUND('',#3008,.T.);
#3343=FACE_BOUND('',#3009,.T.);
#3344=FACE_BOUND('',#3010,.T.);
#3345=FACE_BOUND('',#3011,.T.);
#3346=FACE_BOUND('',#3012,.T.);
#3347=FACE_BOUND('',#3013,.T.);
#3348=FACE_BOUND('',#3014,.T.);
#3349=FACE_BOUND('',#3015,.T.);
#3350=FACE_BOUND('',#3016,.T.);
#3351=FACE_BOUND('',#3017,.T.);
#3352=FACE_BOUND('',#3018,.T.);
#3353=FACE_BOUND('',#3019,.T.);
#3354=FACE_BOUND('',#3020,.T.);
#3355=FACE_BOUND('',#3021,.T.);
#3356=FACE_BOUND('',#3022,.T.);
#3357=FACE_BOUND('',#3023,.T.);
#3358=FACE_BOUND('',#3024,.T.);
#3359=FACE_BOUND('',#3025,.T.);
#3360=FACE_BOUND('',#3026,.T.);
#3361=FACE_BOUND('',#3027,.T.);
#3362=FACE_BOUND('',#3028,.T.);
#3363=FACE_BOUND('',#3029,.T.);
#3364=FACE_BOUND('',#3030,.T.);
#3365=FACE_BOUND('',#3031,.T.);
#3366=FACE_BOUND('',#3032,.T.);
#3367=FACE_BOUND('',#3033,.T.);
#3368=FACE_BOUND('',#3034,.T.);
#3369=FACE_BOUND('',#3035,.T.);
#3370=FACE_BOUND('',#3036,.T.);
#3371=FACE_BOUND('',#3037,.T.);
#3372=FACE_BOUND('',#3038,.T.);
#3373=FACE_BOUND('',#3039,.T.);
#3374=FACE_BOUND('',#3040,.T.);
#3375=FACE_BOUND('',#3041,.T.);
#3376=FACE_BOUND('',#3042,.T.);
#3377=FACE_BOUND('',#3043,.T.);
#3378=FACE_BOUND('',#3044,.T.);
#3379=FACE_BOUND('',#3045,.T.);
#3380=FACE_BOUND('',#3046,.T.);
#3381=FACE_BOUND('',#3047,.T.);
#3382=FACE_BOUND('',#3048,.T.);
#3383=FACE_BOUND('',#3049,.T.);
#3384=FACE_BOUND('',#3050,.T.);
#3385=FACE_BOUND('',#3051,.T.);
#3386=FACE_BOUND('',#3052,.T.);
#3387=FACE_BOUND('',#3053,.T.);
#3388=FACE_BOUND('',#3054,.T.);
#3389=FACE_BOUND('',#3055,.T.);
#3390=FACE_BOUND('',#3056,.T.);
#3391=FACE_BOUND('',#3057,.T.);
#3392=FACE_BOUND('',#3058,.T.);
#3393=FACE_BOUND('',#3059,.T.);
#3394=FACE_BOUND('',#3060,.T.);
#3395=FACE_BOUND('',#3061,.T.);
#3396=FACE_BOUND('',#3062,.T.);
#3397=FACE_BOUND('',#3063,.T.);
#3398=FACE_BOUND('',#3064,.T.);
#3399=FACE_BOUND('',#3065,.T.);
#3400=FACE_BOUND('',#3066,.T.);
#3401=FACE_BOUND('',#3067,.T.);
#3402=FACE_BOUND('',#3068,.T.);
#3403=FACE_BOUND('',#3069,.T.);
#3404=FACE_BOUND('',#3070,.T.);
#3405=FACE_BOUND('',#3071,.T.);
#3406=FACE_BOUND('',#3072,.T.);
#3407=FACE_BOUND('',#3073,.T.);
#3408=FACE_BOUND('',#3074,.T.);
#3409=FACE_BOUND('',#3075,.T.);
#3410=FACE_BOUND('',#3076,.T.);
#3411=FACE_BOUND('',#3077,.T.);
#3412=FACE_BOUND('',#3078,.T.);
#3413=FACE_BOUND('',#3079,.T.);
#3414=FACE_BOUND('',#3080,.T.);
#3415=FACE_BOUND('',#3081,.T.);
#3416=FACE_BOUND('',#3082,.T.);
#3417=FACE_BOUND('',#3083,.T.);
#3418=FACE_BOUND('',#3084,.T.);
#3419=FACE_BOUND('',#3085,.T.);
#3420=FACE_BOUND('',#3086,.T.);
#3421=FACE_BOUND('',#3087,.T.);
#3422=FACE_BOUND('',#3088,.T.);
#3423=FACE_BOUND('',#3089,.T.);
#3424=FACE_BOUND('',#3090,.T.);
#3425=FACE_BOUND('',#3091,.T.);
#3426=FACE_BOUND('',#3092,.T.);
#3427=FACE_BOUND('',#3093,.T.);
#3428=FACE_BOUND('',#3094,.T.);
#3429=FACE_BOUND('',#3095,.T.);
#3430=FACE_BOUND('',#3096,.T.);
#3431=FACE_BOUND('',#3097,.T.);
#3432=FACE_BOUND('',#3098,.T.);
#3433=FACE_BOUND('',#3099,.T.);
#3434=FACE_BOUND('',#3100,.T.);
#3435=FACE_BOUND('',#3101,.T.);
#3436=FACE_BOUND('',#3102,.T.);
#3437=FACE_BOUND('',#3103,.T.);
#3438=FACE_BOUND('',#3104,.T.);
#3439=FACE_BOUND('',#3105,.T.);
#3440=FACE_BOUND('',#3106,.T.);
#3441=FACE_BOUND('',#3107,.T.);
#3442=FACE_BOUND('',#3108,.T.);
#3443=FACE_BOUND('',#3109,.T.);
#3444=FACE_BOUND('',#3110,.T.);
#3445=FACE_BOUND('',#3111,.T.);
#3446=FACE_BOUND('',#3112,.T.);
#3447=FACE_BOUND('',#3113,.T.);
#3448=FACE_BOUND('',#3114,.T.);
#3449=FACE_BOUND('',#3115,.T.);
#3450=FACE_BOUND('',#3116,.T.);
#3451=FACE_BOUND('',#3117,.T.);
#3452=FACE_BOUND('',#3118,.T.);
#3453=FACE_BOUND('',#3119,.T.);
#3454=FACE_BOUND('',#3120,.T.);
#3455=FACE_BOUND('',#3121,.T.);
#3456=FACE_BOUND('',#3122,.T.);
#3457=FACE_BOUND('',#3123,.T.);
#3458=FACE_BOUND('',#3124,.T.);
#3459=FACE_BOUND('',#3125,.T.);
#3460=FACE_BOUND('',#3126,.T.);
#3461=FACE_BOUND('',#3127,.T.);
#3462=FACE_BOUND('',#3128,.T.);
#3463=FACE_BOUND('',#3129,.T.);
#3464=FACE_BOUND('',#3130,.T.);
#3465=FACE_BOUND('',#3131,.T.);
#3466=FACE_BOUND('',#3132,.T.);
#3467=FACE_BOUND('',#3133,.T.);
#3468=FACE_BOUND('',#3134,.T.);
#3469=FACE_BOUND('',#3135,.T.);
#3470=FACE_BOUND('',#3136,.T.);
#3471=FACE_BOUND('',#3137,.T.);
#3472=FACE_BOUND('',#3138,.T.);
#3473=FACE_BOUND('',#3139,.T.);
#3474=FACE_BOUND('',#3140,.T.);
#3475=FACE_BOUND('',#3141,.T.);
#3476=FACE_BOUND('',#3142,.T.);
#3477=FACE_BOUND('',#3143,.T.);
#3478=FACE_BOUND('',#3144,.T.);
#3479=FACE_BOUND('',#3145,.T.);
#3480=FACE_BOUND('',#3146,.T.);
#3481=FACE_BOUND('',#3147,.T.);
#3482=FACE_BOUND('',#3148,.T.);
#3483=FACE_BOUND('',#3149,.T.);
#3484=FACE_BOUND('',#3150,.T.);
#3485=FACE_BOUND('',#3151,.T.);
#3486=FACE_BOUND('',#3152,.T.);
#3487=FACE_BOUND('',#3153,.T.);
#3488=FACE_BOUND('',#3154,.T.);
#3489=FACE_BOUND('',#3155,.T.);
#3490=FACE_BOUND('',#3156,.T.);
#3491=FACE_BOUND('',#3157,.T.);
#3492=FACE_BOUND('',#3158,.T.);
#3493=FACE_BOUND('',#3159,.T.);
#3494=FACE_BOUND('',#3160,.T.);
#3495=FACE_BOUND('',#3161,.T.);
#3496=FACE_BOUND('',#3162,.T.);
#3497=FACE_BOUND('',#3163,.T.);
#3498=FACE_BOUND('',#3164,.T.);
#3499=FACE_BOUND('',#3165,.T.);
#3500=FACE_BOUND('',#3166,.T.);
#3501=FACE_BOUND('',#3167,.T.);
#3502=FACE_BOUND('',#3168,.T.);
#3503=FACE_BOUND('',#3169,.T.);
#3504=FACE_BOUND('',#3170,.T.);
#3505=FACE_BOUND('',#3171,.T.);
#3506=FACE_BOUND('',#3172,.T.);
#3507=FACE_BOUND('',#3173,.T.);
#3508=FACE_BOUND('',#3174,.T.);
#3509=FACE_BOUND('',#3175,.T.);
#3510=FACE_BOUND('',#3176,.T.);
#3511=FACE_BOUND('',#3177,.T.);
#3512=FACE_BOUND('',#3178,.T.);
#3513=FACE_BOUND('',#3179,.T.);
#3514=FACE_BOUND('',#3180,.T.);
#3515=FACE_BOUND('',#3181,.T.);
#3516=FACE_BOUND('',#3182,.T.);
#3517=FACE_BOUND('',#3183,.T.);
#3518=FACE_BOUND('',#3184,.T.);
#3519=FACE_BOUND('',#3185,.T.);
#3520=FACE_BOUND('',#3186,.T.);
#3521=FACE_BOUND('',#3187,.T.);
#3522=FACE_BOUND('',#3188,.T.);
#3523=FACE_BOUND('',#3189,.T.);
#3524=FACE_BOUND('',#3190,.T.);
#3525=FACE_BOUND('',#3191,.T.);
#3526=FACE_BOUND('',#3192,.T.);
#3527=FACE_BOUND('',#3193,.T.);
#3528=FACE_BOUND('',#3194,.T.);
#3529=FACE_BOUND('',#3195,.T.);
#3530=FACE_BOUND('',#3196,.T.);
#3531=FACE_BOUND('',#3197,.T.);
#3532=FACE_BOUND('',#3198,.T.);
#3533=FACE_BOUND('',#3199,.T.);
#3534=FACE_BOUND('',#3200,.T.);
#3535=FACE_BOUND('',#3201,.T.);
#3536=FACE_BOUND('',#3202,.T.);
#3537=FACE_BOUND('',#3203,.T.);
#3538=FACE_BOUND('',#3204,.T.);
#3539=FACE_BOUND('',#3205,.T.);
#3540=FACE_BOUND('',#3206,.T.);
#3541=FACE_BOUND('',#3207,.T.);
#3542=FACE_BOUND('',#3208,.T.);
#3543=FACE_BOUND('',#3209,.T.);
#3544=FACE_BOUND('',#3210,.T.);
#3545=FACE_BOUND('',#3211,.T.);
#3546=FACE_BOUND('',#3212,.T.);
#3547=FACE_BOUND('',#3213,.T.);
#3548=FACE_BOUND('',#3214,.T.);
#3549=FACE_BOUND('',#3215,.T.);
#3550=FACE_BOUND('',#3216,.T.);
#3551=FACE_BOUND('',#3217,.T.);
#3552=FACE_BOUND('',#3218,.T.);
#3553=FACE_BOUND('',#3219,.T.);
#3554=FACE_BOUND('',#3220,.T.);
#3555=FACE_BOUND('',#3221,.T.);
#3556=FACE_BOUND('',#3222,.T.);
#3557=FACE_BOUND('',#3223,.T.);
#3558=FACE_BOUND('',#3224,.T.);
#3559=FACE_BOUND('',#3225,.T.);
#3560=FACE_BOUND('',#3226,.T.);
#3561=FACE_BOUND('',#3227,.T.);
#3562=FACE_BOUND('',#3228,.T.);
#3563=FACE_BOUND('',#3229,.T.);
#3564=FACE_BOUND('',#3230,.T.);
#3565=FACE_BOUND('',#3231,.T.);
#3566=FACE_BOUND('',#3232,.T.);
#3567=FACE_BOUND('',#3233,.T.);
#3568=FACE_BOUND('',#3234,.T.);
#3569=FACE_BOUND('',#3235,.T.);
#3570=FACE_BOUND('',#3236,.T.);
#3571=FACE_BOUND('',#3237,.T.);
#3572=FACE_BOUND('',#3238,.T.);
#3573=FACE_BOUND('',#3239,.T.);
#3574=FACE_BOUND('',#3240,.T.);
#3575=FACE_BOUND('',#3241,.T.);
#3576=FACE_BOUND('',#3242,.T.);
#3577=FACE_BOUND('',#3243,.T.);
#3578=FACE_BOUND('',#3244,.T.);
#3579=FACE_BOUND('',#3245,.T.);
#3580=FACE_BOUND('',#3246,.T.);
#3581=FACE_BOUND('',#3247,.T.);
#3582=FACE_BOUND('',#3248,.T.);
#3583=FACE_BOUND('',#3249,.T.);
#3584=FACE_BOUND('',#3250,.T.);
#3585=FACE_BOUND('',#3251,.T.);
#3586=FACE_BOUND('',#3252,.T.);
#3587=FACE_BOUND('',#3253,.T.);
#3588=FACE_BOUND('',#3254,.T.);
#3589=FACE_BOUND('',#3255,.T.);
#3590=FACE_BOUND('',#3256,.T.);
#3591=CYLINDRICAL_SURFACE('',#4202,0.0127);
#3592=CYLINDRICAL_SURFACE('',#4204,0.0127);
#3593=CYLINDRICAL_SURFACE('',#4205,0.0127);
#3594=CYLINDRICAL_SURFACE('',#4206,0.0127);
#3595=CYLINDRICAL_SURFACE('',#4207,0.0127);
#3596=CYLINDRICAL_SURFACE('',#4208,0.0127);
#3597=CYLINDRICAL_SURFACE('',#4210,0.0127);
#3598=CYLINDRICAL_SURFACE('',#4211,0.0127);
#3599=CYLINDRICAL_SURFACE('',#4212,0.0127);
#3600=CYLINDRICAL_SURFACE('',#4213,0.0127);
#3601=CYLINDRICAL_SURFACE('',#4214,0.0127);
#3602=CYLINDRICAL_SURFACE('',#4216,0.0127);
#3603=CYLINDRICAL_SURFACE('',#4218,0.0127);
#3604=CYLINDRICAL_SURFACE('',#4220,0.0127);
#3605=CYLINDRICAL_SURFACE('',#4221,0.0127);
#3606=CYLINDRICAL_SURFACE('',#4222,0.0127);
#3607=CYLINDRICAL_SURFACE('',#4223,0.0127);
#3608=CYLINDRICAL_SURFACE('',#4224,0.0127);
#3609=CYLINDRICAL_SURFACE('',#4226,0.0127);
#3610=CYLINDRICAL_SURFACE('',#4227,0.0127);
#3611=CYLINDRICAL_SURFACE('',#4228,0.0127);
#3612=CYLINDRICAL_SURFACE('',#4229,0.0127);
#3613=CYLINDRICAL_SURFACE('',#4231,0.0127);
#3614=CYLINDRICAL_SURFACE('',#4233,0.0127);
#3615=CYLINDRICAL_SURFACE('',#4235,0.0127);
#3616=CYLINDRICAL_SURFACE('',#4236,0.0127);
#3617=CYLINDRICAL_SURFACE('',#4237,0.0127);
#3618=CYLINDRICAL_SURFACE('',#4238,0.0127);
#3619=CYLINDRICAL_SURFACE('',#4239,0.0127);
#3620=CYLINDRICAL_SURFACE('',#4241,0.0127);
#3621=CYLINDRICAL_SURFACE('',#4242,0.0127);
#3622=CYLINDRICAL_SURFACE('',#4243,0.0127);
#3623=CYLINDRICAL_SURFACE('',#4245,0.0127);
#3624=CYLINDRICAL_SURFACE('',#4247,0.0127);
#3625=CYLINDRICAL_SURFACE('',#4249,0.0127);
#3626=CYLINDRICAL_SURFACE('',#4250,0.0127);
#3627=CYLINDRICAL_SURFACE('',#4251,0.0127);
#3628=CYLINDRICAL_SURFACE('',#4252,0.0127);
#3629=CYLINDRICAL_SURFACE('',#4253,0.0127);
#3630=CYLINDRICAL_SURFACE('',#4255,0.0127);
#3631=CYLINDRICAL_SURFACE('',#4256,0.0127);
#3632=CYLINDRICAL_SURFACE('',#4258,0.0127);
#3633=CYLINDRICAL_SURFACE('',#4260,0.0127);
#3634=CYLINDRICAL_SURFACE('',#4262,0.0127);
#3635=CYLINDRICAL_SURFACE('',#4263,0.0127);
#3636=CYLINDRICAL_SURFACE('',#4264,0.0127);
#3637=CYLINDRICAL_SURFACE('',#4265,0.0127);
#3638=CYLINDRICAL_SURFACE('',#4266,0.0127);
#3639=CYLINDRICAL_SURFACE('',#4268,0.0127);
#3640=CYLINDRICAL_SURFACE('',#4270,0.0127);
#3641=CYLINDRICAL_SURFACE('',#4272,0.0127);
#3642=CYLINDRICAL_SURFACE('',#4274,0.0127);
#3643=CYLINDRICAL_SURFACE('',#4275,0.0127);
#3644=CYLINDRICAL_SURFACE('',#4276,0.0127);
#3645=CYLINDRICAL_SURFACE('',#4277,0.0127);
#3646=CYLINDRICAL_SURFACE('',#4278,0.0127);
#3647=CYLINDRICAL_SURFACE('',#4280,0.0127);
#3648=CYLINDRICAL_SURFACE('',#4282,0.0127);
#3649=CYLINDRICAL_SURFACE('',#4284,0.0127);
#3650=CYLINDRICAL_SURFACE('',#4285,0.0127);
#3651=CYLINDRICAL_SURFACE('',#4286,0.0127);
#3652=CYLINDRICAL_SURFACE('',#4287,0.0127);
#3653=CYLINDRICAL_SURFACE('',#4288,0.0127);
#3654=CYLINDRICAL_SURFACE('',#4290,0.0127);
#3655=CYLINDRICAL_SURFACE('',#4292,0.0127);
#3656=CYLINDRICAL_SURFACE('',#4294,0.0127);
#3657=CYLINDRICAL_SURFACE('',#4295,0.0127);
#3658=CYLINDRICAL_SURFACE('',#4296,0.0127);
#3659=CYLINDRICAL_SURFACE('',#4297,0.0127);
#3660=CYLINDRICAL_SURFACE('',#4298,0.0127);
#3661=CYLINDRICAL_SURFACE('',#4300,0.0127);
#3662=CYLINDRICAL_SURFACE('',#4302,0.0127);
#3663=CYLINDRICAL_SURFACE('',#4304,0.0127);
#3664=CYLINDRICAL_SURFACE('',#4305,0.0127);
#3665=CYLINDRICAL_SURFACE('',#4306,0.0127);
#3666=CYLINDRICAL_SURFACE('',#4307,0.0127);
#3667=CYLINDRICAL_SURFACE('',#4308,0.0127);
#3668=CYLINDRICAL_SURFACE('',#4310,0.0127);
#3669=CYLINDRICAL_SURFACE('',#4312,0.0127);
#3670=CYLINDRICAL_SURFACE('',#4314,0.0127);
#3671=CYLINDRICAL_SURFACE('',#4315,0.0127);
#3672=CYLINDRICAL_SURFACE('',#4316,0.0127);
#3673=CYLINDRICAL_SURFACE('',#4317,0.0127);
#3674=CYLINDRICAL_SURFACE('',#4318,0.0127);
#3675=CYLINDRICAL_SURFACE('',#4320,0.0127);
#3676=CYLINDRICAL_SURFACE('',#4322,0.0127);
#3677=CYLINDRICAL_SURFACE('',#4324,0.0127);
#3678=CYLINDRICAL_SURFACE('',#4325,0.0127);
#3679=CYLINDRICAL_SURFACE('',#4326,0.0127);
#3680=CYLINDRICAL_SURFACE('',#4327,0.0127);
#3681=CYLINDRICAL_SURFACE('',#4328,0.0127);
#3682=CYLINDRICAL_SURFACE('',#4330,0.0127);
#3683=CYLINDRICAL_SURFACE('',#4332,0.0127);
#3684=CYLINDRICAL_SURFACE('',#4334,0.0127);
#3685=CYLINDRICAL_SURFACE('',#4335,0.0127);
#3686=CYLINDRICAL_SURFACE('',#4336,0.0127);
#3687=CYLINDRICAL_SURFACE('',#4337,0.0127);
#3688=CYLINDRICAL_SURFACE('',#4338,0.0127);
#3689=CYLINDRICAL_SURFACE('',#4340,0.0127);
#3690=CYLINDRICAL_SURFACE('',#4342,0.0127);
#3691=CYLINDRICAL_SURFACE('',#4344,0.0127);
#3692=CYLINDRICAL_SURFACE('',#4345,0.0127);
#3693=CYLINDRICAL_SURFACE('',#4346,0.0127);
#3694=CYLINDRICAL_SURFACE('',#4347,0.0127);
#3695=CYLINDRICAL_SURFACE('',#4348,0.0127);
#3696=CYLINDRICAL_SURFACE('',#4350,0.0127);
#3697=CYLINDRICAL_SURFACE('',#4352,0.0127);
#3698=CYLINDRICAL_SURFACE('',#4354,0.0127);
#3699=CYLINDRICAL_SURFACE('',#4355,0.0127);
#3700=CYLINDRICAL_SURFACE('',#4356,0.0127);
#3701=CYLINDRICAL_SURFACE('',#4357,0.0127);
#3702=CYLINDRICAL_SURFACE('',#4358,0.0127);
#3703=CYLINDRICAL_SURFACE('',#4360,0.0127);
#3704=CYLINDRICAL_SURFACE('',#4362,0.0127);
#3705=CYLINDRICAL_SURFACE('',#4364,0.0127);
#3706=CYLINDRICAL_SURFACE('',#4365,0.0127);
#3707=CYLINDRICAL_SURFACE('',#4366,0.0127);
#3708=CYLINDRICAL_SURFACE('',#4367,0.0127);
#3709=CYLINDRICAL_SURFACE('',#4368,0.0127);
#3710=CYLINDRICAL_SURFACE('',#4370,0.0127);
#3711=CYLINDRICAL_SURFACE('',#4372,0.0127);
#3712=CYLINDRICAL_SURFACE('',#4374,0.0127);
#3713=CYLINDRICAL_SURFACE('',#4375,0.0127);
#3714=CYLINDRICAL_SURFACE('',#4376,0.0127);
#3715=CYLINDRICAL_SURFACE('',#4377,0.0127);
#3716=CYLINDRICAL_SURFACE('',#4378,0.0127);
#3717=CYLINDRICAL_SURFACE('',#4380,0.0127);
#3718=CYLINDRICAL_SURFACE('',#4382,0.0127);
#3719=CYLINDRICAL_SURFACE('',#4384,0.0127);
#3720=CYLINDRICAL_SURFACE('',#4385,0.0127);
#3721=CYLINDRICAL_SURFACE('',#4386,0.0127);
#3722=CYLINDRICAL_SURFACE('',#4387,0.0127);
#3723=CYLINDRICAL_SURFACE('',#4388,0.0127);
#3724=CYLINDRICAL_SURFACE('',#4390,0.0127);
#3725=CYLINDRICAL_SURFACE('',#4392,0.0127);
#3726=CYLINDRICAL_SURFACE('',#4394,0.0127);
#3727=CYLINDRICAL_SURFACE('',#4395,0.0127);
#3728=CYLINDRICAL_SURFACE('',#4396,0.0127);
#3729=CYLINDRICAL_SURFACE('',#4397,0.0127);
#3730=CYLINDRICAL_SURFACE('',#4398,0.0127);
#3731=CYLINDRICAL_SURFACE('',#4400,0.0127);
#3732=CYLINDRICAL_SURFACE('',#4402,0.0127);
#3733=CYLINDRICAL_SURFACE('',#4404,0.0127);
#3734=CYLINDRICAL_SURFACE('',#4405,0.0127);
#3735=CYLINDRICAL_SURFACE('',#4406,0.0127);
#3736=CYLINDRICAL_SURFACE('',#4407,0.0127);
#3737=CYLINDRICAL_SURFACE('',#4408,0.0127);
#3738=CYLINDRICAL_SURFACE('',#4410,0.0127);
#3739=CYLINDRICAL_SURFACE('',#4412,0.0127);
#3740=CYLINDRICAL_SURFACE('',#4414,0.0127);
#3741=CYLINDRICAL_SURFACE('',#4415,0.0127);
#3742=CYLINDRICAL_SURFACE('',#4416,0.0127);
#3743=CYLINDRICAL_SURFACE('',#4417,0.0127);
#3744=CYLINDRICAL_SURFACE('',#4418,0.0127);
#3745=CYLINDRICAL_SURFACE('',#4420,0.0127);
#3746=CYLINDRICAL_SURFACE('',#4422,0.0127);
#3747=CYLINDRICAL_SURFACE('',#4424,0.0127);
#3748=CYLINDRICAL_SURFACE('',#4425,0.0127);
#3749=CYLINDRICAL_SURFACE('',#4426,0.0127);
#3750=CYLINDRICAL_SURFACE('',#4427,0.0127);
#3751=CYLINDRICAL_SURFACE('',#4428,0.0127);
#3752=CYLINDRICAL_SURFACE('',#4430,0.0127);
#3753=CYLINDRICAL_SURFACE('',#4432,0.0127);
#3754=CYLINDRICAL_SURFACE('',#4434,0.0127);
#3755=CYLINDRICAL_SURFACE('',#4435,0.0127);
#3756=CYLINDRICAL_SURFACE('',#4436,0.0127);
#3757=CYLINDRICAL_SURFACE('',#4437,0.0127);
#3758=CYLINDRICAL_SURFACE('',#4438,0.0127);
#3759=CYLINDRICAL_SURFACE('',#4440,0.0127);
#3760=CYLINDRICAL_SURFACE('',#4442,0.0127);
#3761=CYLINDRICAL_SURFACE('',#4444,0.0127);
#3762=CYLINDRICAL_SURFACE('',#4445,0.0127);
#3763=CYLINDRICAL_SURFACE('',#4446,0.0127);
#3764=CYLINDRICAL_SURFACE('',#4447,0.0127);
#3765=CYLINDRICAL_SURFACE('',#4448,0.0127);
#3766=CYLINDRICAL_SURFACE('',#4450,0.0127);
#3767=CYLINDRICAL_SURFACE('',#4452,0.0127);
#3768=CYLINDRICAL_SURFACE('',#4454,0.0127);
#3769=CYLINDRICAL_SURFACE('',#4455,0.0127);
#3770=CYLINDRICAL_SURFACE('',#4456,0.0127);
#3771=CYLINDRICAL_SURFACE('',#4457,0.0127);
#3772=CYLINDRICAL_SURFACE('',#4458,0.0127);
#3773=CYLINDRICAL_SURFACE('',#4460,0.0127);
#3774=CYLINDRICAL_SURFACE('',#4462,0.0127);
#3775=CYLINDRICAL_SURFACE('',#4464,0.0127);
#3776=CYLINDRICAL_SURFACE('',#4465,0.0127);
#3777=CYLINDRICAL_SURFACE('',#4466,0.0127);
#3778=CYLINDRICAL_SURFACE('',#4467,0.0127);
#3779=CYLINDRICAL_SURFACE('',#4468,0.0127);
#3780=CYLINDRICAL_SURFACE('',#4470,0.0127);
#3781=CYLINDRICAL_SURFACE('',#4472,0.0127);
#3782=CYLINDRICAL_SURFACE('',#4474,0.0127);
#3783=CYLINDRICAL_SURFACE('',#4475,0.0127);
#3784=CYLINDRICAL_SURFACE('',#4476,0.0127);
#3785=CYLINDRICAL_SURFACE('',#4477,0.0127);
#3786=CYLINDRICAL_SURFACE('',#4478,0.0127);
#3787=CYLINDRICAL_SURFACE('',#4480,0.0127);
#3788=CYLINDRICAL_SURFACE('',#4482,0.0127);
#3789=CYLINDRICAL_SURFACE('',#4484,0.0127);
#3790=CYLINDRICAL_SURFACE('',#4485,0.0127);
#3791=CYLINDRICAL_SURFACE('',#4486,0.0127);
#3792=CYLINDRICAL_SURFACE('',#4487,0.0127);
#3793=CYLINDRICAL_SURFACE('',#4488,0.0127);
#3794=CYLINDRICAL_SURFACE('',#4490,0.0127);
#3795=CYLINDRICAL_SURFACE('',#4492,0.0127);
#3796=CYLINDRICAL_SURFACE('',#4494,0.0127);
#3797=CYLINDRICAL_SURFACE('',#4495,0.0127);
#3798=CYLINDRICAL_SURFACE('',#4496,0.0127);
#3799=CYLINDRICAL_SURFACE('',#4497,0.0127);
#3800=CYLINDRICAL_SURFACE('',#4498,0.0127);
#3801=CYLINDRICAL_SURFACE('',#4500,0.0127);
#3802=CYLINDRICAL_SURFACE('',#4502,0.0127);
#3803=CYLINDRICAL_SURFACE('',#4504,0.0127);
#3804=CYLINDRICAL_SURFACE('',#4505,0.0127);
#3805=CYLINDRICAL_SURFACE('',#4506,0.0127);
#3806=CYLINDRICAL_SURFACE('',#4507,0.0127);
#3807=CYLINDRICAL_SURFACE('',#4508,0.0127);
#3808=CYLINDRICAL_SURFACE('',#4510,0.0127);
#3809=CYLINDRICAL_SURFACE('',#4512,0.0127);
#3810=CYLINDRICAL_SURFACE('',#4514,0.0127);
#3811=CYLINDRICAL_SURFACE('',#4515,0.0127);
#3812=CYLINDRICAL_SURFACE('',#4516,0.0127);
#3813=CYLINDRICAL_SURFACE('',#4517,0.0127);
#3814=CYLINDRICAL_SURFACE('',#4518,0.0127);
#3815=CYLINDRICAL_SURFACE('',#4520,0.0127);
#3816=CYLINDRICAL_SURFACE('',#4522,0.0127);
#3817=CYLINDRICAL_SURFACE('',#4524,0.0127);
#3818=CYLINDRICAL_SURFACE('',#4525,0.0127);
#3819=CYLINDRICAL_SURFACE('',#4526,0.0127);
#3820=CYLINDRICAL_SURFACE('',#4527,0.0127);
#3821=CYLINDRICAL_SURFACE('',#4528,0.0127);
#3822=CYLINDRICAL_SURFACE('',#4530,0.0127);
#3823=CYLINDRICAL_SURFACE('',#4532,0.0127);
#3824=CYLINDRICAL_SURFACE('',#4534,0.0127);
#3825=CYLINDRICAL_SURFACE('',#4535,0.0127);
#3826=CYLINDRICAL_SURFACE('',#4536,0.0127);
#3827=CYLINDRICAL_SURFACE('',#4537,0.0127);
#3828=CYLINDRICAL_SURFACE('',#4538,0.0127);
#3829=CYLINDRICAL_SURFACE('',#4540,0.0127);
#3830=CYLINDRICAL_SURFACE('',#4542,0.0127);
#3831=CYLINDRICAL_SURFACE('',#4544,0.0127);
#3832=CYLINDRICAL_SURFACE('',#4545,0.0127);
#3833=CYLINDRICAL_SURFACE('',#4546,0.0127);
#3834=CYLINDRICAL_SURFACE('',#4547,0.0127);
#3835=CYLINDRICAL_SURFACE('',#4548,0.0127);
#3836=CYLINDRICAL_SURFACE('',#4550,0.0127);
#3837=CYLINDRICAL_SURFACE('',#4552,0.0127);
#3838=CYLINDRICAL_SURFACE('',#4554,0.0127);
#3839=CYLINDRICAL_SURFACE('',#4555,0.0127);
#3840=CYLINDRICAL_SURFACE('',#4556,0.0127);
#3841=CYLINDRICAL_SURFACE('',#4557,0.0127);
#3842=CYLINDRICAL_SURFACE('',#4558,0.0127);
#3843=CYLINDRICAL_SURFACE('',#4560,0.0127);
#3844=CYLINDRICAL_SURFACE('',#4562,0.0127);
#3845=CYLINDRICAL_SURFACE('',#4564,0.0127);
#3846=CYLINDRICAL_SURFACE('',#4565,0.0127);
#3847=CYLINDRICAL_SURFACE('',#4566,0.0127);
#3848=CYLINDRICAL_SURFACE('',#4567,0.0127);
#3849=CYLINDRICAL_SURFACE('',#4568,0.0127);
#3850=CYLINDRICAL_SURFACE('',#4570,0.0127);
#3851=CYLINDRICAL_SURFACE('',#4572,0.0127);
#3852=CYLINDRICAL_SURFACE('',#4573,0.0127);
#3853=CYLINDRICAL_SURFACE('',#4574,0.0127);
#3854=CYLINDRICAL_SURFACE('',#4575,0.0127);
#3855=CYLINDRICAL_SURFACE('',#4576,0.0127);
#3856=CYLINDRICAL_SURFACE('',#4578,0.0127);
#3857=CYLINDRICAL_SURFACE('',#4580,0.0127);
#3858=CYLINDRICAL_SURFACE('',#4581,0.0127);
#3859=CYLINDRICAL_SURFACE('',#4582,0.0127);
#3860=CYLINDRICAL_SURFACE('',#4583,0.0127);
#3861=CYLINDRICAL_SURFACE('',#4585,0.0127);
#3862=CYLINDRICAL_SURFACE('',#4587,0.0127);
#3863=CYLINDRICAL_SURFACE('',#4588,0.0127);
#3864=CYLINDRICAL_SURFACE('',#4589,0.0127);
#3865=CYLINDRICAL_SURFACE('',#4591,0.0127);
#3866=CYLINDRICAL_SURFACE('',#4593,0.0127);
#3867=CYLINDRICAL_SURFACE('',#4594,0.0127);
#3868=CYLINDRICAL_SURFACE('',#4596,0.0127);
#3869=CYLINDRICAL_SURFACE('',#4598,0.0127);
#3870=CYLINDRICAL_SURFACE('',#4606,0.0142748);
#3871=CYLINDRICAL_SURFACE('',#4611,0.0102743);
#3872=CYLINDRICAL_SURFACE('',#4616,0.0024187145754695);
#3873=CYLINDRICAL_SURFACE('',#4620,0.007874);
#3874=CYLINDRICAL_SURFACE('',#4625,0.0127);
#3875=CYLINDRICAL_SURFACE('',#4629,0.0119126);
#3876=CYLINDRICAL_SURFACE('',#4634,0.01905);
#3877=CYLINDRICAL_SURFACE('',#4639,0.0173609);
#3878=CYLINDRICAL_SURFACE('',#4643,0.0180594);
#3879=CYLINDRICAL_SURFACE('',#4644,0.0173609);
#3880=ADVANCED_FACE('',(#3257),#3591,.T.);
#3881=ADVANCED_FACE('',(#3258),#3592,.T.);
#3882=ADVANCED_FACE('',(#3259),#3593,.T.);
#3883=ADVANCED_FACE('',(#3260),#3594,.T.);
#3884=ADVANCED_FACE('',(#3261),#3595,.T.);
#3885=ADVANCED_FACE('',(#3262),#3596,.T.);
#3886=ADVANCED_FACE('',(#3263),#3597,.T.);
#3887=ADVANCED_FACE('',(#3264),#3598,.T.);
#3888=ADVANCED_FACE('',(#3265),#3599,.T.);
#3889=ADVANCED_FACE('',(#3266),#3600,.T.);
#3890=ADVANCED_FACE('',(#3267),#3601,.T.);
#3891=ADVANCED_FACE('',(#3268),#3602,.T.);
#3892=ADVANCED_FACE('',(#3269),#3603,.T.);
#3893=ADVANCED_FACE('',(#3270),#3604,.T.);
#3894=ADVANCED_FACE('',(#3271),#3605,.T.);
#3895=ADVANCED_FACE('',(#3272),#3606,.T.);
#3896=ADVANCED_FACE('',(#3273),#3607,.T.);
#3897=ADVANCED_FACE('',(#3274),#3608,.T.);
#3898=ADVANCED_FACE('',(#3275),#3609,.T.);
#3899=ADVANCED_FACE('',(#3276),#3610,.T.);
#3900=ADVANCED_FACE('',(#3277),#3611,.T.);
#3901=ADVANCED_FACE('',(#3278),#3612,.T.);
#3902=ADVANCED_FACE('',(#3279),#3613,.T.);
#3903=ADVANCED_FACE('',(#3280),#3614,.T.);
#3904=ADVANCED_FACE('',(#3281),#3615,.T.);
#3905=ADVANCED_FACE('',(#3282),#3616,.T.);
#3906=ADVANCED_FACE('',(#3283),#3617,.T.);
#3907=ADVANCED_FACE('',(#3284),#3618,.T.);
#3908=ADVANCED_FACE('',(#3285),#3619,.T.);
#3909=ADVANCED_FACE('',(#3286),#3620,.T.);
#3910=ADVANCED_FACE('',(#3287),#3621,.T.);
#3911=ADVANCED_FACE('',(#3288),#3622,.T.);
#3912=ADVANCED_FACE('',(#3289),#3623,.T.);
#3913=ADVANCED_FACE('',(#3290),#3624,.T.);
#3914=ADVANCED_FACE('',(#3291),#3625,.T.);
#3915=ADVANCED_FACE('',(#3292),#3626,.T.);
#3916=ADVANCED_FACE('',(#3293),#3627,.T.);
#3917=ADVANCED_FACE('',(#3294),#3628,.T.);
#3918=ADVANCED_FACE('',(#3295),#3629,.T.);
#3919=ADVANCED_FACE('',(#3296),#3630,.T.);
#3920=ADVANCED_FACE('',(#3297),#3631,.T.);
#3921=ADVANCED_FACE('',(#3298),#3632,.T.);
#3922=ADVANCED_FACE('',(#3299),#3633,.T.);
#3923=ADVANCED_FACE('',(#3300),#3634,.T.);
#3924=ADVANCED_FACE('',(#3301),#3635,.T.);
#3925=ADVANCED_FACE('',(#3302),#3636,.T.);
#3926=ADVANCED_FACE('',(#3303),#3637,.T.);
#3927=ADVANCED_FACE('',(#3304),#3638,.T.);
#3928=ADVANCED_FACE('',(#3305),#3639,.T.);
#3929=ADVANCED_FACE('',(#3306),#3640,.T.);
#3930=ADVANCED_FACE('',(#3307),#3641,.T.);
#3931=ADVANCED_FACE('',(#3308),#3642,.T.);
#3932=ADVANCED_FACE('',(#3309),#3643,.T.);
#3933=ADVANCED_FACE('',(#3310),#3644,.T.);
#3934=ADVANCED_FACE('',(#3311),#3645,.T.);
#3935=ADVANCED_FACE('',(#3312),#3646,.T.);
#3936=ADVANCED_FACE('',(#3313),#3647,.T.);
#3937=ADVANCED_FACE('',(#3314),#3648,.T.);
#3938=ADVANCED_FACE('',(#3315),#3649,.T.);
#3939=ADVANCED_FACE('',(#3316),#3650,.T.);
#3940=ADVANCED_FACE('',(#3317),#3651,.T.);
#3941=ADVANCED_FACE('',(#3318),#3652,.T.);
#3942=ADVANCED_FACE('',(#3319),#3653,.T.);
#3943=ADVANCED_FACE('',(#3320),#3654,.T.);
#3944=ADVANCED_FACE('',(#3321),#3655,.T.);
#3945=ADVANCED_FACE('',(#3322),#3656,.T.);
#3946=ADVANCED_FACE('',(#3323),#3657,.T.);
#3947=ADVANCED_FACE('',(#3324),#3658,.T.);
#3948=ADVANCED_FACE('',(#3325),#3659,.T.);
#3949=ADVANCED_FACE('',(#3326),#3660,.T.);
#3950=ADVANCED_FACE('',(#3327),#3661,.T.);
#3951=ADVANCED_FACE('',(#3328),#3662,.T.);
#3952=ADVANCED_FACE('',(#3329),#3663,.T.);
#3953=ADVANCED_FACE('',(#3330),#3664,.T.);
#3954=ADVANCED_FACE('',(#3331),#3665,.T.);
#3955=ADVANCED_FACE('',(#3332),#3666,.T.);
#3956=ADVANCED_FACE('',(#3333),#3667,.T.);
#3957=ADVANCED_FACE('',(#3334),#3668,.T.);
#3958=ADVANCED_FACE('',(#3335),#3669,.T.);
#3959=ADVANCED_FACE('',(#3336),#3670,.T.);
#3960=ADVANCED_FACE('',(#3337),#3671,.T.);
#3961=ADVANCED_FACE('',(#3338),#3672,.T.);
#3962=ADVANCED_FACE('',(#3339),#3673,.T.);
#3963=ADVANCED_FACE('',(#3340),#3674,.T.);
#3964=ADVANCED_FACE('',(#3341),#3675,.T.);
#3965=ADVANCED_FACE('',(#3342),#3676,.T.);
#3966=ADVANCED_FACE('',(#3343),#3677,.T.);
#3967=ADVANCED_FACE('',(#3344),#3678,.T.);
#3968=ADVANCED_FACE('',(#3345),#3679,.T.);
#3969=ADVANCED_FACE('',(#3346),#3680,.T.);
#3970=ADVANCED_FACE('',(#3347),#3681,.T.);
#3971=ADVANCED_FACE('',(#3348),#3682,.T.);
#3972=ADVANCED_FACE('',(#3349),#3683,.T.);
#3973=ADVANCED_FACE('',(#3350),#3684,.T.);
#3974=ADVANCED_FACE('',(#3351),#3685,.T.);
#3975=ADVANCED_FACE('',(#3352),#3686,.T.);
#3976=ADVANCED_FACE('',(#3353),#3687,.T.);
#3977=ADVANCED_FACE('',(#3354),#3688,.T.);
#3978=ADVANCED_FACE('',(#3355),#3689,.T.);
#3979=ADVANCED_FACE('',(#3356),#3690,.T.);
#3980=ADVANCED_FACE('',(#3357),#3691,.T.);
#3981=ADVANCED_FACE('',(#3358),#3692,.T.);
#3982=ADVANCED_FACE('',(#3359),#3693,.T.);
#3983=ADVANCED_FACE('',(#3360),#3694,.T.);
#3984=ADVANCED_FACE('',(#3361),#3695,.T.);
#3985=ADVANCED_FACE('',(#3362),#3696,.T.);
#3986=ADVANCED_FACE('',(#3363),#3697,.T.);
#3987=ADVANCED_FACE('',(#3364),#3698,.T.);
#3988=ADVANCED_FACE('',(#3365),#3699,.T.);
#3989=ADVANCED_FACE('',(#3366),#3700,.T.);
#3990=ADVANCED_FACE('',(#3367),#3701,.T.);
#3991=ADVANCED_FACE('',(#3368),#3702,.T.);
#3992=ADVANCED_FACE('',(#3369),#3703,.T.);
#3993=ADVANCED_FACE('',(#3370),#3704,.T.);
#3994=ADVANCED_FACE('',(#3371),#3705,.T.);
#3995=ADVANCED_FACE('',(#3372),#3706,.T.);
#3996=ADVANCED_FACE('',(#3373),#3707,.T.);
#3997=ADVANCED_FACE('',(#3374),#3708,.T.);
#3998=ADVANCED_FACE('',(#3375),#3709,.T.);
#3999=ADVANCED_FACE('',(#3376),#3710,.T.);
#4000=ADVANCED_FACE('',(#3377),#3711,.T.);
#4001=ADVANCED_FACE('',(#3378),#3712,.T.);
#4002=ADVANCED_FACE('',(#3379),#3713,.T.);
#4003=ADVANCED_FACE('',(#3380),#3714,.T.);
#4004=ADVANCED_FACE('',(#3381),#3715,.T.);
#4005=ADVANCED_FACE('',(#3382),#3716,.T.);
#4006=ADVANCED_FACE('',(#3383),#3717,.T.);
#4007=ADVANCED_FACE('',(#3384),#3718,.T.);
#4008=ADVANCED_FACE('',(#3385),#3719,.T.);
#4009=ADVANCED_FACE('',(#3386),#3720,.T.);
#4010=ADVANCED_FACE('',(#3387),#3721,.T.);
#4011=ADVANCED_FACE('',(#3388),#3722,.T.);
#4012=ADVANCED_FACE('',(#3389),#3723,.T.);
#4013=ADVANCED_FACE('',(#3390),#3724,.T.);
#4014=ADVANCED_FACE('',(#3391),#3725,.T.);
#4015=ADVANCED_FACE('',(#3392),#3726,.T.);
#4016=ADVANCED_FACE('',(#3393),#3727,.T.);
#4017=ADVANCED_FACE('',(#3394),#3728,.T.);
#4018=ADVANCED_FACE('',(#3395),#3729,.T.);
#4019=ADVANCED_FACE('',(#3396),#3730,.T.);
#4020=ADVANCED_FACE('',(#3397),#3731,.T.);
#4021=ADVANCED_FACE('',(#3398),#3732,.T.);
#4022=ADVANCED_FACE('',(#3399),#3733,.T.);
#4023=ADVANCED_FACE('',(#3400),#3734,.T.);
#4024=ADVANCED_FACE('',(#3401),#3735,.T.);
#4025=ADVANCED_FACE('',(#3402),#3736,.T.);
#4026=ADVANCED_FACE('',(#3403),#3737,.T.);
#4027=ADVANCED_FACE('',(#3404),#3738,.T.);
#4028=ADVANCED_FACE('',(#3405),#3739,.T.);
#4029=ADVANCED_FACE('',(#3406),#3740,.T.);
#4030=ADVANCED_FACE('',(#3407),#3741,.T.);
#4031=ADVANCED_FACE('',(#3408),#3742,.T.);
#4032=ADVANCED_FACE('',(#3409),#3743,.T.);
#4033=ADVANCED_FACE('',(#3410),#3744,.T.);
#4034=ADVANCED_FACE('',(#3411),#3745,.T.);
#4035=ADVANCED_FACE('',(#3412),#3746,.T.);
#4036=ADVANCED_FACE('',(#3413),#3747,.T.);
#4037=ADVANCED_FACE('',(#3414),#3748,.T.);
#4038=ADVANCED_FACE('',(#3415),#3749,.T.);
#4039=ADVANCED_FACE('',(#3416),#3750,.T.);
#4040=ADVANCED_FACE('',(#3417),#3751,.T.);
#4041=ADVANCED_FACE('',(#3418),#3752,.T.);
#4042=ADVANCED_FACE('',(#3419),#3753,.T.);
#4043=ADVANCED_FACE('',(#3420),#3754,.T.);
#4044=ADVANCED_FACE('',(#3421),#3755,.T.);
#4045=ADVANCED_FACE('',(#3422),#3756,.T.);
#4046=ADVANCED_FACE('',(#3423),#3757,.T.);
#4047=ADVANCED_FACE('',(#3424),#3758,.T.);
#4048=ADVANCED_FACE('',(#3425),#3759,.T.);
#4049=ADVANCED_FACE('',(#3426),#3760,.T.);
#4050=ADVANCED_FACE('',(#3427),#3761,.T.);
#4051=ADVANCED_FACE('',(#3428),#3762,.T.);
#4052=ADVANCED_FACE('',(#3429),#3763,.T.);
#4053=ADVANCED_FACE('',(#3430),#3764,.T.);
#4054=ADVANCED_FACE('',(#3431),#3765,.T.);
#4055=ADVANCED_FACE('',(#3432),#3766,.T.);
#4056=ADVANCED_FACE('',(#3433),#3767,.T.);
#4057=ADVANCED_FACE('',(#3434),#3768,.T.);
#4058=ADVANCED_FACE('',(#3435),#3769,.T.);
#4059=ADVANCED_FACE('',(#3436),#3770,.T.);
#4060=ADVANCED_FACE('',(#3437),#3771,.T.);
#4061=ADVANCED_FACE('',(#3438),#3772,.T.);
#4062=ADVANCED_FACE('',(#3439),#3773,.T.);
#4063=ADVANCED_FACE('',(#3440),#3774,.T.);
#4064=ADVANCED_FACE('',(#3441),#3775,.T.);
#4065=ADVANCED_FACE('',(#3442),#3776,.T.);
#4066=ADVANCED_FACE('',(#3443),#3777,.T.);
#4067=ADVANCED_FACE('',(#3444),#3778,.T.);
#4068=ADVANCED_FACE('',(#3445),#3779,.T.);
#4069=ADVANCED_FACE('',(#3446),#3780,.T.);
#4070=ADVANCED_FACE('',(#3447),#3781,.T.);
#4071=ADVANCED_FACE('',(#3448),#3782,.T.);
#4072=ADVANCED_FACE('',(#3449),#3783,.T.);
#4073=ADVANCED_FACE('',(#3450),#3784,.T.);
#4074=ADVANCED_FACE('',(#3451),#3785,.T.);
#4075=ADVANCED_FACE('',(#3452),#3786,.T.);
#4076=ADVANCED_FACE('',(#3453),#3787,.T.);
#4077=ADVANCED_FACE('',(#3454),#3788,.T.);
#4078=ADVANCED_FACE('',(#3455),#3789,.T.);
#4079=ADVANCED_FACE('',(#3456),#3790,.T.);
#4080=ADVANCED_FACE('',(#3457),#3791,.T.);
#4081=ADVANCED_FACE('',(#3458),#3792,.T.);
#4082=ADVANCED_FACE('',(#3459),#3793,.T.);
#4083=ADVANCED_FACE('',(#3460),#3794,.T.);
#4084=ADVANCED_FACE('',(#3461),#3795,.T.);
#4085=ADVANCED_FACE('',(#3462),#3796,.T.);
#4086=ADVANCED_FACE('',(#3463),#3797,.T.);
#4087=ADVANCED_FACE('',(#3464),#3798,.T.);
#4088=ADVANCED_FACE('',(#3465),#3799,.T.);
#4089=ADVANCED_FACE('',(#3466),#3800,.T.);
#4090=ADVANCED_FACE('',(#3467),#3801,.T.);
#4091=ADVANCED_FACE('',(#3468),#3802,.T.);
#4092=ADVANCED_FACE('',(#3469),#3803,.T.);
#4093=ADVANCED_FACE('',(#3470),#3804,.T.);
#4094=ADVANCED_FACE('',(#3471),#3805,.T.);
#4095=ADVANCED_FACE('',(#3472),#3806,.T.);
#4096=ADVANCED_FACE('',(#3473),#3807,.T.);
#4097=ADVANCED_FACE('',(#3474),#3808,.T.);
#4098=ADVANCED_FACE('',(#3475),#3809,.T.);
#4099=ADVANCED_FACE('',(#3476),#3810,.T.);
#4100=ADVANCED_FACE('',(#3477),#3811,.T.);
#4101=ADVANCED_FACE('',(#3478),#3812,.T.);
#4102=ADVANCED_FACE('',(#3479),#3813,.T.);
#4103=ADVANCED_FACE('',(#3480),#3814,.T.);
#4104=ADVANCED_FACE('',(#3481),#3815,.T.);
#4105=ADVANCED_FACE('',(#3482),#3816,.T.);
#4106=ADVANCED_FACE('',(#3483),#3817,.T.);
#4107=ADVANCED_FACE('',(#3484),#3818,.T.);
#4108=ADVANCED_FACE('',(#3485),#3819,.T.);
#4109=ADVANCED_FACE('',(#3486),#3820,.T.);
#4110=ADVANCED_FACE('',(#3487),#3821,.T.);
#4111=ADVANCED_FACE('',(#3488),#3822,.T.);
#4112=ADVANCED_FACE('',(#3489),#3823,.T.);
#4113=ADVANCED_FACE('',(#3490),#3824,.T.);
#4114=ADVANCED_FACE('',(#3491),#3825,.T.);
#4115=ADVANCED_FACE('',(#3492),#3826,.T.);
#4116=ADVANCED_FACE('',(#3493),#3827,.T.);
#4117=ADVANCED_FACE('',(#3494),#3828,.T.);
#4118=ADVANCED_FACE('',(#3495),#3829,.T.);
#4119=ADVANCED_FACE('',(#3496),#3830,.T.);
#4120=ADVANCED_FACE('',(#3497),#3831,.T.);
#4121=ADVANCED_FACE('',(#3498),#3832,.T.);
#4122=ADVANCED_FACE('',(#3499),#3833,.T.);
#4123=ADVANCED_FACE('',(#3500),#3834,.T.);
#4124=ADVANCED_FACE('',(#3501),#3835,.T.);
#4125=ADVANCED_FACE('',(#3502),#3836,.T.);
#4126=ADVANCED_FACE('',(#3503),#3837,.T.);
#4127=ADVANCED_FACE('',(#3504),#3838,.T.);
#4128=ADVANCED_FACE('',(#3505),#3839,.T.);
#4129=ADVANCED_FACE('',(#3506),#3840,.T.);
#4130=ADVANCED_FACE('',(#3507),#3841,.T.);
#4131=ADVANCED_FACE('',(#3508),#3842,.T.);
#4132=ADVANCED_FACE('',(#3509),#3843,.T.);
#4133=ADVANCED_FACE('',(#3510),#3844,.T.);
#4134=ADVANCED_FACE('',(#3511),#3845,.T.);
#4135=ADVANCED_FACE('',(#3512),#3846,.T.);
#4136=ADVANCED_FACE('',(#3513),#3847,.T.);
#4137=ADVANCED_FACE('',(#3514),#3848,.T.);
#4138=ADVANCED_FACE('',(#3515),#3849,.T.);
#4139=ADVANCED_FACE('',(#3516),#3850,.T.);
#4140=ADVANCED_FACE('',(#3517),#3851,.T.);
#4141=ADVANCED_FACE('',(#3518),#3852,.T.);
#4142=ADVANCED_FACE('',(#3519),#3853,.T.);
#4143=ADVANCED_FACE('',(#3520),#3854,.T.);
#4144=ADVANCED_FACE('',(#3521),#3855,.T.);
#4145=ADVANCED_FACE('',(#3522),#3856,.T.);
#4146=ADVANCED_FACE('',(#3523),#3857,.T.);
#4147=ADVANCED_FACE('',(#3524),#3858,.T.);
#4148=ADVANCED_FACE('',(#3525),#3859,.T.);
#4149=ADVANCED_FACE('',(#3526),#3860,.T.);
#4150=ADVANCED_FACE('',(#3527),#3861,.T.);
#4151=ADVANCED_FACE('',(#3528),#3862,.T.);
#4152=ADVANCED_FACE('',(#3529),#3863,.T.);
#4153=ADVANCED_FACE('',(#3530),#3864,.T.);
#4154=ADVANCED_FACE('',(#3531),#3865,.T.);
#4155=ADVANCED_FACE('',(#3532),#3866,.T.);
#4156=ADVANCED_FACE('',(#3533),#3867,.T.);
#4157=ADVANCED_FACE('',(#3534),#3868,.T.);
#4158=ADVANCED_FACE('',(#3535),#3869,.T.);
#4159=ADVANCED_FACE('',(#3536,#3537),#30,.F.);
#4160=ADVANCED_FACE('',(#3538,#3539),#31,.T.);
#4161=ADVANCED_FACE('',(#3540,#3541),#3870,.T.);
#4162=ADVANCED_FACE('',(#3542,#3543),#32,.T.);
#4163=ADVANCED_FACE('',(#3544,#3545),#3871,.F.);
#4164=ADVANCED_FACE('',(#3546,#3547),#33,.T.);
#4165=ADVANCED_FACE('',(#3548,#3549),#3872,.F.);
#4166=ADVANCED_FACE('',(#3550,#3551),#16,.F.);
#4167=ADVANCED_FACE('',(#3552,#3553),#3873,.F.);
#4168=ADVANCED_FACE('',(#3554,#3555),#34,.T.);
#4169=ADVANCED_FACE('',(#3556),#3874,.T.);
#4170=ADVANCED_FACE('',(#3557,#3558),#17,.T.);
#4171=ADVANCED_FACE('',(#3559,#3560),#3875,.T.);
#4172=ADVANCED_FACE('',(#3561,#3562),#35,.T.);
#4173=ADVANCED_FACE('',(#3563,#3564),#3876,.T.);
#4174=ADVANCED_FACE('',(#3565,#3566),#36,.T.);
#4175=ADVANCED_FACE('',(#3567,#3568),#3877,.T.);
#4176=ADVANCED_FACE('',(#3569,#3570),#37,.F.);
#4177=ADVANCED_FACE('',(#3571),#3878,.T.);
#4178=ADVANCED_FACE('',(#3572,#3573),#3879,.T.);
#4179=ADVANCED_FACE('',(#3574,#3575),#18,.T.);
#4180=ADVANCED_FACE('',(#3576,#3577),#19,.T.);
#4181=ADVANCED_FACE('',(#3578,#3579),#20,.T.);
#4182=ADVANCED_FACE('',(#3580,#3581),#21,.T.);
#4183=ADVANCED_FACE('',(#3582,#3583),#22,.F.);
#4184=ADVANCED_FACE('',(#3584,#3585),#23,.F.);
#4185=ADVANCED_FACE('',(#3586),#13,.F.);
#4186=ADVANCED_FACE('',(#3587),#14,.F.);
#4187=ADVANCED_FACE('',(#3588),#15,.F.);
#4188=ADVANCED_FACE('',(#3589,#3590),#12,.F.);
#4189=CLOSED_SHELL('',(#3880,#3881,#3882,#3883,#3884,#3885,#3886,#3887,
#3888,#3889,#3890,#3891,#3892,#3893,#3894,#3895,#3896,#3897,#3898,#3899,
#3900,#3901,#3902,#3903,#3904,#3905,#3906,#3907,#3908,#3909,#3910,#3911,
#3912,#3913,#3914,#3915,#3916,#3917,#3918,#3919,#3920,#3921,#3922,#3923,
#3924,#3925,#3926,#3927,#3928,#3929,#3930,#3931,#3932,#3933,#3934,#3935,
#3936,#3937,#3938,#3939,#3940,#3941,#3942,#3943,#3944,#3945,#3946,#3947,
#3948,#3949,#3950,#3951,#3952,#3953,#3954,#3955,#3956,#3957,#3958,#3959,
#3960,#3961,#3962,#3963,#3964,#3965,#3966,#3967,#3968,#3969,#3970,#3971,
#3972,#3973,#3974,#3975,#3976,#3977,#3978,#3979,#3980,#3981,#3982,#3983,
#3984,#3985,#3986,#3987,#3988,#3989,#3990,#3991,#3992,#3993,#3994,#3995,
#3996,#3997,#3998,#3999,#4000,#4001,#4002,#4003,#4004,#4005,#4006,#4007,
#4008,#4009,#4010,#4011,#4012,#4013,#4014,#4015,#4016,#4017,#4018,#4019,
#4020,#4021,#4022,#4023,#4024,#4025,#4026,#4027,#4028,#4029,#4030,#4031,
#4032,#4033,#4034,#4035,#4036,#4037,#4038,#4039,#4040,#4041,#4042,#4043,
#4044,#4045,#4046,#4047,#4048,#4049,#4050,#4051,#4052,#4053,#4054,#4055,
#4056,#4057,#4058,#4059,#4060,#4061,#4062,#4063,#4064,#4065,#4066,#4067,
#4068,#4069,#4070,#4071,#4072,#4073,#4074,#4075,#4076,#4077,#4078,#4079,
#4080,#4081,#4082,#4083,#4084,#4085,#4086,#4087,#4088,#4089,#4090,#4091,
#4092,#4093,#4094,#4095,#4096,#4097,#4098,#4099,#4100,#4101,#4102,#4103,
#4104,#4105,#4106,#4107,#4108,#4109,#4110,#4111,#4112,#4113,#4114,#4115,
#4116,#4117,#4118,#4119,#4120,#4121,#4122,#4123,#4124,#4125,#4126,#4127,
#4128,#4129,#4130,#4131,#4132,#4133,#4134,#4135,#4136,#4137,#4138,#4139,
#4140,#4141,#4142,#4143,#4144,#4145,#4146,#4147,#4148,#4149,#4150,#4151,
#4152,#4153,#4154,#4155,#4156,#4157,#4158,#4159,#4160,#4161,#4162,#4163,
#4164,#4165,#4166,#4167,#4168,#4169,#4170,#4171,#4172,#4173,#4174,#4175,
#4176,#4177,#4178,#4179,#4180,#4181,#4182,#4183,#4184,#4185,#4186,#4187,
#4188));
#4190=STYLED_ITEM('',(#4191),#4198);
#4191=PRESENTATION_STYLE_ASSIGNMENT((#4192));
#4192=SURFACE_STYLE_USAGE(.BOTH.,#4193);
#4193=SURFACE_SIDE_STYLE('',(#4194));
#4194=SURFACE_STYLE_FILL_AREA(#4195);
#4195=FILL_AREA_STYLE('',(#4196));
#4196=FILL_AREA_STYLE_COLOUR('',#4197);
#4197=COLOUR_RGB('',0.125490196078431,0.125490196078431,0.125490196078431);
#4198=MANIFOLD_SOLID_BREP('RMS-38 Delay Forward Closure',#4189);
#4199=SHAPE_DEFINITION_REPRESENTATION(#10099,#4200);
#4200=SHAPE_REPRESENTATION('RMS-38 Delay Forward Closure',(#4201),#10094);
#4201=AXIS2_PLACEMENT_3D('',#5557,#4653,#4654);
#4202=AXIS2_PLACEMENT_3D('',#5558,#4655,#4656);
#4203=AXIS2_PLACEMENT_3D('',#5572,#4657,#4658);
#4204=AXIS2_PLACEMENT_3D('',#5585,#4659,#4660);
#4205=AXIS2_PLACEMENT_3D('',#5603,#4661,#4662);
#4206=AXIS2_PLACEMENT_3D('',#5621,#4663,#4664);
#4207=AXIS2_PLACEMENT_3D('',#5639,#4665,#4666);
#4208=AXIS2_PLACEMENT_3D('',#5657,#4667,#4668);
#4209=AXIS2_PLACEMENT_3D('',#5658,#4669,#4670);
#4210=AXIS2_PLACEMENT_3D('',#5665,#4671,#4672);
#4211=AXIS2_PLACEMENT_3D('',#5683,#4673,#4674);
#4212=AXIS2_PLACEMENT_3D('',#5701,#4675,#4676);
#4213=AXIS2_PLACEMENT_3D('',#5719,#4677,#4678);
#4214=AXIS2_PLACEMENT_3D('',#5737,#4679,#4680);
#4215=AXIS2_PLACEMENT_3D('',#5750,#4681,#4682);
#4216=AXIS2_PLACEMENT_3D('',#5757,#4683,#4684);
#4217=AXIS2_PLACEMENT_3D('',#5764,#4685,#4686);
#4218=AXIS2_PLACEMENT_3D('',#5765,#4687,#4688);
#4219=AXIS2_PLACEMENT_3D('',#5778,#4689,#4690);
#4220=AXIS2_PLACEMENT_3D('',#5791,#4691,#4692);
#4221=AXIS2_PLACEMENT_3D('',#5803,#4693,#4694);
#4222=AXIS2_PLACEMENT_3D('',#5815,#4695,#4696);
#4223=AXIS2_PLACEMENT_3D('',#5827,#4697,#4698);
#4224=AXIS2_PLACEMENT_3D('',#5839,#4699,#4700);
#4225=AXIS2_PLACEMENT_3D('',#5840,#4701,#4702);
#4226=AXIS2_PLACEMENT_3D('',#5841,#4703,#4704);
#4227=AXIS2_PLACEMENT_3D('',#5853,#4705,#4706);
#4228=AXIS2_PLACEMENT_3D('',#5865,#4707,#4708);
#4229=AXIS2_PLACEMENT_3D('',#5877,#4709,#4710);
#4230=AXIS2_PLACEMENT_3D('',#5884,#4711,#4712);
#4231=AXIS2_PLACEMENT_3D('',#5891,#4713,#4714);
#4232=AXIS2_PLACEMENT_3D('',#5892,#4715,#4716);
#4233=AXIS2_PLACEMENT_3D('',#5893,#4717,#4718);
#4234=AXIS2_PLACEMENT_3D('',#5906,#4719,#4720);
#4235=AXIS2_PLACEMENT_3D('',#5919,#4721,#4722);
#4236=AXIS2_PLACEMENT_3D('',#5931,#4723,#4724);
#4237=AXIS2_PLACEMENT_3D('',#5943,#4725,#4726);
#4238=AXIS2_PLACEMENT_3D('',#5955,#4727,#4728);
#4239=AXIS2_PLACEMENT_3D('',#5967,#4729,#4730);
#4240=AXIS2_PLACEMENT_3D('',#5968,#4731,#4732);
#4241=AXIS2_PLACEMENT_3D('',#5969,#4733,#4734);
#4242=AXIS2_PLACEMENT_3D('',#5981,#4735,#4736);
#4243=AXIS2_PLACEMENT_3D('',#5993,#4737,#4738);
#4244=AXIS2_PLACEMENT_3D('',#6000,#4739,#4740);
#4245=AXIS2_PLACEMENT_3D('',#6007,#4741,#4742);
#4246=AXIS2_PLACEMENT_3D('',#6008,#4743,#4744);
#4247=AXIS2_PLACEMENT_3D('',#6009,#4745,#4746);
#4248=AXIS2_PLACEMENT_3D('',#6022,#4747,#4748);
#4249=AXIS2_PLACEMENT_3D('',#6035,#4749,#4750);
#4250=AXIS2_PLACEMENT_3D('',#6047,#4751,#4752);
#4251=AXIS2_PLACEMENT_3D('',#6059,#4753,#4754);
#4252=AXIS2_PLACEMENT_3D('',#6071,#4755,#4756);
#4253=AXIS2_PLACEMENT_3D('',#6083,#4757,#4758);
#4254=AXIS2_PLACEMENT_3D('',#6084,#4759,#4760);
#4255=AXIS2_PLACEMENT_3D('',#6085,#4761,#4762);
#4256=AXIS2_PLACEMENT_3D('',#6097,#4763,#4764);
#4257=AXIS2_PLACEMENT_3D('',#6104,#4765,#4766);
#4258=AXIS2_PLACEMENT_3D('',#6111,#4767,#4768);
#4259=AXIS2_PLACEMENT_3D('',#6112,#4769,#4770);
#4260=AXIS2_PLACEMENT_3D('',#6113,#4771,#4772);
#4261=AXIS2_PLACEMENT_3D('',#6126,#4773,#4774);
#4262=AXIS2_PLACEMENT_3D('',#6139,#4775,#4776);
#4263=AXIS2_PLACEMENT_3D('',#6151,#4777,#4778);
#4264=AXIS2_PLACEMENT_3D('',#6163,#4779,#4780);
#4265=AXIS2_PLACEMENT_3D('',#6175,#4781,#4782);
#4266=AXIS2_PLACEMENT_3D('',#6187,#4783,#4784);
#4267=AXIS2_PLACEMENT_3D('',#6188,#4785,#4786);
#4268=AXIS2_PLACEMENT_3D('',#6189,#4787,#4788);
#4269=AXIS2_PLACEMENT_3D('',#6196,#4789,#4790);
#4270=AXIS2_PLACEMENT_3D('',#6203,#4791,#4792);
#4271=AXIS2_PLACEMENT_3D('',#6204,#4793,#4794);
#4272=AXIS2_PLACEMENT_3D('',#6205,#4795,#4796);
#4273=AXIS2_PLACEMENT_3D('',#6218,#4797,#4798);
#4274=AXIS2_PLACEMENT_3D('',#6231,#4799,#4800);
#4275=AXIS2_PLACEMENT_3D('',#6243,#4801,#4802);
#4276=AXIS2_PLACEMENT_3D('',#6255,#4803,#4804);
#4277=AXIS2_PLACEMENT_3D('',#6267,#4805,#4806);
#4278=AXIS2_PLACEMENT_3D('',#6279,#4807,#4808);
#4279=AXIS2_PLACEMENT_3D('',#6280,#4809,#4810);
#4280=AXIS2_PLACEMENT_3D('',#6281,#4811,#4812);
#4281=AXIS2_PLACEMENT_3D('',#6282,#4813,#4814);
#4282=AXIS2_PLACEMENT_3D('',#6283,#4815,#4816);
#4283=AXIS2_PLACEMENT_3D('',#6296,#4817,#4818);
#4284=AXIS2_PLACEMENT_3D('',#6309,#4819,#4820);
#4285=AXIS2_PLACEMENT_3D('',#6321,#4821,#4822);
#4286=AXIS2_PLACEMENT_3D('',#6333,#4823,#4824);
#4287=AXIS2_PLACEMENT_3D('',#6345,#4825,#4826);
#4288=AXIS2_PLACEMENT_3D('',#6357,#4827,#4828);
#4289=AXIS2_PLACEMENT_3D('',#6358,#4829,#4830);
#4290=AXIS2_PLACEMENT_3D('',#6359,#4831,#4832);
#4291=AXIS2_PLACEMENT_3D('',#6360,#4833,#4834);
#4292=AXIS2_PLACEMENT_3D('',#6361,#4835,#4836);
#4293=AXIS2_PLACEMENT_3D('',#6374,#4837,#4838);
#4294=AXIS2_PLACEMENT_3D('',#6387,#4839,#4840);
#4295=AXIS2_PLACEMENT_3D('',#6399,#4841,#4842);
#4296=AXIS2_PLACEMENT_3D('',#6411,#4843,#4844);
#4297=AXIS2_PLACEMENT_3D('',#6423,#4845,#4846);
#4298=AXIS2_PLACEMENT_3D('',#6435,#4847,#4848);
#4299=AXIS2_PLACEMENT_3D('',#6436,#4849,#4850);
#4300=AXIS2_PLACEMENT_3D('',#6437,#4851,#4852);
#4301=AXIS2_PLACEMENT_3D('',#6438,#4853,#4854);
#4302=AXIS2_PLACEMENT_3D('',#6439,#4855,#4856);
#4303=AXIS2_PLACEMENT_3D('',#6452,#4857,#4858);
#4304=AXIS2_PLACEMENT_3D('',#6465,#4859,#4860);
#4305=AXIS2_PLACEMENT_3D('',#6477,#4861,#4862);
#4306=AXIS2_PLACEMENT_3D('',#6489,#4863,#4864);
#4307=AXIS2_PLACEMENT_3D('',#6501,#4865,#4866);
#4308=AXIS2_PLACEMENT_3D('',#6513,#4867,#4868);
#4309=AXIS2_PLACEMENT_3D('',#6514,#4869,#4870);
#4310=AXIS2_PLACEMENT_3D('',#6515,#4871,#4872);
#4311=AXIS2_PLACEMENT_3D('',#6516,#4873,#4874);
#4312=AXIS2_PLACEMENT_3D('',#6517,#4875,#4876);
#4313=AXIS2_PLACEMENT_3D('',#6530,#4877,#4878);
#4314=AXIS2_PLACEMENT_3D('',#6543,#4879,#4880);
#4315=AXIS2_PLACEMENT_3D('',#6555,#4881,#4882);
#4316=AXIS2_PLACEMENT_3D('',#6567,#4883,#4884);
#4317=AXIS2_PLACEMENT_3D('',#6579,#4885,#4886);
#4318=AXIS2_PLACEMENT_3D('',#6591,#4887,#4888);
#4319=AXIS2_PLACEMENT_3D('',#6592,#4889,#4890);
#4320=AXIS2_PLACEMENT_3D('',#6593,#4891,#4892);
#4321=AXIS2_PLACEMENT_3D('',#6594,#4893,#4894);
#4322=AXIS2_PLACEMENT_3D('',#6595,#4895,#4896);
#4323=AXIS2_PLACEMENT_3D('',#6608,#4897,#4898);
#4324=AXIS2_PLACEMENT_3D('',#6621,#4899,#4900);
#4325=AXIS2_PLACEMENT_3D('',#6633,#4901,#4902);
#4326=AXIS2_PLACEMENT_3D('',#6645,#4903,#4904);
#4327=AXIS2_PLACEMENT_3D('',#6657,#4905,#4906);
#4328=AXIS2_PLACEMENT_3D('',#6669,#4907,#4908);
#4329=AXIS2_PLACEMENT_3D('',#6670,#4909,#4910);
#4330=AXIS2_PLACEMENT_3D('',#6671,#4911,#4912);
#4331=AXIS2_PLACEMENT_3D('',#6672,#4913,#4914);
#4332=AXIS2_PLACEMENT_3D('',#6673,#4915,#4916);
#4333=AXIS2_PLACEMENT_3D('',#6686,#4917,#4918);
#4334=AXIS2_PLACEMENT_3D('',#6699,#4919,#4920);
#4335=AXIS2_PLACEMENT_3D('',#6711,#4921,#4922);
#4336=AXIS2_PLACEMENT_3D('',#6723,#4923,#4924);
#4337=AXIS2_PLACEMENT_3D('',#6735,#4925,#4926);
#4338=AXIS2_PLACEMENT_3D('',#6747,#4927,#4928);
#4339=AXIS2_PLACEMENT_3D('',#6748,#4929,#4930);
#4340=AXIS2_PLACEMENT_3D('',#6749,#4931,#4932);
#4341=AXIS2_PLACEMENT_3D('',#6750,#4933,#4934);
#4342=AXIS2_PLACEMENT_3D('',#6751,#4935,#4936);
#4343=AXIS2_PLACEMENT_3D('',#6764,#4937,#4938);
#4344=AXIS2_PLACEMENT_3D('',#6777,#4939,#4940);
#4345=AXIS2_PLACEMENT_3D('',#6789,#4941,#4942);
#4346=AXIS2_PLACEMENT_3D('',#6801,#4943,#4944);
#4347=AXIS2_PLACEMENT_3D('',#6813,#4945,#4946);
#4348=AXIS2_PLACEMENT_3D('',#6825,#4947,#4948);
#4349=AXIS2_PLACEMENT_3D('',#6826,#4949,#4950);
#4350=AXIS2_PLACEMENT_3D('',#6827,#4951,#4952);
#4351=AXIS2_PLACEMENT_3D('',#6828,#4953,#4954);
#4352=AXIS2_PLACEMENT_3D('',#6829,#4955,#4956);
#4353=AXIS2_PLACEMENT_3D('',#6842,#4957,#4958);
#4354=AXIS2_PLACEMENT_3D('',#6855,#4959,#4960);
#4355=AXIS2_PLACEMENT_3D('',#6867,#4961,#4962);
#4356=AXIS2_PLACEMENT_3D('',#6879,#4963,#4964);
#4357=AXIS2_PLACEMENT_3D('',#6891,#4965,#4966);
#4358=AXIS2_PLACEMENT_3D('',#6903,#4967,#4968);
#4359=AXIS2_PLACEMENT_3D('',#6904,#4969,#4970);
#4360=AXIS2_PLACEMENT_3D('',#6905,#4971,#4972);
#4361=AXIS2_PLACEMENT_3D('',#6906,#4973,#4974);
#4362=AXIS2_PLACEMENT_3D('',#6907,#4975,#4976);
#4363=AXIS2_PLACEMENT_3D('',#6920,#4977,#4978);
#4364=AXIS2_PLACEMENT_3D('',#6933,#4979,#4980);
#4365=AXIS2_PLACEMENT_3D('',#6945,#4981,#4982);
#4366=AXIS2_PLACEMENT_3D('',#6957,#4983,#4984);
#4367=AXIS2_PLACEMENT_3D('',#6969,#4985,#4986);
#4368=AXIS2_PLACEMENT_3D('',#6981,#4987,#4988);
#4369=AXIS2_PLACEMENT_3D('',#6982,#4989,#4990);
#4370=AXIS2_PLACEMENT_3D('',#6983,#4991,#4992);
#4371=AXIS2_PLACEMENT_3D('',#6984,#4993,#4994);
#4372=AXIS2_PLACEMENT_3D('',#6985,#4995,#4996);
#4373=AXIS2_PLACEMENT_3D('',#6998,#4997,#4998);
#4374=AXIS2_PLACEMENT_3D('',#7011,#4999,#5000);
#4375=AXIS2_PLACEMENT_3D('',#7023,#5001,#5002);
#4376=AXIS2_PLACEMENT_3D('',#7035,#5003,#5004);
#4377=AXIS2_PLACEMENT_3D('',#7047,#5005,#5006);
#4378=AXIS2_PLACEMENT_3D('',#7059,#5007,#5008);
#4379=AXIS2_PLACEMENT_3D('',#7060,#5009,#5010);
#4380=AXIS2_PLACEMENT_3D('',#7061,#5011,#5012);
#4381=AXIS2_PLACEMENT_3D('',#7062,#5013,#5014);
#4382=AXIS2_PLACEMENT_3D('',#7063,#5015,#5016);
#4383=AXIS2_PLACEMENT_3D('',#7076,#5017,#5018);
#4384=AXIS2_PLACEMENT_3D('',#7089,#5019,#5020);
#4385=AXIS2_PLACEMENT_3D('',#7101,#5021,#5022);
#4386=AXIS2_PLACEMENT_3D('',#7113,#5023,#5024);
#4387=AXIS2_PLACEMENT_3D('',#7125,#5025,#5026);
#4388=AXIS2_PLACEMENT_3D('',#7137,#5027,#5028);
#4389=AXIS2_PLACEMENT_3D('',#7138,#5029,#5030);
#4390=AXIS2_PLACEMENT_3D('',#7139,#5031,#5032);
#4391=AXIS2_PLACEMENT_3D('',#7140,#5033,#5034);
#4392=AXIS2_PLACEMENT_3D('',#7141,#5035,#5036);
#4393=AXIS2_PLACEMENT_3D('',#7154,#5037,#5038);
#4394=AXIS2_PLACEMENT_3D('',#7167,#5039,#5040);
#4395=AXIS2_PLACEMENT_3D('',#7179,#5041,#5042);
#4396=AXIS2_PLACEMENT_3D('',#7191,#5043,#5044);
#4397=AXIS2_PLACEMENT_3D('',#7203,#5045,#5046);
#4398=AXIS2_PLACEMENT_3D('',#7215,#5047,#5048);
#4399=AXIS2_PLACEMENT_3D('',#7216,#5049,#5050);
#4400=AXIS2_PLACEMENT_3D('',#7217,#5051,#5052);
#4401=AXIS2_PLACEMENT_3D('',#7218,#5053,#5054);
#4402=AXIS2_PLACEMENT_3D('',#7219,#5055,#5056);
#4403=AXIS2_PLACEMENT_3D('',#7232,#5057,#5058);
#4404=AXIS2_PLACEMENT_3D('',#7245,#5059,#5060);
#4405=AXIS2_PLACEMENT_3D('',#7257,#5061,#5062);
#4406=AXIS2_PLACEMENT_3D('',#7269,#5063,#5064);
#4407=AXIS2_PLACEMENT_3D('',#7281,#5065,#5066);
#4408=AXIS2_PLACEMENT_3D('',#7293,#5067,#5068);
#4409=AXIS2_PLACEMENT_3D('',#7294,#5069,#5070);
#4410=AXIS2_PLACEMENT_3D('',#7295,#5071,#5072);
#4411=AXIS2_PLACEMENT_3D('',#7296,#5073,#5074);
#4412=AXIS2_PLACEMENT_3D('',#7297,#5075,#5076);
#4413=AXIS2_PLACEMENT_3D('',#7310,#5077,#5078);
#4414=AXIS2_PLACEMENT_3D('',#7323,#5079,#5080);
#4415=AXIS2_PLACEMENT_3D('',#7335,#5081,#5082);
#4416=AXIS2_PLACEMENT_3D('',#7347,#5083,#5084);
#4417=AXIS2_PLACEMENT_3D('',#7359,#5085,#5086);
#4418=AXIS2_PLACEMENT_3D('',#7371,#5087,#5088);
#4419=AXIS2_PLACEMENT_3D('',#7372,#5089,#5090);
#4420=AXIS2_PLACEMENT_3D('',#7373,#5091,#5092);
#4421=AXIS2_PLACEMENT_3D('',#7374,#5093,#5094);
#4422=AXIS2_PLACEMENT_3D('',#7375,#5095,#5096);
#4423=AXIS2_PLACEMENT_3D('',#7388,#5097,#5098);
#4424=AXIS2_PLACEMENT_3D('',#7401,#5099,#5100);
#4425=AXIS2_PLACEMENT_3D('',#7413,#5101,#5102);
#4426=AXIS2_PLACEMENT_3D('',#7425,#5103,#5104);
#4427=AXIS2_PLACEMENT_3D('',#7437,#5105,#5106);
#4428=AXIS2_PLACEMENT_3D('',#7449,#5107,#5108);
#4429=AXIS2_PLACEMENT_3D('',#7450,#5109,#5110);
#4430=AXIS2_PLACEMENT_3D('',#7451,#5111,#5112);
#4431=AXIS2_PLACEMENT_3D('',#7452,#5113,#5114);
#4432=AXIS2_PLACEMENT_3D('',#7453,#5115,#5116);
#4433=AXIS2_PLACEMENT_3D('',#7466,#5117,#5118);
#4434=AXIS2_PLACEMENT_3D('',#7479,#5119,#5120);
#4435=AXIS2_PLACEMENT_3D('',#7491,#5121,#5122);
#4436=AXIS2_PLACEMENT_3D('',#7503,#5123,#5124);
#4437=AXIS2_PLACEMENT_3D('',#7515,#5125,#5126);
#4438=AXIS2_PLACEMENT_3D('',#7527,#5127,#5128);
#4439=AXIS2_PLACEMENT_3D('',#7528,#5129,#5130);
#4440=AXIS2_PLACEMENT_3D('',#7529,#5131,#5132);
#4441=AXIS2_PLACEMENT_3D('',#7530,#5133,#5134);
#4442=AXIS2_PLACEMENT_3D('',#7531,#5135,#5136);
#4443=AXIS2_PLACEMENT_3D('',#7544,#5137,#5138);
#4444=AXIS2_PLACEMENT_3D('',#7557,#5139,#5140);
#4445=AXIS2_PLACEMENT_3D('',#7569,#5141,#5142);
#4446=AXIS2_PLACEMENT_3D('',#7581,#5143,#5144);
#4447=AXIS2_PLACEMENT_3D('',#7593,#5145,#5146);
#4448=AXIS2_PLACEMENT_3D('',#7605,#5147,#5148);
#4449=AXIS2_PLACEMENT_3D('',#7606,#5149,#5150);
#4450=AXIS2_PLACEMENT_3D('',#7607,#5151,#5152);
#4451=AXIS2_PLACEMENT_3D('',#7608,#5153,#5154);
#4452=AXIS2_PLACEMENT_3D('',#7609,#5155,#5156);
#4453=AXIS2_PLACEMENT_3D('',#7622,#5157,#5158);
#4454=AXIS2_PLACEMENT_3D('',#7635,#5159,#5160);
#4455=AXIS2_PLACEMENT_3D('',#7647,#5161,#5162);
#4456=AXIS2_PLACEMENT_3D('',#7659,#5163,#5164);
#4457=AXIS2_PLACEMENT_3D('',#7671,#5165,#5166);
#4458=AXIS2_PLACEMENT_3D('',#7683,#5167,#5168);
#4459=AXIS2_PLACEMENT_3D('',#7684,#5169,#5170);
#4460=AXIS2_PLACEMENT_3D('',#7685,#5171,#5172);
#4461=AXIS2_PLACEMENT_3D('',#7686,#5173,#5174);
#4462=AXIS2_PLACEMENT_3D('',#7687,#5175,#5176);
#4463=AXIS2_PLACEMENT_3D('',#7700,#5177,#5178);
#4464=AXIS2_PLACEMENT_3D('',#7713,#5179,#5180);
#4465=AXIS2_PLACEMENT_3D('',#7725,#5181,#5182);
#4466=AXIS2_PLACEMENT_3D('',#7737,#5183,#5184);
#4467=AXIS2_PLACEMENT_3D('',#7749,#5185,#5186);
#4468=AXIS2_PLACEMENT_3D('',#7761,#5187,#5188);
#4469=AXIS2_PLACEMENT_3D('',#7762,#5189,#5190);
#4470=AXIS2_PLACEMENT_3D('',#7763,#5191,#5192);
#4471=AXIS2_PLACEMENT_3D('',#7764,#5193,#5194);
#4472=AXIS2_PLACEMENT_3D('',#7765,#5195,#5196);
#4473=AXIS2_PLACEMENT_3D('',#7778,#5197,#5198);
#4474=AXIS2_PLACEMENT_3D('',#7791,#5199,#5200);
#4475=AXIS2_PLACEMENT_3D('',#7803,#5201,#5202);
#4476=AXIS2_PLACEMENT_3D('',#7815,#5203,#5204);
#4477=AXIS2_PLACEMENT_3D('',#7827,#5205,#5206);
#4478=AXIS2_PLACEMENT_3D('',#7839,#5207,#5208);
#4479=AXIS2_PLACEMENT_3D('',#7840,#5209,#5210);
#4480=AXIS2_PLACEMENT_3D('',#7841,#5211,#5212);
#4481=AXIS2_PLACEMENT_3D('',#7842,#5213,#5214);
#4482=AXIS2_PLACEMENT_3D('',#7843,#5215,#5216);
#4483=AXIS2_PLACEMENT_3D('',#7856,#5217,#5218);
#4484=AXIS2_PLACEMENT_3D('',#7869,#5219,#5220);
#4485=AXIS2_PLACEMENT_3D('',#7881,#5221,#5222);
#4486=AXIS2_PLACEMENT_3D('',#7893,#5223,#5224);
#4487=AXIS2_PLACEMENT_3D('',#7905,#5225,#5226);
#4488=AXIS2_PLACEMENT_3D('',#7917,#5227,#5228);
#4489=AXIS2_PLACEMENT_3D('',#7918,#5229,#5230);
#4490=AXIS2_PLACEMENT_3D('',#7919,#5231,#5232);
#4491=AXIS2_PLACEMENT_3D('',#7920,#5233,#5234);
#4492=AXIS2_PLACEMENT_3D('',#7921,#5235,#5236);
#4493=AXIS2_PLACEMENT_3D('',#7934,#5237,#5238);
#4494=AXIS2_PLACEMENT_3D('',#7947,#5239,#5240);
#4495=AXIS2_PLACEMENT_3D('',#7959,#5241,#5242);
#4496=AXIS2_PLACEMENT_3D('',#7971,#5243,#5244);
#4497=AXIS2_PLACEMENT_3D('',#7983,#5245,#5246);
#4498=AXIS2_PLACEMENT_3D('',#7995,#5247,#5248);
#4499=AXIS2_PLACEMENT_3D('',#7996,#5249,#5250);
#4500=AXIS2_PLACEMENT_3D('',#7997,#5251,#5252);
#4501=AXIS2_PLACEMENT_3D('',#7998,#5253,#5254);
#4502=AXIS2_PLACEMENT_3D('',#7999,#5255,#5256);
#4503=AXIS2_PLACEMENT_3D('',#8012,#5257,#5258);
#4504=AXIS2_PLACEMENT_3D('',#8025,#5259,#5260);
#4505=AXIS2_PLACEMENT_3D('',#8037,#5261,#5262);
#4506=AXIS2_PLACEMENT_3D('',#8049,#5263,#5264);
#4507=AXIS2_PLACEMENT_3D('',#8061,#5265,#5266);
#4508=AXIS2_PLACEMENT_3D('',#8073,#5267,#5268);
#4509=AXIS2_PLACEMENT_3D('',#8074,#5269,#5270);
#4510=AXIS2_PLACEMENT_3D('',#8075,#5271,#5272);
#4511=AXIS2_PLACEMENT_3D('',#8076,#5273,#5274);
#4512=AXIS2_PLACEMENT_3D('',#8077,#5275,#5276);
#4513=AXIS2_PLACEMENT_3D('',#8090,#5277,#5278);
#4514=AXIS2_PLACEMENT_3D('',#8103,#5279,#5280);
#4515=AXIS2_PLACEMENT_3D('',#8115,#5281,#5282);
#4516=AXIS2_PLACEMENT_3D('',#8127,#5283,#5284);
#4517=AXIS2_PLACEMENT_3D('',#8139,#5285,#5286);
#4518=AXIS2_PLACEMENT_3D('',#8151,#5287,#5288);
#4519=AXIS2_PLACEMENT_3D('',#8152,#5289,#5290);
#4520=AXIS2_PLACEMENT_3D('',#8153,#5291,#5292);
#4521=AXIS2_PLACEMENT_3D('',#8154,#5293,#5294);
#4522=AXIS2_PLACEMENT_3D('',#8155,#5295,#5296);
#4523=AXIS2_PLACEMENT_3D('',#8168,#5297,#5298);
#4524=AXIS2_PLACEMENT_3D('',#8181,#5299,#5300);
#4525=AXIS2_PLACEMENT_3D('',#8193,#5301,#5302);
#4526=AXIS2_PLACEMENT_3D('',#8205,#5303,#5304);
#4527=AXIS2_PLACEMENT_3D('',#8217,#5305,#5306);
#4528=AXIS2_PLACEMENT_3D('',#8229,#5307,#5308);
#4529=AXIS2_PLACEMENT_3D('',#8230,#5309,#5310);
#4530=AXIS2_PLACEMENT_3D('',#8231,#5311,#5312);
#4531=AXIS2_PLACEMENT_3D('',#8232,#5313,#5314);
#4532=AXIS2_PLACEMENT_3D('',#8233,#5315,#5316);
#4533=AXIS2_PLACEMENT_3D('',#8246,#5317,#5318);
#4534=AXIS2_PLACEMENT_3D('',#8259,#5319,#5320);
#4535=AXIS2_PLACEMENT_3D('',#8271,#5321,#5322);
#4536=AXIS2_PLACEMENT_3D('',#8283,#5323,#5324);
#4537=AXIS2_PLACEMENT_3D('',#8295,#5325,#5326);
#4538=AXIS2_PLACEMENT_3D('',#8307,#5327,#5328);
#4539=AXIS2_PLACEMENT_3D('',#8308,#5329,#5330);
#4540=AXIS2_PLACEMENT_3D('',#8309,#5331,#5332);
#4541=AXIS2_PLACEMENT_3D('',#8310,#5333,#5334);
#4542=AXIS2_PLACEMENT_3D('',#8311,#5335,#5336);
#4543=AXIS2_PLACEMENT_3D('',#8324,#5337,#5338);
#4544=AXIS2_PLACEMENT_3D('',#8337,#5339,#5340);
#4545=AXIS2_PLACEMENT_3D('',#8349,#5341,#5342);
#4546=AXIS2_PLACEMENT_3D('',#8361,#5343,#5344);
#4547=AXIS2_PLACEMENT_3D('',#8373,#5345,#5346);
#4548=AXIS2_PLACEMENT_3D('',#8385,#5347,#5348);
#4549=AXIS2_PLACEMENT_3D('',#8386,#5349,#5350);
#4550=AXIS2_PLACEMENT_3D('',#8387,#5351,#5352);
#4551=AXIS2_PLACEMENT_3D('',#8388,#5353,#5354);
#4552=AXIS2_PLACEMENT_3D('',#8389,#5355,#5356);
#4553=AXIS2_PLACEMENT_3D('',#8402,#5357,#5358);
#4554=AXIS2_PLACEMENT_3D('',#8415,#5359,#5360);
#4555=AXIS2_PLACEMENT_3D('',#8427,#5361,#5362);
#4556=AXIS2_PLACEMENT_3D('',#8439,#5363,#5364);
#4557=AXIS2_PLACEMENT_3D('',#8451,#5365,#5366);
#4558=AXIS2_PLACEMENT_3D('',#8463,#5367,#5368);
#4559=AXIS2_PLACEMENT_3D('',#8464,#5369,#5370);
#4560=AXIS2_PLACEMENT_3D('',#8465,#5371,#5372);
#4561=AXIS2_PLACEMENT_3D('',#8466,#5373,#5374);
#4562=AXIS2_PLACEMENT_3D('',#8467,#5375,#5376);
#4563=AXIS2_PLACEMENT_3D('',#8485,#5377,#5378);
#4564=AXIS2_PLACEMENT_3D('',#8486,#5379,#5380);
#4565=AXIS2_PLACEMENT_3D('',#8498,#5381,#5382);
#4566=AXIS2_PLACEMENT_3D('',#8510,#5383,#5384);
#4567=AXIS2_PLACEMENT_3D('',#8522,#5385,#5386);
#4568=AXIS2_PLACEMENT_3D('',#8534,#5387,#5388);
#4569=AXIS2_PLACEMENT_3D('',#8535,#5389,#5390);
#4570=AXIS2_PLACEMENT_3D('',#8536,#5391,#5392);
#4571=AXIS2_PLACEMENT_3D('',#8537,#5393,#5394);
#4572=AXIS2_PLACEMENT_3D('',#8538,#5395,#5396);
#4573=AXIS2_PLACEMENT_3D('',#8550,#5397,#5398);
#4574=AXIS2_PLACEMENT_3D('',#8562,#5399,#5400);
#4575=AXIS2_PLACEMENT_3D('',#8574,#5401,#5402);
#4576=AXIS2_PLACEMENT_3D('',#8586,#5403,#5404);
#4577=AXIS2_PLACEMENT_3D('',#8587,#5405,#5406);
#4578=AXIS2_PLACEMENT_3D('',#8588,#5407,#5408);
#4579=AXIS2_PLACEMENT_3D('',#8589,#5409,#5410);
#4580=AXIS2_PLACEMENT_3D('',#8590,#5411,#5412);
#4581=AXIS2_PLACEMENT_3D('',#8602,#5413,#5414);
#4582=AXIS2_PLACEMENT_3D('',#8614,#5415,#5416);
#4583=AXIS2_PLACEMENT_3D('',#8626,#5417,#5418);
#4584=AXIS2_PLACEMENT_3D('',#8627,#5419,#5420);
#4585=AXIS2_PLACEMENT_3D('',#8628,#5421,#5422);
#4586=AXIS2_PLACEMENT_3D('',#8629,#5423,#5424);
#4587=AXIS2_PLACEMENT_3D('',#8630,#5425,#5426);
#4588=AXIS2_PLACEMENT_3D('',#8642,#5427,#5428);
#4589=AXIS2_PLACEMENT_3D('',#8654,#5429,#5430);
#4590=AXIS2_PLACEMENT_3D('',#8655,#5431,#5432);
#4591=AXIS2_PLACEMENT_3D('',#8656,#5433,#5434);
#4592=AXIS2_PLACEMENT_3D('',#8657,#5435,#5436);
#4593=AXIS2_PLACEMENT_3D('',#8658,#5437,#5438);
#4594=AXIS2_PLACEMENT_3D('',#8670,#5439,#5440);
#4595=AXIS2_PLACEMENT_3D('',#8671,#5441,#5442);
#4596=AXIS2_PLACEMENT_3D('',#8672,#5443,#5444);
#4597=AXIS2_PLACEMENT_3D('',#8673,#5445,#5446);
#4598=AXIS2_PLACEMENT_3D('',#8674,#5447,#5448);
#4599=AXIS2_PLACEMENT_3D('',#8675,#5449,#5450);
#4600=AXIS2_PLACEMENT_3D('',#8676,#5451,#5452);
#4601=AXIS2_PLACEMENT_3D('',#8677,#5453,#5454);
#4602=AXIS2_PLACEMENT_3D('',#8713,#5455,#5456);
#4603=AXIS2_PLACEMENT_3D('',#8714,#5457,#5458);
#4604=AXIS2_PLACEMENT_3D('',#8715,#5459,#5460);
#4605=AXIS2_PLACEMENT_3D('',#8717,#5461,#5462);
#4606=AXIS2_PLACEMENT_3D('',#8719,#5463,#5464);
#4607=AXIS2_PLACEMENT_3D('',#8720,#5465,#5466);
#4608=AXIS2_PLACEMENT_3D('',#8722,#5467,#5468);
#4609=AXIS2_PLACEMENT_3D('',#8723,#5469,#5470);
#4610=AXIS2_PLACEMENT_3D('',#8725,#5471,#5472);
#4611=AXIS2_PLACEMENT_3D('',#8727,#5473,#5474);
#4612=AXIS2_PLACEMENT_3D('',#8728,#5475,#5476);
#4613=AXIS2_PLACEMENT_3D('',#8730,#5477,#5478);
#4614=AXIS2_PLACEMENT_3D('',#8732,#5479,#5480);
#4615=AXIS2_PLACEMENT_3D('',#8733,#5481,#5482);
#4616=AXIS2_PLACEMENT_3D('',#8735,#5483,#5484);
#4617=AXIS2_PLACEMENT_3D('',#8736,#5485,#5486);
#4618=AXIS2_PLACEMENT_3D('',#8738,#5487,#5488);
#4619=AXIS2_PLACEMENT_3D('',#8739,#5489,#5490);
#4620=AXIS2_PLACEMENT_3D('',#8741,#5491,#5492);
#4621=AXIS2_PLACEMENT_3D('',#8742,#5493,#5494);
#4622=AXIS2_PLACEMENT_3D('',#8744,#5495,#5496);
#4623=AXIS2_PLACEMENT_3D('',#8745,#5497,#5498);
#4624=AXIS2_PLACEMENT_3D('',#8747,#5499,#5500);
#4625=AXIS2_PLACEMENT_3D('',#8749,#5501,#5502);
#4626=AXIS2_PLACEMENT_3D('',#8750,#5503,#5504);
#4627=AXIS2_PLACEMENT_3D('',#8751,#5505,#5506);
#4628=AXIS2_PLACEMENT_3D('',#8752,#5507,#5508);
#4629=AXIS2_PLACEMENT_3D('',#8754,#5509,#5510);
#4630=AXIS2_PLACEMENT_3D('',#8755,#5511,#5512);
#4631=AXIS2_PLACEMENT_3D('',#8757,#5513,#5514);
#4632=AXIS2_PLACEMENT_3D('',#8758,#5515,#5516);
#4633=AXIS2_PLACEMENT_3D('',#8760,#5517,#5518);
#4634=AXIS2_PLACEMENT_3D('',#8762,#5519,#5520);
#4635=AXIS2_PLACEMENT_3D('',#8763,#5521,#5522);
#4636=AXIS2_PLACEMENT_3D('',#8765,#5523,#5524);
#4637=AXIS2_PLACEMENT_3D('',#8767,#5525,#5526);
#4638=AXIS2_PLACEMENT_3D('',#8768,#5527,#5528);
#4639=AXIS2_PLACEMENT_3D('',#8770,#5529,#5530);
#4640=AXIS2_PLACEMENT_3D('',#8771,#5531,#5532);
#4641=AXIS2_PLACEMENT_3D('',#8773,#5533,#5534);
#4642=AXIS2_PLACEMENT_3D('',#8774,#5535,#5536);
#4643=AXIS2_PLACEMENT_3D('',#8814,#5537,#5538);
#4644=AXIS2_PLACEMENT_3D('',#9081,#5539,#5540);
#4645=AXIS2_PLACEMENT_3D('',#9082,#5541,#5542);
#4646=AXIS2_PLACEMENT_3D('',#9084,#5543,#5544);
#4647=AXIS2_PLACEMENT_3D('',#9085,#5545,#5546);
#4648=AXIS2_PLACEMENT_3D('',#9086,#5547,#5548);
#4649=AXIS2_PLACEMENT_3D('',#9087,#5549,#5550);
#4650=AXIS2_PLACEMENT_3D('',#9088,#5551,#5552);
#4651=AXIS2_PLACEMENT_3D('',#9089,#5553,#5554);
#4652=AXIS2_PLACEMENT_3D('',#10092,#5555,#5556);
#4653=DIRECTION('',(0.,0.,1.));
#4654=DIRECTION('',(1.,0.,0.));
#4655=DIRECTION('',(0.,1.,0.));
#4656=DIRECTION('',(0.,0.,1.));
#4657=DIRECTION('',(0.,1.,0.));
#4658=DIRECTION('',(0.,0.,1.));
#4659=DIRECTION('',(0.,1.,0.));
#4660=DIRECTION('',(0.,0.,1.));
#4661=DIRECTION('',(0.,1.,0.));
#4662=DIRECTION('',(0.,0.,1.));
#4663=DIRECTION('',(0.,1.,0.));
#4664=DIRECTION('',(0.,0.,1.));
#4665=DIRECTION('',(0.,1.,0.));
#4666=DIRECTION('',(0.,0.,1.));
#4667=DIRECTION('',(0.,1.,0.));
#4668=DIRECTION('',(0.,0.,1.));
#4669=DIRECTION('',(0.,1.,0.));
#4670=DIRECTION('',(0.,0.,1.));
#4671=DIRECTION('',(0.,1.,0.));
#4672=DIRECTION('',(0.,0.,1.));
#4673=DIRECTION('',(0.,1.,0.));
#4674=DIRECTION('',(0.,0.,1.));
#4675=DIRECTION('',(0.,1.,0.));
#4676=DIRECTION('',(0.,0.,1.));
#4677=DIRECTION('',(0.,1.,0.));
#4678=DIRECTION('',(0.,0.,1.));
#4679=DIRECTION('',(0.,1.,0.));
#4680=DIRECTION('',(0.,0.,1.));
#4681=DIRECTION('',(0.,1.,0.));
#4682=DIRECTION('',(0.,0.,1.));
#4683=DIRECTION('',(0.,1.,0.));
#4684=DIRECTION('',(0.,0.,1.));
#4685=DIRECTION('',(0.,1.,0.));
#4686=DIRECTION('',(0.,0.,1.));
#4687=DIRECTION('',(0.,1.,0.));
#4688=DIRECTION('',(0.,0.,1.));
#4689=DIRECTION('',(0.,1.,0.));
#4690=DIRECTION('',(0.,0.,1.));
#4691=DIRECTION('',(0.,1.,0.));
#4692=DIRECTION('',(0.,0.,1.));
#4693=DIRECTION('',(0.,1.,0.));
#4694=DIRECTION('',(0.,0.,1.));
#4695=DIRECTION('',(0.,1.,0.));
#4696=DIRECTION('',(0.,0.,1.));
#4697=DIRECTION('',(0.,1.,0.));
#4698=DIRECTION('',(0.,0.,1.));
#4699=DIRECTION('',(0.,1.,0.));
#4700=DIRECTION('',(0.,0.,1.));
#4701=DIRECTION('',(0.,1.,0.));
#4702=DIRECTION('',(0.,0.,1.));
#4703=DIRECTION('',(0.,1.,0.));
#4704=DIRECTION('',(0.,0.,1.));
#4705=DIRECTION('',(0.,1.,0.));
#4706=DIRECTION('',(0.,0.,1.));
#4707=DIRECTION('',(0.,1.,0.));
#4708=DIRECTION('',(0.,0.,1.));
#4709=DIRECTION('',(0.,1.,0.));
#4710=DIRECTION('',(0.,0.,1.));
#4711=DIRECTION('',(0.,1.,0.));
#4712=DIRECTION('',(0.,0.,1.));
#4713=DIRECTION('',(0.,1.,0.));
#4714=DIRECTION('',(0.,0.,1.));
#4715=DIRECTION('',(0.,1.,0.));
#4716=DIRECTION('',(0.,0.,1.));
#4717=DIRECTION('',(0.,1.,0.));
#4718=DIRECTION('',(0.,0.,1.));
#4719=DIRECTION('',(0.,1.,0.));
#4720=DIRECTION('',(0.,0.,1.));
#4721=DIRECTION('',(0.,1.,0.));
#4722=DIRECTION('',(0.,0.,1.));
#4723=DIRECTION('',(0.,1.,0.));
#4724=DIRECTION('',(0.,0.,1.));
#4725=DIRECTION('',(0.,1.,0.));
#4726=DIRECTION('',(0.,0.,1.));
#4727=DIRECTION('',(0.,1.,0.));
#4728=DIRECTION('',(0.,0.,1.));
#4729=DIRECTION('',(0.,1.,0.));
#4730=DIRECTION('',(0.,0.,1.));
#4731=DIRECTION('',(0.,1.,0.));
#4732=DIRECTION('',(0.,0.,1.));
#4733=DIRECTION('',(0.,1.,0.));
#4734=DIRECTION('',(0.,0.,1.));
#4735=DIRECTION('',(0.,1.,0.));
#4736=DIRECTION('',(0.,0.,1.));
#4737=DIRECTION('',(0.,1.,0.));
#4738=DIRECTION('',(0.,0.,1.));
#4739=DIRECTION('',(0.,1.,0.));
#4740=DIRECTION('',(0.,0.,1.));
#4741=DIRECTION('',(0.,1.,0.));
#4742=DIRECTION('',(0.,0.,1.));
#4743=DIRECTION('',(0.,1.,0.));
#4744=DIRECTION('',(0.,0.,1.));
#4745=DIRECTION('',(0.,1.,0.));
#4746=DIRECTION('',(0.,0.,1.));
#4747=DIRECTION('',(0.,1.,0.));
#4748=DIRECTION('',(0.,0.,1.));
#4749=DIRECTION('',(0.,1.,0.));
#4750=DIRECTION('',(0.,0.,1.));
#4751=DIRECTION('',(0.,1.,0.));
#4752=DIRECTION('',(0.,0.,1.));
#4753=DIRECTION('',(0.,1.,0.));
#4754=DIRECTION('',(0.,0.,1.));
#4755=DIRECTION('',(0.,1.,0.));
#4756=DIRECTION('',(0.,0.,1.));
#4757=DIRECTION('',(0.,1.,0.));
#4758=DIRECTION('',(0.,0.,1.));
#4759=DIRECTION('',(0.,1.,0.));
#4760=DIRECTION('',(0.,0.,1.));
#4761=DIRECTION('',(0.,1.,0.));
#4762=DIRECTION('',(0.,0.,1.));
#4763=DIRECTION('',(0.,1.,0.));
#4764=DIRECTION('',(0.,0.,1.));
#4765=DIRECTION('',(0.,1.,0.));
#4766=DIRECTION('',(0.,0.,1.));
#4767=DIRECTION('',(0.,1.,0.));
#4768=DIRECTION('',(0.,0.,1.));
#4769=DIRECTION('',(0.,1.,0.));
#4770=DIRECTION('',(0.,0.,1.));
#4771=DIRECTION('',(0.,1.,0.));
#4772=DIRECTION('',(0.,0.,1.));
#4773=DIRECTION('',(0.,1.,0.));
#4774=DIRECTION('',(0.,0.,1.));
#4775=DIRECTION('',(0.,1.,0.));
#4776=DIRECTION('',(0.,0.,1.));
#4777=DIRECTION('',(0.,1.,0.));
#4778=DIRECTION('',(0.,0.,1.));
#4779=DIRECTION('',(0.,1.,0.));
#4780=DIRECTION('',(0.,0.,1.));
#4781=DIRECTION('',(0.,1.,0.));
#4782=DIRECTION('',(0.,0.,1.));
#4783=DIRECTION('',(0.,1.,0.));
#4784=DIRECTION('',(0.,0.,1.));
#4785=DIRECTION('',(0.,1.,0.));
#4786=DIRECTION('',(0.,0.,1.));
#4787=DIRECTION('',(0.,1.,0.));
#4788=DIRECTION('',(0.,0.,1.));
#4789=DIRECTION('',(0.,1.,0.));
#4790=DIRECTION('',(0.,0.,1.));
#4791=DIRECTION('',(0.,1.,0.));
#4792=DIRECTION('',(0.,0.,1.));
#4793=DIRECTION('',(0.,1.,0.));
#4794=DIRECTION('',(0.,0.,1.));
#4795=DIRECTION('',(0.,1.,0.));
#4796=DIRECTION('',(0.,0.,1.));
#4797=DIRECTION('',(0.,1.,0.));
#4798=DIRECTION('',(0.,0.,1.));
#4799=DIRECTION('',(0.,1.,0.));
#4800=DIRECTION('',(0.,0.,1.));
#4801=DIRECTION('',(0.,1.,0.));
#4802=DIRECTION('',(0.,0.,1.));
#4803=DIRECTION('',(0.,1.,0.));
#4804=DIRECTION('',(0.,0.,1.));
#4805=DIRECTION('',(0.,1.,0.));
#4806=DIRECTION('',(0.,0.,1.));
#4807=DIRECTION('',(0.,1.,0.));
#4808=DIRECTION('',(0.,0.,1.));
#4809=DIRECTION('',(0.,1.,0.));
#4810=DIRECTION('',(0.,0.,1.));
#4811=DIRECTION('',(0.,1.,0.));
#4812=DIRECTION('',(0.,0.,1.));
#4813=DIRECTION('',(0.,1.,0.));
#4814=DIRECTION('',(0.,0.,1.));
#4815=DIRECTION('',(0.,1.,0.));
#4816=DIRECTION('',(0.,0.,1.));
#4817=DIRECTION('',(0.,1.,0.));
#4818=DIRECTION('',(0.,0.,1.));
#4819=DIRECTION('',(0.,1.,0.));
#4820=DIRECTION('',(0.,0.,1.));
#4821=DIRECTION('',(0.,1.,0.));
#4822=DIRECTION('',(0.,0.,1.));
#4823=DIRECTION('',(0.,1.,0.));
#4824=DIRECTION('',(0.,0.,1.));
#4825=DIRECTION('',(0.,1.,0.));
#4826=DIRECTION('',(0.,0.,1.));
#4827=DIRECTION('',(0.,1.,0.));
#4828=DIRECTION('',(0.,0.,1.));
#4829=DIRECTION('',(0.,1.,0.));
#4830=DIRECTION('',(0.,0.,1.));
#4831=DIRECTION('',(0.,1.,0.));
#4832=DIRECTION('',(0.,0.,1.));
#4833=DIRECTION('',(0.,1.,0.));
#4834=DIRECTION('',(0.,0.,1.));
#4835=DIRECTION('',(0.,1.,0.));
#4836=DIRECTION('',(0.,0.,1.));
#4837=DIRECTION('',(0.,1.,0.));
#4838=DIRECTION('',(0.,0.,1.));
#4839=DIRECTION('',(0.,1.,0.));
#4840=DIRECTION('',(0.,0.,1.));
#4841=DIRECTION('',(0.,1.,0.));
#4842=DIRECTION('',(0.,0.,1.));
#4843=DIRECTION('',(0.,1.,0.));
#4844=DIRECTION('',(0.,0.,1.));
#4845=DIRECTION('',(0.,1.,0.));
#4846=DIRECTION('',(0.,0.,1.));
#4847=DIRECTION('',(0.,1.,0.));
#4848=DIRECTION('',(0.,0.,1.));
#4849=DIRECTION('',(0.,1.,0.));
#4850=DIRECTION('',(0.,0.,1.));
#4851=DIRECTION('',(0.,1.,0.));
#4852=DIRECTION('',(0.,0.,1.));
#4853=DIRECTION('',(0.,1.,0.));
#4854=DIRECTION('',(0.,0.,1.));
#4855=DIRECTION('',(0.,1.,0.));
#4856=DIRECTION('',(0.,0.,1.));
#4857=DIRECTION('',(0.,1.,0.));
#4858=DIRECTION('',(0.,0.,1.));
#4859=DIRECTION('',(0.,1.,0.));
#4860=DIRECTION('',(0.,0.,1.));
#4861=DIRECTION('',(0.,1.,0.));
#4862=DIRECTION('',(0.,0.,1.));
#4863=DIRECTION('',(0.,1.,0.));
#4864=DIRECTION('',(0.,0.,1.));
#4865=DIRECTION('',(0.,1.,0.));
#4866=DIRECTION('',(0.,0.,1.));
#4867=DIRECTION('',(0.,1.,0.));
#4868=DIRECTION('',(0.,0.,1.));
#4869=DIRECTION('',(0.,1.,0.));
#4870=DIRECTION('',(0.,0.,1.));
#4871=DIRECTION('',(0.,1.,0.));
#4872=DIRECTION('',(0.,0.,1.));
#4873=DIRECTION('',(0.,1.,0.));
#4874=DIRECTION('',(0.,0.,1.));
#4875=DIRECTION('',(0.,1.,0.));
#4876=DIRECTION('',(0.,0.,1.));
#4877=DIRECTION('',(0.,1.,0.));
#4878=DIRECTION('',(0.,0.,1.));
#4879=DIRECTION('',(0.,1.,0.));
#4880=DIRECTION('',(0.,0.,1.));
#4881=DIRECTION('',(0.,1.,0.));
#4882=DIRECTION('',(0.,0.,1.));
#4883=DIRECTION('',(0.,1.,0.));
#4884=DIRECTION('',(0.,0.,1.));
#4885=DIRECTION('',(0.,1.,0.));
#4886=DIRECTION('',(0.,0.,1.));
#4887=DIRECTION('',(0.,1.,0.));
#4888=DIRECTION('',(0.,0.,1.));
#4889=DIRECTION('',(0.,1.,0.));
#4890=DIRECTION('',(0.,0.,1.));
#4891=DIRECTION('',(0.,1.,0.));
#4892=DIRECTION('',(0.,0.,1.));
#4893=DIRECTION('',(0.,1.,0.));
#4894=DIRECTION('',(0.,0.,1.));
#4895=DIRECTION('',(0.,1.,0.));
#4896=DIRECTION('',(0.,0.,1.));
#4897=DIRECTION('',(0.,1.,0.));
#4898=DIRECTION('',(0.,0.,1.));
#4899=DIRECTION('',(0.,1.,0.));
#4900=DIRECTION('',(0.,0.,1.));
#4901=DIRECTION('',(0.,1.,0.));
#4902=DIRECTION('',(0.,0.,1.));
#4903=DIRECTION('',(0.,1.,0.));
#4904=DIRECTION('',(0.,0.,1.));
#4905=DIRECTION('',(0.,1.,0.));
#4906=DIRECTION('',(0.,0.,1.));
#4907=DIRECTION('',(0.,1.,0.));
#4908=DIRECTION('',(0.,0.,1.));
#4909=DIRECTION('',(0.,1.,0.));
#4910=DIRECTION('',(0.,0.,1.));
#4911=DIRECTION('',(0.,1.,0.));
#4912=DIRECTION('',(0.,0.,1.));
#4913=DIRECTION('',(0.,1.,0.));
#4914=DIRECTION('',(0.,0.,1.));
#4915=DIRECTION('',(0.,1.,0.));
#4916=DIRECTION('',(0.,0.,1.));
#4917=DIRECTION('',(0.,1.,0.));
#4918=DIRECTION('',(0.,0.,1.));
#4919=DIRECTION('',(0.,1.,0.));
#4920=DIRECTION('',(0.,0.,1.));
#4921=DIRECTION('',(0.,1.,0.));
#4922=DIRECTION('',(0.,0.,1.));
#4923=DIRECTION('',(0.,1.,0.));
#4924=DIRECTION('',(0.,0.,1.));
#4925=DIRECTION('',(0.,1.,0.));
#4926=DIRECTION('',(0.,0.,1.));
#4927=DIRECTION('',(0.,1.,0.));
#4928=DIRECTION('',(0.,0.,1.));
#4929=DIRECTION('',(0.,1.,0.));
#4930=DIRECTION('',(0.,0.,1.));
#4931=DIRECTION('',(0.,1.,0.));
#4932=DIRECTION('',(0.,0.,1.));
#4933=DIRECTION('',(0.,1.,0.));
#4934=DIRECTION('',(0.,0.,1.));
#4935=DIRECTION('',(0.,1.,0.));
#4936=DIRECTION('',(0.,0.,1.));
#4937=DIRECTION('',(0.,1.,0.));
#4938=DIRECTION('',(0.,0.,1.));
#4939=DIRECTION('',(0.,1.,0.));
#4940=DIRECTION('',(0.,0.,1.));
#4941=DIRECTION('',(0.,1.,0.));
#4942=DIRECTION('',(0.,0.,1.));
#4943=DIRECTION('',(0.,1.,0.));
#4944=DIRECTION('',(0.,0.,1.));
#4945=DIRECTION('',(0.,1.,0.));
#4946=DIRECTION('',(0.,0.,1.));
#4947=DIRECTION('',(0.,1.,0.));
#4948=DIRECTION('',(0.,0.,1.));
#4949=DIRECTION('',(0.,1.,0.));
#4950=DIRECTION('',(0.,0.,1.));
#4951=DIRECTION('',(0.,1.,0.));
#4952=DIRECTION('',(0.,0.,1.));
#4953=DIRECTION('',(0.,1.,0.));
#4954=DIRECTION('',(0.,0.,1.));
#4955=DIRECTION('',(0.,1.,0.));
#4956=DIRECTION('',(0.,0.,1.));
#4957=DIRECTION('',(0.,1.,0.));
#4958=DIRECTION('',(0.,0.,1.));
#4959=DIRECTION('',(0.,1.,0.));
#4960=DIRECTION('',(0.,0.,1.));
#4961=DIRECTION('',(0.,1.,0.));
#4962=DIRECTION('',(0.,0.,1.));
#4963=DIRECTION('',(0.,1.,0.));
#4964=DIRECTION('',(0.,0.,1.));
#4965=DIRECTION('',(0.,1.,0.));
#4966=DIRECTION('',(0.,0.,1.));
#4967=DIRECTION('',(0.,1.,0.));
#4968=DIRECTION('',(0.,0.,1.));
#4969=DIRECTION('',(0.,1.,0.));
#4970=DIRECTION('',(0.,0.,1.));
#4971=DIRECTION('',(0.,1.,0.));
#4972=DIRECTION('',(0.,0.,1.));
#4973=DIRECTION('',(0.,1.,0.));
#4974=DIRECTION('',(0.,0.,1.));
#4975=DIRECTION('',(0.,1.,0.));
#4976=DIRECTION('',(0.,0.,1.));
#4977=DIRECTION('',(0.,1.,0.));
#4978=DIRECTION('',(0.,0.,1.));
#4979=DIRECTION('',(0.,1.,0.));
#4980=DIRECTION('',(0.,0.,1.));
#4981=DIRECTION('',(0.,1.,0.));
#4982=DIRECTION('',(0.,0.,1.));
#4983=DIRECTION('',(0.,1.,0.));
#4984=DIRECTION('',(0.,0.,1.));
#4985=DIRECTION('',(0.,1.,0.));
#4986=DIRECTION('',(0.,0.,1.));
#4987=DIRECTION('',(0.,1.,0.));
#4988=DIRECTION('',(0.,0.,1.));
#4989=DIRECTION('',(0.,1.,0.));
#4990=DIRECTION('',(0.,0.,1.));
#4991=DIRECTION('',(0.,1.,0.));
#4992=DIRECTION('',(0.,0.,1.));
#4993=DIRECTION('',(0.,1.,0.));
#4994=DIRECTION('',(0.,0.,1.));
#4995=DIRECTION('',(0.,1.,0.));
#4996=DIRECTION('',(0.,0.,1.));
#4997=DIRECTION('',(0.,1.,0.));
#4998=DIRECTION('',(0.,0.,1.));
#4999=DIRECTION('',(0.,1.,0.));
#5000=DIRECTION('',(0.,0.,1.));
#5001=DIRECTION('',(0.,1.,0.));
#5002=DIRECTION('',(0.,0.,1.));
#5003=DIRECTION('',(0.,1.,0.));
#5004=DIRECTION('',(0.,0.,1.));
#5005=DIRECTION('',(0.,1.,0.));
#5006=DIRECTION('',(0.,0.,1.));
#5007=DIRECTION('',(0.,1.,0.));
#5008=DIRECTION('',(0.,0.,1.));
#5009=DIRECTION('',(0.,1.,0.));
#5010=DIRECTION('',(0.,0.,1.));
#5011=DIRECTION('',(0.,1.,0.));
#5012=DIRECTION('',(0.,0.,1.));
#5013=DIRECTION('',(0.,1.,0.));
#5014=DIRECTION('',(0.,0.,1.));
#5015=DIRECTION('',(0.,1.,0.));
#5016=DIRECTION('',(0.,0.,1.));
#5017=DIRECTION('',(0.,1.,0.));
#5018=DIRECTION('',(0.,0.,1.));
#5019=DIRECTION('',(0.,1.,0.));
#5020=DIRECTION('',(0.,0.,1.));
#5021=DIRECTION('',(0.,1.,0.));
#5022=DIRECTION('',(0.,0.,1.));
#5023=DIRECTION('',(0.,1.,0.));
#5024=DIRECTION('',(0.,0.,1.));
#5025=DIRECTION('',(0.,1.,0.));
#5026=DIRECTION('',(0.,0.,1.));
#5027=DIRECTION('',(0.,1.,0.));
#5028=DIRECTION('',(0.,0.,1.));
#5029=DIRECTION('',(0.,1.,0.));
#5030=DIRECTION('',(0.,0.,1.));
#5031=DIRECTION('',(0.,1.,0.));
#5032=DIRECTION('',(0.,0.,1.));
#5033=DIRECTION('',(0.,1.,0.));
#5034=DIRECTION('',(0.,0.,1.));
#5035=DIRECTION('',(0.,1.,0.));
#5036=DIRECTION('',(0.,0.,1.));
#5037=DIRECTION('',(0.,1.,0.));
#5038=DIRECTION('',(0.,0.,1.));
#5039=DIRECTION('',(0.,1.,0.));
#5040=DIRECTION('',(0.,0.,1.));
#5041=DIRECTION('',(0.,1.,0.));
#5042=DIRECTION('',(0.,0.,1.));
#5043=DIRECTION('',(0.,1.,0.));
#5044=DIRECTION('',(0.,0.,1.));
#5045=DIRECTION('',(0.,1.,0.));
#5046=DIRECTION('',(0.,0.,1.));
#5047=DIRECTION('',(0.,1.,0.));
#5048=DIRECTION('',(0.,0.,1.));
#5049=DIRECTION('',(0.,1.,0.));
#5050=DIRECTION('',(0.,0.,1.));
#5051=DIRECTION('',(0.,1.,0.));
#5052=DIRECTION('',(0.,0.,1.));
#5053=DIRECTION('',(0.,1.,0.));
#5054=DIRECTION('',(0.,0.,1.));
#5055=DIRECTION('',(0.,1.,0.));
#5056=DIRECTION('',(0.,0.,1.));
#5057=DIRECTION('',(0.,1.,0.));
#5058=DIRECTION('',(0.,0.,1.));
#5059=DIRECTION('',(0.,1.,0.));
#5060=DIRECTION('',(0.,0.,1.));
#5061=DIRECTION('',(0.,1.,0.));
#5062=DIRECTION('',(0.,0.,1.));
#5063=DIRECTION('',(0.,1.,0.));
#5064=DIRECTION('',(0.,0.,1.));
#5065=DIRECTION('',(0.,1.,0.));
#5066=DIRECTION('',(0.,0.,1.));
#5067=DIRECTION('',(0.,1.,0.));
#5068=DIRECTION('',(0.,0.,1.));
#5069=DIRECTION('',(0.,1.,0.));
#5070=DIRECTION('',(0.,0.,1.));
#5071=DIRECTION('',(0.,1.,0.));
#5072=DIRECTION('',(0.,0.,1.));
#5073=DIRECTION('',(0.,1.,0.));
#5074=DIRECTION('',(0.,0.,1.));
#5075=DIRECTION('',(0.,1.,0.));
#5076=DIRECTION('',(0.,0.,1.));
#5077=DIRECTION('',(0.,1.,0.));
#5078=DIRECTION('',(0.,0.,1.));
#5079=DIRECTION('',(0.,1.,0.));
#5080=DIRECTION('',(0.,0.,1.));
#5081=DIRECTION('',(0.,1.,0.));
#5082=DIRECTION('',(0.,0.,1.));
#5083=DIRECTION('',(0.,1.,0.));
#5084=DIRECTION('',(0.,0.,1.));
#5085=DIRECTION('',(0.,1.,0.));
#5086=DIRECTION('',(0.,0.,1.));
#5087=DIRECTION('',(0.,1.,0.));
#5088=DIRECTION('',(0.,0.,1.));
#5089=DIRECTION('',(0.,1.,0.));
#5090=DIRECTION('',(0.,0.,1.));
#5091=DIRECTION('',(0.,1.,0.));
#5092=DIRECTION('',(0.,0.,1.));
#5093=DIRECTION('',(0.,1.,0.));
#5094=DIRECTION('',(0.,0.,1.));
#5095=DIRECTION('',(0.,1.,0.));
#5096=DIRECTION('',(0.,0.,1.));
#5097=DIRECTION('',(0.,1.,0.));
#5098=DIRECTION('',(0.,0.,1.));
#5099=DIRECTION('',(0.,1.,0.));
#5100=DIRECTION('',(0.,0.,1.));
#5101=DIRECTION('',(0.,1.,0.));
#5102=DIRECTION('',(0.,0.,1.));
#5103=DIRECTION('',(0.,1.,0.));
#5104=DIRECTION('',(0.,0.,1.));
#5105=DIRECTION('',(0.,1.,0.));
#5106=DIRECTION('',(0.,0.,1.));
#5107=DIRECTION('',(0.,1.,0.));
#5108=DIRECTION('',(0.,0.,1.));
#5109=DIRECTION('',(0.,1.,0.));
#5110=DIRECTION('',(0.,0.,1.));
#5111=DIRECTION('',(0.,1.,0.));
#5112=DIRECTION('',(0.,0.,1.));
#5113=DIRECTION('',(0.,1.,0.));
#5114=DIRECTION('',(0.,0.,1.));
#5115=DIRECTION('',(0.,1.,0.));
#5116=DIRECTION('',(0.,0.,1.));
#5117=DIRECTION('',(0.,1.,0.));
#5118=DIRECTION('',(0.,0.,1.));
#5119=DIRECTION('',(0.,1.,0.));
#5120=DIRECTION('',(0.,0.,1.));
#5121=DIRECTION('',(0.,1.,0.));
#5122=DIRECTION('',(0.,0.,1.));
#5123=DIRECTION('',(0.,1.,0.));
#5124=DIRECTION('',(0.,0.,1.));
#5125=DIRECTION('',(0.,1.,0.));
#5126=DIRECTION('',(0.,0.,1.));
#5127=DIRECTION('',(0.,1.,0.));
#5128=DIRECTION('',(0.,0.,1.));
#5129=DIRECTION('',(0.,1.,0.));
#5130=DIRECTION('',(0.,0.,1.));
#5131=DIRECTION('',(0.,1.,0.));
#5132=DIRECTION('',(0.,0.,1.));
#5133=DIRECTION('',(0.,1.,0.));
#5134=DIRECTION('',(0.,0.,1.));
#5135=DIRECTION('',(0.,1.,0.));
#5136=DIRECTION('',(0.,0.,1.));
#5137=DIRECTION('',(0.,1.,0.));
#5138=DIRECTION('',(0.,0.,1.));
#5139=DIRECTION('',(0.,1.,0.));
#5140=DIRECTION('',(0.,0.,1.));
#5141=DIRECTION('',(0.,1.,0.));
#5142=DIRECTION('',(0.,0.,1.));
#5143=DIRECTION('',(0.,1.,0.));
#5144=DIRECTION('',(0.,0.,1.));
#5145=DIRECTION('',(0.,1.,0.));
#5146=DIRECTION('',(0.,0.,1.));
#5147=DIRECTION('',(0.,1.,0.));
#5148=DIRECTION('',(0.,0.,1.));
#5149=DIRECTION('',(0.,1.,0.));
#5150=DIRECTION('',(0.,0.,1.));
#5151=DIRECTION('',(0.,1.,0.));
#5152=DIRECTION('',(0.,0.,1.));
#5153=DIRECTION('',(0.,1.,0.));
#5154=DIRECTION('',(0.,0.,1.));
#5155=DIRECTION('',(0.,1.,0.));
#5156=DIRECTION('',(0.,0.,1.));
#5157=DIRECTION('',(0.,1.,0.));
#5158=DIRECTION('',(0.,0.,1.));
#5159=DIRECTION('',(0.,1.,0.));
#5160=DIRECTION('',(0.,0.,1.));
#5161=DIRECTION('',(0.,1.,0.));
#5162=DIRECTION('',(0.,0.,1.));
#5163=DIRECTION('',(0.,1.,0.));
#5164=DIRECTION('',(0.,0.,1.));
#5165=DIRECTION('',(0.,1.,0.));
#5166=DIRECTION('',(0.,0.,1.));
#5167=DIRECTION('',(0.,1.,0.));
#5168=DIRECTION('',(0.,0.,1.));
#5169=DIRECTION('',(0.,1.,0.));
#5170=DIRECTION('',(0.,0.,1.));
#5171=DIRECTION('',(0.,1.,0.));
#5172=DIRECTION('',(0.,0.,1.));
#5173=DIRECTION('',(0.,1.,0.));
#5174=DIRECTION('',(0.,0.,1.));
#5175=DIRECTION('',(0.,1.,0.));
#5176=DIRECTION('',(0.,0.,1.));
#5177=DIRECTION('',(0.,1.,0.));
#5178=DIRECTION('',(0.,0.,1.));
#5179=DIRECTION('',(0.,1.,0.));
#5180=DIRECTION('',(0.,0.,1.));
#5181=DIRECTION('',(0.,1.,0.));
#5182=DIRECTION('',(0.,0.,1.));
#5183=DIRECTION('',(0.,1.,0.));
#5184=DIRECTION('',(0.,0.,1.));
#5185=DIRECTION('',(0.,1.,0.));
#5186=DIRECTION('',(0.,0.,1.));
#5187=DIRECTION('',(0.,1.,0.));
#5188=DIRECTION('',(0.,0.,1.));
#5189=DIRECTION('',(0.,1.,0.));
#5190=DIRECTION('',(0.,0.,1.));
#5191=DIRECTION('',(0.,1.,0.));
#5192=DIRECTION('',(0.,0.,1.));
#5193=DIRECTION('',(0.,1.,0.));
#5194=DIRECTION('',(0.,0.,1.));
#5195=DIRECTION('',(0.,1.,0.));
#5196=DIRECTION('',(0.,0.,1.));
#5197=DIRECTION('',(0.,1.,0.));
#5198=DIRECTION('',(0.,0.,1.));
#5199=DIRECTION('',(0.,1.,0.));
#5200=DIRECTION('',(0.,0.,1.));
#5201=DIRECTION('',(0.,1.,0.));
#5202=DIRECTION('',(0.,0.,1.));
#5203=DIRECTION('',(0.,1.,0.));
#5204=DIRECTION('',(0.,0.,1.));
#5205=DIRECTION('',(0.,1.,0.));
#5206=DIRECTION('',(0.,0.,1.));
#5207=DIRECTION('',(0.,1.,0.));
#5208=DIRECTION('',(0.,0.,1.));
#5209=DIRECTION('',(0.,1.,0.));
#5210=DIRECTION('',(0.,0.,1.));
#5211=DIRECTION('',(0.,1.,0.));
#5212=DIRECTION('',(0.,0.,1.));
#5213=DIRECTION('',(0.,1.,0.));
#5214=DIRECTION('',(0.,0.,1.));
#5215=DIRECTION('',(0.,1.,0.));
#5216=DIRECTION('',(0.,0.,1.));
#5217=DIRECTION('',(0.,1.,0.));
#5218=DIRECTION('',(0.,0.,1.));
#5219=DIRECTION('',(0.,1.,0.));
#5220=DIRECTION('',(0.,0.,1.));
#5221=DIRECTION('',(0.,1.,0.));
#5222=DIRECTION('',(0.,0.,1.));
#5223=DIRECTION('',(0.,1.,0.));
#5224=DIRECTION('',(0.,0.,1.));
#5225=DIRECTION('',(0.,1.,0.));
#5226=DIRECTION('',(0.,0.,1.));
#5227=DIRECTION('',(0.,1.,0.));
#5228=DIRECTION('',(0.,0.,1.));
#5229=DIRECTION('',(0.,1.,0.));
#5230=DIRECTION('',(0.,0.,1.));
#5231=DIRECTION('',(0.,1.,0.));
#5232=DIRECTION('',(0.,0.,1.));
#5233=DIRECTION('',(0.,1.,0.));
#5234=DIRECTION('',(0.,0.,1.));
#5235=DIRECTION('',(0.,1.,0.));
#5236=DIRECTION('',(0.,0.,1.));
#5237=DIRECTION('',(0.,1.,0.));
#5238=DIRECTION('',(0.,0.,1.));
#5239=DIRECTION('',(0.,1.,0.));
#5240=DIRECTION('',(0.,0.,1.));
#5241=DIRECTION('',(0.,1.,0.));
#5242=DIRECTION('',(0.,0.,1.));
#5243=DIRECTION('',(0.,1.,0.));
#5244=DIRECTION('',(0.,0.,1.));
#5245=DIRECTION('',(0.,1.,0.));
#5246=DIRECTION('',(0.,0.,1.));
#5247=DIRECTION('',(0.,1.,0.));
#5248=DIRECTION('',(0.,0.,1.));
#5249=DIRECTION('',(0.,1.,0.));
#5250=DIRECTION('',(0.,0.,1.));
#5251=DIRECTION('',(0.,1.,0.));
#5252=DIRECTION('',(0.,0.,1.));
#5253=DIRECTION('',(0.,1.,0.));
#5254=DIRECTION('',(0.,0.,1.));
#5255=DIRECTION('',(0.,1.,0.));
#5256=DIRECTION('',(0.,0.,1.));
#5257=DIRECTION('',(0.,1.,0.));
#5258=DIRECTION('',(0.,0.,1.));
#5259=DIRECTION('',(0.,1.,0.));
#5260=DIRECTION('',(0.,0.,1.));
#5261=DIRECTION('',(0.,1.,0.));
#5262=DIRECTION('',(0.,0.,1.));
#5263=DIRECTION('',(0.,1.,0.));
#5264=DIRECTION('',(0.,0.,1.));
#5265=DIRECTION('',(0.,1.,0.));
#5266=DIRECTION('',(0.,0.,1.));
#5267=DIRECTION('',(0.,1.,0.));
#5268=DIRECTION('',(0.,0.,1.));
#5269=DIRECTION('',(0.,1.,0.));
#5270=DIRECTION('',(0.,0.,1.));
#5271=DIRECTION('',(0.,1.,0.));
#5272=DIRECTION('',(0.,0.,1.));
#5273=DIRECTION('',(0.,1.,0.));
#5274=DIRECTION('',(0.,0.,1.));
#5275=DIRECTION('',(0.,1.,0.));
#5276=DIRECTION('',(0.,0.,1.));
#5277=DIRECTION('',(0.,1.,0.));
#5278=DIRECTION('',(0.,0.,1.));
#5279=DIRECTION('',(0.,1.,0.));
#5280=DIRECTION('',(0.,0.,1.));
#5281=DIRECTION('',(0.,1.,0.));
#5282=DIRECTION('',(0.,0.,1.));
#5283=DIRECTION('',(0.,1.,0.));
#5284=DIRECTION('',(0.,0.,1.));
#5285=DIRECTION('',(0.,1.,0.));
#5286=DIRECTION('',(0.,0.,1.));
#5287=DIRECTION('',(0.,1.,0.));
#5288=DIRECTION('',(0.,0.,1.));
#5289=DIRECTION('',(0.,1.,0.));
#5290=DIRECTION('',(0.,0.,1.));
#5291=DIRECTION('',(0.,1.,0.));
#5292=DIRECTION('',(0.,0.,1.));
#5293=DIRECTION('',(0.,1.,0.));
#5294=DIRECTION('',(0.,0.,1.));
#5295=DIRECTION('',(0.,1.,0.));
#5296=DIRECTION('',(0.,0.,1.));
#5297=DIRECTION('',(0.,1.,0.));
#5298=DIRECTION('',(0.,0.,1.));
#5299=DIRECTION('',(0.,1.,0.));
#5300=DIRECTION('',(0.,0.,1.));
#5301=DIRECTION('',(0.,1.,0.));
#5302=DIRECTION('',(0.,0.,1.));
#5303=DIRECTION('',(0.,1.,0.));
#5304=DIRECTION('',(0.,0.,1.));
#5305=DIRECTION('',(0.,1.,0.));
#5306=DIRECTION('',(0.,0.,1.));
#5307=DIRECTION('',(0.,1.,0.));
#5308=DIRECTION('',(0.,0.,1.));
#5309=DIRECTION('',(0.,1.,0.));
#5310=DIRECTION('',(0.,0.,1.));
#5311=DIRECTION('',(0.,1.,0.));
#5312=DIRECTION('',(0.,0.,1.));
#5313=DIRECTION('',(0.,1.,0.));
#5314=DIRECTION('',(0.,0.,1.));
#5315=DIRECTION('',(0.,1.,0.));
#5316=DIRECTION('',(0.,0.,1.));
#5317=DIRECTION('',(0.,1.,0.));
#5318=DIRECTION('',(0.,0.,1.));
#5319=DIRECTION('',(0.,1.,0.));
#5320=DIRECTION('',(0.,0.,1.));
#5321=DIRECTION('',(0.,1.,0.));
#5322=DIRECTION('',(0.,0.,1.));
#5323=DIRECTION('',(0.,1.,0.));
#5324=DIRECTION('',(0.,0.,1.));
#5325=DIRECTION('',(0.,1.,0.));
#5326=DIRECTION('',(0.,0.,1.));
#5327=DIRECTION('',(0.,1.,0.));
#5328=DIRECTION('',(0.,0.,1.));
#5329=DIRECTION('',(0.,1.,0.));
#5330=DIRECTION('',(0.,0.,1.));
#5331=DIRECTION('',(0.,1.,0.));
#5332=DIRECTION('',(0.,0.,1.));
#5333=DIRECTION('',(0.,1.,0.));
#5334=DIRECTION('',(0.,0.,1.));
#5335=DIRECTION('',(0.,1.,0.));
#5336=DIRECTION('',(0.,0.,1.));
#5337=DIRECTION('',(0.,1.,0.));
#5338=DIRECTION('',(0.,0.,1.));
#5339=DIRECTION('',(0.,1.,0.));
#5340=DIRECTION('',(0.,0.,1.));
#5341=DIRECTION('',(0.,1.,0.));
#5342=DIRECTION('',(0.,0.,1.));
#5343=DIRECTION('',(0.,1.,0.));
#5344=DIRECTION('',(0.,0.,1.));
#5345=DIRECTION('',(0.,1.,0.));
#5346=DIRECTION('',(0.,0.,1.));
#5347=DIRECTION('',(0.,1.,0.));
#5348=DIRECTION('',(0.,0.,1.));
#5349=DIRECTION('',(0.,1.,0.));
#5350=DIRECTION('',(0.,0.,1.));
#5351=DIRECTION('',(0.,1.,0.));
#5352=DIRECTION('',(0.,0.,1.));
#5353=DIRECTION('',(0.,1.,0.));
#5354=DIRECTION('',(0.,0.,1.));
#5355=DIRECTION('',(0.,1.,0.));
#5356=DIRECTION('',(0.,0.,1.));
#5357=DIRECTION('',(0.,1.,0.));
#5358=DIRECTION('',(0.,0.,1.));
#5359=DIRECTION('',(0.,1.,0.));
#5360=DIRECTION('',(0.,0.,1.));
#5361=DIRECTION('',(0.,1.,0.));
#5362=DIRECTION('',(0.,0.,1.));
#5363=DIRECTION('',(0.,1.,0.));
#5364=DIRECTION('',(0.,0.,1.));
#5365=DIRECTION('',(0.,1.,0.));
#5366=DIRECTION('',(0.,0.,1.));
#5367=DIRECTION('',(0.,1.,0.));
#5368=DIRECTION('',(0.,0.,1.));
#5369=DIRECTION('',(0.,1.,0.));
#5370=DIRECTION('',(0.,0.,1.));
#5371=DIRECTION('',(0.,1.,0.));
#5372=DIRECTION('',(0.,0.,1.));
#5373=DIRECTION('',(0.,1.,0.));
#5374=DIRECTION('',(0.,0.,1.));
#5375=DIRECTION('',(0.,1.,0.));
#5376=DIRECTION('',(0.,0.,1.));
#5377=DIRECTION('',(0.,1.,0.));
#5378=DIRECTION('',(0.,0.,1.));
#5379=DIRECTION('',(0.,1.,0.));
#5380=DIRECTION('',(0.,0.,1.));
#5381=DIRECTION('',(0.,1.,0.));
#5382=DIRECTION('',(0.,0.,1.));
#5383=DIRECTION('',(0.,1.,0.));
#5384=DIRECTION('',(0.,0.,1.));
#5385=DIRECTION('',(0.,1.,0.));
#5386=DIRECTION('',(0.,0.,1.));
#5387=DIRECTION('',(0.,1.,0.));
#5388=DIRECTION('',(0.,0.,1.));
#5389=DIRECTION('',(0.,1.,0.));
#5390=DIRECTION('',(0.,0.,1.));
#5391=DIRECTION('',(0.,1.,0.));
#5392=DIRECTION('',(0.,0.,1.));
#5393=DIRECTION('',(0.,1.,0.));
#5394=DIRECTION('',(0.,0.,1.));
#5395=DIRECTION('',(0.,1.,0.));
#5396=DIRECTION('',(0.,0.,1.));
#5397=DIRECTION('',(0.,1.,0.));
#5398=DIRECTION('',(0.,0.,1.));
#5399=DIRECTION('',(0.,1.,0.));
#5400=DIRECTION('',(0.,0.,1.));
#5401=DIRECTION('',(0.,1.,0.));
#5402=DIRECTION('',(0.,0.,1.));
#5403=DIRECTION('',(0.,1.,0.));
#5404=DIRECTION('',(0.,0.,1.));
#5405=DIRECTION('',(0.,1.,0.));
#5406=DIRECTION('',(0.,0.,1.));
#5407=DIRECTION('',(0.,1.,0.));
#5408=DIRECTION('',(0.,0.,1.));
#5409=DIRECTION('',(0.,1.,0.));
#5410=DIRECTION('',(0.,0.,1.));
#5411=DIRECTION('',(0.,1.,0.));
#5412=DIRECTION('',(0.,0.,1.));
#5413=DIRECTION('',(0.,1.,0.));
#5414=DIRECTION('',(0.,0.,1.));
#5415=DIRECTION('',(0.,1.,0.));
#5416=DIRECTION('',(0.,0.,1.));
#5417=DIRECTION('',(0.,1.,0.));
#5418=DIRECTION('',(0.,0.,1.));
#5419=DIRECTION('',(0.,1.,0.));
#5420=DIRECTION('',(0.,0.,1.));
#5421=DIRECTION('',(0.,1.,0.));
#5422=DIRECTION('',(0.,0.,1.));
#5423=DIRECTION('',(0.,1.,0.));
#5424=DIRECTION('',(0.,0.,1.));
#5425=DIRECTION('',(0.,1.,0.));
#5426=DIRECTION('',(0.,0.,1.));
#5427=DIRECTION('',(0.,1.,0.));
#5428=DIRECTION('',(0.,0.,1.));
#5429=DIRECTION('',(0.,1.,0.));
#5430=DIRECTION('',(0.,0.,1.));
#5431=DIRECTION('',(0.,1.,0.));
#5432=DIRECTION('',(0.,0.,1.));
#5433=DIRECTION('',(0.,1.,0.));
#5434=DIRECTION('',(0.,0.,1.));
#5435=DIRECTION('',(0.,1.,0.));
#5436=DIRECTION('',(0.,0.,1.));
#5437=DIRECTION('',(0.,1.,0.));
#5438=DIRECTION('',(0.,0.,1.));
#5439=DIRECTION('',(0.,1.,0.));
#5440=DIRECTION('',(0.,0.,1.));
#5441=DIRECTION('',(0.,1.,0.));
#5442=DIRECTION('',(0.,0.,1.));
#5443=DIRECTION('',(0.,1.,0.));
#5444=DIRECTION('',(0.,0.,1.));
#5445=DIRECTION('',(0.,1.,0.));
#5446=DIRECTION('',(0.,0.,1.));
#5447=DIRECTION('',(0.,1.,0.));
#5448=DIRECTION('',(0.,0.,1.));
#5449=DIRECTION('',(0.,1.,0.));
#5450=DIRECTION('',(0.,0.,1.));
#5451=DIRECTION('',(0.,1.,0.));
#5452=DIRECTION('',(0.,0.,1.));
#5453=DIRECTION('',(0.,1.,0.));
#5454=DIRECTION('',(0.,0.,1.));
#5455=DIRECTION('',(0.,1.,0.));
#5456=DIRECTION('',(0.,0.,1.));
#5457=DIRECTION('',(0.,-1.,0.));
#5458=DIRECTION('',(0.,0.,-1.));
#5459=DIRECTION('',(0.,-1.,0.));
#5460=DIRECTION('',(0.,0.,-1.));
#5461=DIRECTION('',(0.,1.,0.));
#5462=DIRECTION('',(0.,0.,1.));
#5463=DIRECTION('',(0.,1.,0.));
#5464=DIRECTION('',(0.,0.,1.));
#5465=DIRECTION('',(0.,-1.,0.));
#5466=DIRECTION('',(0.,0.,-1.));
#5467=DIRECTION('',(0.,-1.,0.));
#5468=DIRECTION('',(0.,0.,-1.));
#5469=DIRECTION('',(0.,-1.,0.));
#5470=DIRECTION('',(0.,0.,-1.));
#5471=DIRECTION('',(0.,-1.,0.));
#5472=DIRECTION('',(0.,0.,-1.));
#5473=DIRECTION('',(0.,1.,0.));
#5474=DIRECTION('',(0.,0.,1.));
#5475=DIRECTION('',(0.,-1.,0.));
#5476=DIRECTION('',(0.,0.,-1.));
#5477=DIRECTION('',(0.,1.,0.));
#5478=DIRECTION('',(0.,0.,1.));
#5479=DIRECTION('',(0.,-1.,0.));
#5480=DIRECTION('',(0.,0.,-1.));
#5481=DIRECTION('',(0.,1.,0.));
#5482=DIRECTION('',(0.,0.,1.));
#5483=DIRECTION('',(0.,1.,0.));
#5484=DIRECTION('',(0.,0.,1.));
#5485=DIRECTION('',(0.,1.,0.));
#5486=DIRECTION('',(0.,0.,1.));
#5487=DIRECTION('',(0.,1.,0.));
#5488=DIRECTION('',(0.,0.,1.));
#5489=DIRECTION('',(0.,1.,0.));
#5490=DIRECTION('',(0.,0.,1.));
#5491=DIRECTION('',(0.,1.,0.));
#5492=DIRECTION('',(0.,0.,1.));
#5493=DIRECTION('',(0.,1.,0.));
#5494=DIRECTION('',(0.,0.,1.));
#5495=DIRECTION('',(0.,1.,0.));
#5496=DIRECTION('',(0.,0.,1.));
#5497=DIRECTION('',(0.,1.,0.));
#5498=DIRECTION('',(0.,0.,1.));
#5499=DIRECTION('',(0.,1.,0.));
#5500=DIRECTION('',(0.,0.,1.));
#5501=DIRECTION('',(0.,1.,0.));
#5502=DIRECTION('',(0.,0.,1.));
#5503=DIRECTION('',(0.,1.,0.));
#5504=DIRECTION('',(0.,0.,1.));
#5505=DIRECTION('',(0.,1.,0.));
#5506=DIRECTION('',(0.,0.,1.));
#5507=DIRECTION('',(0.,1.,0.));
#5508=DIRECTION('',(0.,0.,1.));
#5509=DIRECTION('',(0.,1.,0.));
#5510=DIRECTION('',(0.,0.,1.));
#5511=DIRECTION('',(0.,1.,0.));
#5512=DIRECTION('',(0.,0.,1.));
#5513=DIRECTION('',(0.,1.,0.));
#5514=DIRECTION('',(0.,0.,1.));
#5515=DIRECTION('',(0.,1.,0.));
#5516=DIRECTION('',(0.,0.,1.));
#5517=DIRECTION('',(0.,1.,0.));
#5518=DIRECTION('',(0.,0.,1.));
#5519=DIRECTION('',(0.,1.,0.));
#5520=DIRECTION('',(0.,0.,1.));
#5521=DIRECTION('',(0.,1.,0.));
#5522=DIRECTION('',(0.,0.,1.));
#5523=DIRECTION('',(0.,1.,0.));
#5524=DIRECTION('',(0.,0.,1.));
#5525=DIRECTION('',(0.,-1.,0.));
#5526=DIRECTION('',(0.,0.,-1.));
#5527=DIRECTION('',(0.,1.,0.));
#5528=DIRECTION('',(0.,0.,1.));
#5529=DIRECTION('',(0.,1.,0.));
#5530=DIRECTION('',(0.,0.,1.));
#5531=DIRECTION('',(0.,1.,0.));
#5532=DIRECTION('',(0.,0.,1.));
#5533=DIRECTION('',(0.,-1.,0.));
#5534=DIRECTION('',(0.,0.,-1.));
#5535=DIRECTION('',(0.,1.,0.));
#5536=DIRECTION('',(0.,0.,1.));
#5537=DIRECTION('',(0.,1.,0.));
#5538=DIRECTION('',(0.,0.,1.));
#5539=DIRECTION('',(0.,1.,0.));
#5540=DIRECTION('',(0.,0.,1.));
#5541=DIRECTION('',(0.,-1.,0.));
#5542=DIRECTION('',(0.,0.,-1.));
#5543=DIRECTION('',(0.,1.,0.));
#5544=DIRECTION('',(0.,0.,1.));
#5545=DIRECTION('',(0.,1.,0.));
#5546=DIRECTION('',(0.,0.,1.));
#5547=DIRECTION('',(0.,-1.,0.));
#5548=DIRECTION('',(0.,0.,-1.));
#5549=DIRECTION('',(0.,-1.,0.));
#5550=DIRECTION('',(0.,0.,-1.));
#5551=DIRECTION('',(0.,1.,0.));
#5552=DIRECTION('',(0.,0.,1.));
#5553=DIRECTION('',(0.,-1.,0.));
#5554=DIRECTION('',(0.,0.,-1.));
#5555=DIRECTION('',(0.,1.,0.));
#5556=DIRECTION('',(0.,0.,1.));
#5557=CARTESIAN_POINT('',(0.,0.,0.));
#5558=CARTESIAN_POINT('',(0.,-0.0165862,0.));
#5559=CARTESIAN_POINT('',(-0.00746487270411441,-0.00889,-0.0102745158285618));
#5560=CARTESIAN_POINT('',(-0.00950860097125342,-0.00514954124681965,-0.00878966032679866));
#5561=CARTESIAN_POINT('',(-0.010828530087297,-0.0014090824936393,-0.00663573177189256));
#5562=CARTESIAN_POINT('',(-0.0121484592033405,0.00233137625954105,-0.00448180321698646));
#5563=CARTESIAN_POINT('',(-0.0125436419255582,0.0060718350127214,-0.00198671770601093));
#5564=CARTESIAN_POINT('',(-0.0102745158285618,-0.00289600153965341,-0.00746487270411445));
#5565=CARTESIAN_POINT('',(-0.010828530087297,-0.0014090824936393,-0.00663573177189256));
#5566=CARTESIAN_POINT('',(-0.0125436419255582,-0.00889,-0.00198671770601093));
#5567=CARTESIAN_POINT('',(-0.0121484592033405,-0.00514954124681965,-0.00448180321698646));
#5568=CARTESIAN_POINT('',(-0.010828530087297,-0.0014090824936393,-0.00663573177189255));
#5569=CARTESIAN_POINT('',(-0.00950860097125341,0.00233137625954105,-0.00878966032679865));
#5570=CARTESIAN_POINT('',(-0.00746487270411441,0.0060718350127214,-0.0102745158285618));
#5571=CARTESIAN_POINT('',(-0.0106070377203663,-0.00079375,-0.00698432178516478));
#5572=CARTESIAN_POINT('',(0.,-0.00079375,0.));
#5573=CARTESIAN_POINT('',(-0.00992023966125244,-0.00079375,-0.00792961821674374));
#5574=CARTESIAN_POINT('',(-0.00576567934669224,-0.00889,-0.0113157828571923));
#5575=CARTESIAN_POINT('',(-0.00801652850357051,-0.00514954124681965,-0.0101689179287897));
#5576=CARTESIAN_POINT('',(-0.00965715576312039,-0.0014090824936393,-0.00824799021379333));
#5577=CARTESIAN_POINT('',(-0.0112977830226703,0.00233137625954105,-0.00632706249879695));
#5578=CARTESIAN_POINT('',(-0.0120784177569484,0.0060718350127214,-0.00392451582856184));
#5579=CARTESIAN_POINT('',(-0.00965715576312039,-0.0014090824936393,-0.00824799021379333));
#5580=CARTESIAN_POINT('',(-0.0120784177569484,-0.00889,-0.00392451582856184));
#5581=CARTESIAN_POINT('',(-0.0112977830226703,-0.00514954124681965,-0.00632706249879695));
#5582=CARTESIAN_POINT('',(-0.00965715576312039,-0.0014090824936393,-0.00824799021379334));
#5583=CARTESIAN_POINT('',(-0.00801652850357051,0.00233137625954105,-0.0101689179287897));
#5584=CARTESIAN_POINT('',(-0.00576567934669224,0.0060718350127214,-0.0113157828571923));
#5585=CARTESIAN_POINT('',(0.,-0.0165862,0.));
#5586=CARTESIAN_POINT('',(-0.00898025612106915,-0.00889,-0.00898025612106916));
#5587=CARTESIAN_POINT('',(-0.0107665401257867,-0.00514954124681965,-0.00719397211635163));
#5588=CARTESIAN_POINT('',(-0.0117332700628933,-0.0014090824936393,-0.00486007959103664));
#5589=CARTESIAN_POINT('',(-0.0127,0.00233137625954105,-0.00252618706572166));
#5590=CARTESIAN_POINT('',(-0.0127,0.0060718350127214,-3.90312782094781E-18));
#5591=CARTESIAN_POINT('',(-0.0108285300872967,-0.0043968144073409,-0.00663573177189303));
#5592=CARTESIAN_POINT('',(-0.0113157828571922,-0.00289600153965341,-0.00576567934669229));
#5593=CARTESIAN_POINT('',(-0.0125436419255582,-0.00889,-0.00198671770601093));
#5594=CARTESIAN_POINT('',(-0.0121484592033405,-0.00514954124681965,-0.00448180321698646));
#5595=CARTESIAN_POINT('',(-0.010828530087297,-0.0014090824936393,-0.00663573177189255));
#5596=CARTESIAN_POINT('',(-0.00950860097125341,0.00233137625954105,-0.00878966032679865));
#5597=CARTESIAN_POINT('',(-0.00746487270411441,0.0060718350127214,-0.0102745158285618));
#5598=CARTESIAN_POINT('',(-0.0120784177569484,-0.00889,-0.00392451582856184));
#5599=CARTESIAN_POINT('',(-0.0112977830226703,-0.00514954124681965,-0.00632706249879695));
#5600=CARTESIAN_POINT('',(-0.00965715576312039,-0.0014090824936393,-0.00824799021379334));
#5601=CARTESIAN_POINT('',(-0.00801652850357051,0.00233137625954105,-0.0101689179287897));
#5602=CARTESIAN_POINT('',(-0.00576567934669224,0.0060718350127214,-0.0113157828571923));
#5603=CARTESIAN_POINT('',(0.,-0.0165862,0.));
#5604=CARTESIAN_POINT('',(-0.0102745158285618,-0.00889,-0.00746487270411441));
#5605=CARTESIAN_POINT('',(-0.011759371330325,-0.00514954124681965,-0.00542114443697541));
#5606=CARTESIAN_POINT('',(-0.0123490979890505,-0.0014090824936393,-0.00296475612097));
#5607=CARTESIAN_POINT('',(-0.012938824647776,0.00233137625954105,-0.000508367804964595));
#5608=CARTESIAN_POINT('',(-0.0125436419255582,0.0060718350127214,0.00198671770601093));
#5609=CARTESIAN_POINT('',(-0.0113157828571924,-0.00590226808629877,-0.00576567934669197));
#5610=CARTESIAN_POINT('',(-0.0117332700628931,-0.0043968144073409,-0.00486007959103715));
#5611=CARTESIAN_POINT('',(-0.0125436419255582,-0.00889,-0.00198671770601093));
#5612=CARTESIAN_POINT('',(-0.0121484592033405,-0.00514954124681965,-0.00448180321698646));
#5613=CARTESIAN_POINT('',(-0.010828530087297,-0.0014090824936393,-0.00663573177189255));
#5614=CARTESIAN_POINT('',(-0.00950860097125341,0.00233137625954105,-0.00878966032679865));
#5615=CARTESIAN_POINT('',(-0.00746487270411441,0.0060718350127214,-0.0102745158285618));
#5616=CARTESIAN_POINT('',(-0.0120784177569484,-0.00889,-0.00392451582856184));
#5617=CARTESIAN_POINT('',(-0.0112977830226703,-0.00514954124681965,-0.00632706249879695));
#5618=CARTESIAN_POINT('',(-0.00965715576312039,-0.0014090824936393,-0.00824799021379334));
#5619=CARTESIAN_POINT('',(-0.00801652850357051,0.00233137625954105,-0.0101689179287897));
#5620=CARTESIAN_POINT('',(-0.00576567934669224,0.0060718350127214,-0.0113157828571923));
#5621=CARTESIAN_POINT('',(0.,-0.0165862,0.));
#5622=CARTESIAN_POINT('',(-0.0113157828571923,-0.00889,-0.00576567934669225));
#5623=CARTESIAN_POINT('',(-0.0124626477855948,-0.00514954124681965,-0.00351483018981398));
#5624=CARTESIAN_POINT('',(-0.0126608501384107,-0.0014090824936393,-0.000996430515743633));
#5625=CARTESIAN_POINT('',(-0.0128590524912266,0.00233137625954105,0.00152196915832671));
#5626=CARTESIAN_POINT('',(-0.0120784177569485,0.0060718350127214,0.00392451582856183));
#5627=CARTESIAN_POINT('',(-0.0117332700628933,-0.00740308095398595,-0.00486007959103664));
#5628=CARTESIAN_POINT('',(-0.0120784177569485,-0.00590226808629877,-0.00392451582856154));
#5629=CARTESIAN_POINT('',(-0.0125436419255582,-0.00889,-0.00198671770601093));
#5630=CARTESIAN_POINT('',(-0.0121484592033405,-0.00514954124681965,-0.00448180321698646));
#5631=CARTESIAN_POINT('',(-0.010828530087297,-0.0014090824936393,-0.00663573177189255));
#5632=CARTESIAN_POINT('',(-0.00950860097125341,0.00233137625954105,-0.00878966032679865));
#5633=CARTESIAN_POINT('',(-0.00746487270411441,0.0060718350127214,-0.0102745158285618));
#5634=CARTESIAN_POINT('',(-0.0120784177569484,-0.00889,-0.00392451582856184));
#5635=CARTESIAN_POINT('',(-0.0112977830226703,-0.00514954124681965,-0.00632706249879695));
#5636=CARTESIAN_POINT('',(-0.00965715576312039,-0.0014090824936393,-0.00824799021379334));
#5637=CARTESIAN_POINT('',(-0.00801652850357051,0.00233137625954105,-0.0101689179287897));
#5638=CARTESIAN_POINT('',(-0.00576567934669224,0.0060718350127214,-0.0113157828571923));
#5639=CARTESIAN_POINT('',(0.,-0.0165862,0.));
#5640=CARTESIAN_POINT('',(-0.0120784177569484,-0.00889,-0.00392451582856184));
#5641=CARTESIAN_POINT('',(-0.0128590524912266,-0.00514954124681965,-0.00152196915832672));
#5642=CARTESIAN_POINT('',(-0.0126608501384107,-0.0014090824936393,0.000996430515743629));
#5643=CARTESIAN_POINT('',(-0.0124626477855948,0.00233137625954105,0.00351483018981398));
#5644=CARTESIAN_POINT('',(-0.0113157828571923,0.0060718350127214,0.00576567934669224));
#5645=CARTESIAN_POINT('',(-0.0120784177569484,-0.00889,-0.00392451582856184));
#5646=CARTESIAN_POINT('',(-0.0123490979890505,-0.00740308095398595,-0.00296475612097));
#5647=CARTESIAN_POINT('',(-0.0125436419255582,-0.00889,-0.00198671770601093));
#5648=CARTESIAN_POINT('',(-0.0121484592033405,-0.00514954124681965,-0.00448180321698646));
#5649=CARTESIAN_POINT('',(-0.010828530087297,-0.0014090824936393,-0.00663573177189255));
#5650=CARTESIAN_POINT('',(-0.00950860097125341,0.00233137625954105,-0.00878966032679865));
#5651=CARTESIAN_POINT('',(-0.00746487270411441,0.0060718350127214,-0.0102745158285618));
#5652=CARTESIAN_POINT('',(-0.0120784177569484,-0.00889,-0.00392451582856184));
#5653=CARTESIAN_POINT('',(-0.0112977830226703,-0.00514954124681965,-0.00632706249879695));
#5654=CARTESIAN_POINT('',(-0.00965715576312039,-0.0014090824936393,-0.00824799021379334));
#5655=CARTESIAN_POINT('',(-0.00801652850357051,0.00233137625954105,-0.0101689179287897));
#5656=CARTESIAN_POINT('',(-0.00576567934669224,0.0060718350127214,-0.0113157828571923));
#5657=CARTESIAN_POINT('',(0.,-0.0165862,0.));
#5658=CARTESIAN_POINT('',(0.,-0.00889,0.));
#5659=CARTESIAN_POINT('',(-0.0125436419255582,-0.00889,-0.00198671770601093));
#5660=CARTESIAN_POINT('',(-0.0125436419255582,-0.00889,-0.00198671770601093));
#5661=CARTESIAN_POINT('',(-0.0121484592033405,-0.00514954124681965,-0.00448180321698646));
#5662=CARTESIAN_POINT('',(-0.010828530087297,-0.0014090824936393,-0.00663573177189255));
#5663=CARTESIAN_POINT('',(-0.00950860097125341,0.00233137625954105,-0.00878966032679865));
#5664=CARTESIAN_POINT('',(-0.00746487270411441,0.0060718350127214,-0.0102745158285618));
#5665=CARTESIAN_POINT('',(0.,-0.0165862,0.));
#5666=CARTESIAN_POINT('',(-0.0125436419255582,-0.00889,-0.00198671770601093));
#5667=CARTESIAN_POINT('',(-0.012938824647776,-0.00514954124681965,0.000508367804964588));
#5668=CARTESIAN_POINT('',(-0.0123490979890505,-0.0014090824936393,0.00296475612097));
#5669=CARTESIAN_POINT('',(-0.011759371330325,0.00233137625954105,0.0054211444369754));
#5670=CARTESIAN_POINT('',(-0.0102745158285618,0.0060718350127214,0.00746487270411441));
#5671=CARTESIAN_POINT('',(-0.0126608501384107,-0.00740308095398595,-0.000996430515743637));
#5672=CARTESIAN_POINT('',(-0.0127,-0.00889,0.));
#5673=CARTESIAN_POINT('',(-0.0127,-0.00514954124681965,-0.00252618706572166));
#5674=CARTESIAN_POINT('',(-0.0117332700628933,-0.0014090824936393,-0.00486007959103664));
#5675=CARTESIAN_POINT('',(-0.0107665401257867,0.00233137625954105,-0.00719397211635163));
#5676=CARTESIAN_POINT('',(-0.00898025612106916,0.0060718350127214,-0.00898025612106915));
#5677=CARTESIAN_POINT('',(-0.0125436419255582,-0.00590226808629877,-0.00198671770601124));
#5678=CARTESIAN_POINT('',(-0.0120784177569484,-0.00889,-0.00392451582856184));
#5679=CARTESIAN_POINT('',(-0.0128590524912266,-0.00514954124681965,-0.00152196915832672));
#5680=CARTESIAN_POINT('',(-0.0126608501384107,-0.0014090824936393,0.000996430515743629));
#5681=CARTESIAN_POINT('',(-0.0124626477855948,0.00233137625954105,0.00351483018981398));
#5682=CARTESIAN_POINT('',(-0.0113157828571923,0.0060718350127214,0.00576567934669224));
#5683=CARTESIAN_POINT('',(0.,-0.0165862,0.));
#5684=CARTESIAN_POINT('',(-0.0125436419255582,-0.00889,-0.00198671770601093));
#5685=CARTESIAN_POINT('',(-0.012938824647776,-0.00514954124681965,0.000508367804964588));
#5686=CARTESIAN_POINT('',(-0.0123490979890505,-0.0014090824936393,0.00296475612097));
#5687=CARTESIAN_POINT('',(-0.011759371330325,0.00233137625954105,0.0054211444369754));
#5688=CARTESIAN_POINT('',(-0.0102745158285618,0.0060718350127214,0.00746487270411441));
#5689=CARTESIAN_POINT('',(-0.0127,-0.00590226808629877,-3.11327650815808E-16));
#5690=CARTESIAN_POINT('',(-0.0125436419255582,-0.00889,0.00198671770601093));
#5691=CARTESIAN_POINT('',(-0.012938824647776,-0.00514954124681965,-0.000508367804964591));
#5692=CARTESIAN_POINT('',(-0.0123490979890505,-0.0014090824936393,-0.00296475612097));
#5693=CARTESIAN_POINT('',(-0.011759371330325,0.00233137625954105,-0.00542114443697541));
#5694=CARTESIAN_POINT('',(-0.0102745158285618,0.0060718350127214,-0.00746487270411441));
#5695=CARTESIAN_POINT('',(-0.0126608501384108,-0.00439681440734089,-0.000996430515743081));
#5696=CARTESIAN_POINT('',(-0.0120784177569484,-0.00889,-0.00392451582856184));
#5697=CARTESIAN_POINT('',(-0.0128590524912266,-0.00514954124681965,-0.00152196915832672));
#5698=CARTESIAN_POINT('',(-0.0126608501384107,-0.0014090824936393,0.000996430515743629));
#5699=CARTESIAN_POINT('',(-0.0124626477855948,0.00233137625954105,0.00351483018981398));
#5700=CARTESIAN_POINT('',(-0.0113157828571923,0.0060718350127214,0.00576567934669224));
#5701=CARTESIAN_POINT('',(0.,-0.0165862,0.));
#5702=CARTESIAN_POINT('',(-0.0125436419255582,-0.00889,-0.00198671770601093));
#5703=CARTESIAN_POINT('',(-0.012938824647776,-0.00514954124681965,0.000508367804964588));
#5704=CARTESIAN_POINT('',(-0.0123490979890505,-0.0014090824936393,0.00296475612097));
#5705=CARTESIAN_POINT('',(-0.011759371330325,0.00233137625954105,0.0054211444369754));
#5706=CARTESIAN_POINT('',(-0.0102745158285618,0.0060718350127214,0.00746487270411441));
#5707=CARTESIAN_POINT('',(-0.0126608501384107,-0.00439681440734089,0.000996430515744181));
#5708=CARTESIAN_POINT('',(-0.0120784177569484,-0.00889,0.00392451582856184));
#5709=CARTESIAN_POINT('',(-0.0128590524912266,-0.00514954124681965,0.00152196915832672));
#5710=CARTESIAN_POINT('',(-0.0126608501384107,-0.0014090824936393,-0.000996430515743631));
#5711=CARTESIAN_POINT('',(-0.0124626477855948,0.00233137625954105,-0.00351483018981398));
#5712=CARTESIAN_POINT('',(-0.0113157828571923,0.0060718350127214,-0.00576567934669225));
#5713=CARTESIAN_POINT('',(-0.0127,-0.00289600153965341,4.49461301533512E-17));
#5714=CARTESIAN_POINT('',(-0.0120784177569484,-0.00889,-0.00392451582856184));
#5715=CARTESIAN_POINT('',(-0.0128590524912266,-0.00514954124681965,-0.00152196915832672));
#5716=CARTESIAN_POINT('',(-0.0126608501384107,-0.0014090824936393,0.000996430515743629));
#5717=CARTESIAN_POINT('',(-0.0124626477855948,0.00233137625954105,0.00351483018981398));
#5718=CARTESIAN_POINT('',(-0.0113157828571923,0.0060718350127214,0.00576567934669224));
#5719=CARTESIAN_POINT('',(0.,-0.0165862,0.));
#5720=CARTESIAN_POINT('',(-0.0125436419255582,-0.00889,-0.00198671770601093));
#5721=CARTESIAN_POINT('',(-0.012938824647776,-0.00514954124681965,0.000508367804964588));
#5722=CARTESIAN_POINT('',(-0.0123490979890505,-0.0014090824936393,0.00296475612097));
#5723=CARTESIAN_POINT('',(-0.011759371330325,0.00233137625954105,0.0054211444369754));
#5724=CARTESIAN_POINT('',(-0.0102745158285618,0.0060718350127214,0.00746487270411441));
#5725=CARTESIAN_POINT('',(-0.0125436419255582,-0.00289600153965341,0.00198671770601098));
#5726=CARTESIAN_POINT('',(-0.0113157828571923,-0.00889,0.00576567934669224));
#5727=CARTESIAN_POINT('',(-0.0124626477855948,-0.00514954124681965,0.00351483018981398));
#5728=CARTESIAN_POINT('',(-0.0126608501384107,-0.0014090824936393,0.000996430515743629));
#5729=CARTESIAN_POINT('',(-0.0128590524912266,0.00233137625954105,-0.00152196915832672));
#5730=CARTESIAN_POINT('',(-0.0120784177569484,0.0060718350127214,-0.00392451582856183));
#5731=CARTESIAN_POINT('',(-0.0126608501384107,-0.0014090824936393,0.000996430515743629));
#5732=CARTESIAN_POINT('',(-0.0120784177569484,-0.00889,-0.00392451582856184));
#5733=CARTESIAN_POINT('',(-0.0128590524912266,-0.00514954124681965,-0.00152196915832672));
#5734=CARTESIAN_POINT('',(-0.0126608501384107,-0.0014090824936393,0.000996430515743629));
#5735=CARTESIAN_POINT('',(-0.0124626477855948,0.00233137625954105,0.00351483018981398));
#5736=CARTESIAN_POINT('',(-0.0113157828571923,0.0060718350127214,0.00576567934669224));
#5737=CARTESIAN_POINT('',(0.,-0.0165862,0.));
#5738=CARTESIAN_POINT('',(-0.0125436419255582,-0.00889,-0.00198671770601093));
#5739=CARTESIAN_POINT('',(-0.012938824647776,-0.00514954124681965,0.000508367804964588));
#5740=CARTESIAN_POINT('',(-0.0123490979890505,-0.0014090824936393,0.00296475612097));
#5741=CARTESIAN_POINT('',(-0.011759371330325,0.00233137625954105,0.0054211444369754));
#5742=CARTESIAN_POINT('',(-0.0102745158285618,0.0060718350127214,0.00746487270411441));
#5743=CARTESIAN_POINT('',(-0.0123490979890505,-0.0014090824936393,0.00296475612097));
#5744=CARTESIAN_POINT('',(-0.0102745158285618,-0.00889,0.00746487270411441));
#5745=CARTESIAN_POINT('',(-0.011759371330325,-0.00514954124681965,0.00542114443697541));
#5746=CARTESIAN_POINT('',(-0.0123490979890505,-0.0014090824936393,0.00296475612097));
#5747=CARTESIAN_POINT('',(-0.012938824647776,0.00233137625954105,0.000508367804964591));
#5748=CARTESIAN_POINT('',(-0.0125436419255582,0.0060718350127214,-0.00198671770601093));
#5749=CARTESIAN_POINT('',(-0.0124389695966514,-0.00079375,0.00256164700409353));
#5750=CARTESIAN_POINT('',(0.,-0.00079375,0.));
#5751=CARTESIAN_POINT('',(-0.0126217555487472,-0.00079375,0.00140758192218746));
#5752=CARTESIAN_POINT('',(-0.0120784177569484,-0.00889,-0.00392451582856184));
#5753=CARTESIAN_POINT('',(-0.0128590524912266,-0.00514954124681965,-0.00152196915832672));
#5754=CARTESIAN_POINT('',(-0.0126608501384107,-0.0014090824936393,0.000996430515743629));
#5755=CARTESIAN_POINT('',(-0.0124626477855948,0.00233137625954105,0.00351483018981398));
#5756=CARTESIAN_POINT('',(-0.0113157828571923,0.0060718350127214,0.00576567934669224));
#5757=CARTESIAN_POINT('',(0.,-0.0165862,0.));
#5758=CARTESIAN_POINT('',(-0.0125436419255582,-0.00889,-0.00198671770601093));
#5759=CARTESIAN_POINT('',(-0.012938824647776,-0.00514954124681965,0.000508367804964588));
#5760=CARTESIAN_POINT('',(-0.0123490979890505,-0.0014090824936393,0.00296475612097));
#5761=CARTESIAN_POINT('',(-0.011759371330325,0.00233137625954105,0.0054211444369754));
#5762=CARTESIAN_POINT('',(-0.0102745158285618,0.0060718350127214,0.00746487270411441));
#5763=CARTESIAN_POINT('',(-0.0122461664683419,-0.00079375,0.00336472983011388));
#5764=CARTESIAN_POINT('',(0.,-0.00079375,0.));
#5765=CARTESIAN_POINT('',(0.,-0.0165862,0.));
#5766=CARTESIAN_POINT('',(-0.00576567934669224,-0.00889,-0.0113157828571923));
#5767=CARTESIAN_POINT('',(-0.00801652850357051,-0.00514954124681965,-0.0101689179287897));
#5768=CARTESIAN_POINT('',(-0.00965715576312039,-0.0014090824936393,-0.00824799021379333));
#5769=CARTESIAN_POINT('',(-0.0112977830226703,0.00233137625954105,-0.00632706249879695));
#5770=CARTESIAN_POINT('',(-0.0120784177569484,0.0060718350127214,-0.00392451582856184));
#5771=CARTESIAN_POINT('',(-0.00898025612106912,-0.00289600153965341,-0.00898025612106919));
#5772=CARTESIAN_POINT('',(-0.0120784177569484,-0.00889,-0.00392451582856184));
#5773=CARTESIAN_POINT('',(-0.0112977830226703,-0.00514954124681965,-0.00632706249879695));
#5774=CARTESIAN_POINT('',(-0.00965715576312039,-0.0014090824936393,-0.00824799021379334));
#5775=CARTESIAN_POINT('',(-0.00801652850357051,0.00233137625954105,-0.0101689179287897));
#5776=CARTESIAN_POINT('',(-0.00576567934669224,0.0060718350127214,-0.0113157828571923));
#5777=CARTESIAN_POINT('',(-0.0093838588425275,-0.00079375,-0.00855763946561892));
#5778=CARTESIAN_POINT('',(0.,-0.00079375,0.));
#5779=CARTESIAN_POINT('',(-0.00855763946561891,-0.00079375,-0.00938385884252751));
#5780=CARTESIAN_POINT('',(-0.00392451582856183,-0.00889,-0.0120784177569485));
#5781=CARTESIAN_POINT('',(-0.00632706249879695,-0.00514954124681965,-0.0112977830226703));
#5782=CARTESIAN_POINT('',(-0.00824799021379333,-0.0014090824936393,-0.0096571557631204));
#5783=CARTESIAN_POINT('',(-0.0101689179287897,0.00233137625954105,-0.00801652850357052));
#5784=CARTESIAN_POINT('',(-0.0113157828571923,0.0060718350127214,-0.00576567934669225));
#5785=CARTESIAN_POINT('',(-0.00824799021379333,-0.0014090824936393,-0.0096571557631204));
#5786=CARTESIAN_POINT('',(-0.0113157828571923,-0.00889,-0.00576567934669225));
#5787=CARTESIAN_POINT('',(-0.0101689179287897,-0.00514954124681965,-0.00801652850357052));
#5788=CARTESIAN_POINT('',(-0.00824799021379333,-0.0014090824936393,-0.0096571557631204));
#5789=CARTESIAN_POINT('',(-0.00632706249879695,0.00233137625954105,-0.0112977830226703));
#5790=CARTESIAN_POINT('',(-0.00392451582856183,0.0060718350127214,-0.0120784177569484));
#5791=CARTESIAN_POINT('',(0.,-0.0165862,0.));
#5792=CARTESIAN_POINT('',(-0.00746487270411441,-0.00889,-0.0102745158285618));
#5793=CARTESIAN_POINT('',(-0.00950860097125342,-0.00514954124681965,-0.00878966032679866));
#5794=CARTESIAN_POINT('',(-0.010828530087297,-0.0014090824936393,-0.00663573177189256));
#5795=CARTESIAN_POINT('',(-0.0121484592033405,0.00233137625954105,-0.00448180321698646));
#5796=CARTESIAN_POINT('',(-0.0125436419255582,0.0060718350127214,-0.00198671770601093));
#5797=CARTESIAN_POINT('',(-0.00965715576312004,-0.00439681440734089,-0.00824799021379376));
#5798=CARTESIAN_POINT('',(-0.0113157828571923,-0.00889,-0.00576567934669225));
#5799=CARTESIAN_POINT('',(-0.0101689179287897,-0.00514954124681965,-0.00801652850357052));
#5800=CARTESIAN_POINT('',(-0.00824799021379333,-0.0014090824936393,-0.0096571557631204));
#5801=CARTESIAN_POINT('',(-0.00632706249879695,0.00233137625954105,-0.0112977830226703));
#5802=CARTESIAN_POINT('',(-0.00392451582856183,0.0060718350127214,-0.0120784177569484));
#5803=CARTESIAN_POINT('',(0.,-0.0165862,0.));
#5804=CARTESIAN_POINT('',(-0.00898025612106915,-0.00889,-0.00898025612106916));
#5805=CARTESIAN_POINT('',(-0.0107665401257867,-0.00514954124681965,-0.00719397211635163));
#5806=CARTESIAN_POINT('',(-0.0117332700628933,-0.0014090824936393,-0.00486007959103664));
#5807=CARTESIAN_POINT('',(-0.0127,0.00233137625954105,-0.00252618706572166));
#5808=CARTESIAN_POINT('',(-0.0127,0.0060718350127214,-3.90312782094781E-18));
#5809=CARTESIAN_POINT('',(-0.010274515828562,-0.00590226808629877,-0.00746487270411416));
#5810=CARTESIAN_POINT('',(-0.0113157828571923,-0.00889,-0.00576567934669225));
#5811=CARTESIAN_POINT('',(-0.0101689179287897,-0.00514954124681965,-0.00801652850357052));
#5812=CARTESIAN_POINT('',(-0.00824799021379333,-0.0014090824936393,-0.0096571557631204));
#5813=CARTESIAN_POINT('',(-0.00632706249879695,0.00233137625954105,-0.0112977830226703));
#5814=CARTESIAN_POINT('',(-0.00392451582856183,0.0060718350127214,-0.0120784177569484));
#5815=CARTESIAN_POINT('',(0.,-0.0165862,0.));
#5816=CARTESIAN_POINT('',(-0.0102745158285618,-0.00889,-0.00746487270411441));
#5817=CARTESIAN_POINT('',(-0.011759371330325,-0.00514954124681965,-0.00542114443697541));
#5818=CARTESIAN_POINT('',(-0.0123490979890505,-0.0014090824936393,-0.00296475612097));
#5819=CARTESIAN_POINT('',(-0.012938824647776,0.00233137625954105,-0.000508367804964595));
#5820=CARTESIAN_POINT('',(-0.0125436419255582,0.0060718350127214,0.00198671770601093));
#5821=CARTESIAN_POINT('',(-0.010828530087297,-0.00740308095398595,-0.00663573177189255));
#5822=CARTESIAN_POINT('',(-0.0113157828571923,-0.00889,-0.00576567934669225));
#5823=CARTESIAN_POINT('',(-0.0101689179287897,-0.00514954124681965,-0.00801652850357052));
#5824=CARTESIAN_POINT('',(-0.00824799021379333,-0.0014090824936393,-0.0096571557631204));
#5825=CARTESIAN_POINT('',(-0.00632706249879695,0.00233137625954105,-0.0112977830226703));
#5826=CARTESIAN_POINT('',(-0.00392451582856183,0.0060718350127214,-0.0120784177569484));
#5827=CARTESIAN_POINT('',(0.,-0.0165862,0.));
#5828=CARTESIAN_POINT('',(-0.0113157828571923,-0.00889,-0.00576567934669225));
#5829=CARTESIAN_POINT('',(-0.0124626477855948,-0.00514954124681965,-0.00351483018981398));
#5830=CARTESIAN_POINT('',(-0.0126608501384107,-0.0014090824936393,-0.000996430515743633));
#5831=CARTESIAN_POINT('',(-0.0128590524912266,0.00233137625954105,0.00152196915832671));
#5832=CARTESIAN_POINT('',(-0.0120784177569485,0.0060718350127214,0.00392451582856183));
#5833=CARTESIAN_POINT('',(-0.0113157828571923,-0.00889,-0.00576567934669225));
#5834=CARTESIAN_POINT('',(-0.0113157828571923,-0.00889,-0.00576567934669225));
#5835=CARTESIAN_POINT('',(-0.0101689179287897,-0.00514954124681965,-0.00801652850357052));
#5836=CARTESIAN_POINT('',(-0.00824799021379333,-0.0014090824936393,-0.0096571557631204));
#5837=CARTESIAN_POINT('',(-0.00632706249879695,0.00233137625954105,-0.0112977830226703));
#5838=CARTESIAN_POINT('',(-0.00392451582856183,0.0060718350127214,-0.0120784177569484));
#5839=CARTESIAN_POINT('',(0.,-0.0165862,0.));
#5840=CARTESIAN_POINT('',(0.,-0.00889,0.));
#5841=CARTESIAN_POINT('',(0.,-0.0165862,0.));
#5842=CARTESIAN_POINT('',(-0.0127,-0.00889,0.));
#5843=CARTESIAN_POINT('',(-0.0127,-0.00514954124681965,-0.00252618706572166));
#5844=CARTESIAN_POINT('',(-0.0117332700628933,-0.0014090824936393,-0.00486007959103664));
#5845=CARTESIAN_POINT('',(-0.0107665401257867,0.00233137625954105,-0.00719397211635163));
#5846=CARTESIAN_POINT('',(-0.00898025612106916,0.0060718350127214,-0.00898025612106915));
#5847=CARTESIAN_POINT('',(-0.0123490979890506,-0.00439681440734089,-0.00296475612096947));
#5848=CARTESIAN_POINT('',(-0.0113157828571923,-0.00889,-0.00576567934669225));
#5849=CARTESIAN_POINT('',(-0.0124626477855948,-0.00514954124681965,-0.00351483018981398));
#5850=CARTESIAN_POINT('',(-0.0126608501384107,-0.0014090824936393,-0.000996430515743633));
#5851=CARTESIAN_POINT('',(-0.0128590524912266,0.00233137625954105,0.00152196915832671));
#5852=CARTESIAN_POINT('',(-0.0120784177569485,0.0060718350127214,0.00392451582856183));
#5853=CARTESIAN_POINT('',(0.,-0.0165862,0.));
#5854=CARTESIAN_POINT('',(-0.0125436419255582,-0.00889,0.00198671770601093));
#5855=CARTESIAN_POINT('',(-0.012938824647776,-0.00514954124681965,-0.000508367804964591));
#5856=CARTESIAN_POINT('',(-0.0123490979890505,-0.0014090824936393,-0.00296475612097));
#5857=CARTESIAN_POINT('',(-0.011759371330325,0.00233137625954105,-0.00542114443697541));
#5858=CARTESIAN_POINT('',(-0.0102745158285618,0.0060718350127214,-0.00746487270411441));
#5859=CARTESIAN_POINT('',(-0.0125436419255583,-0.0028960015396534,-0.00198671770601089));
#5860=CARTESIAN_POINT('',(-0.0113157828571923,-0.00889,-0.00576567934669225));
#5861=CARTESIAN_POINT('',(-0.0124626477855948,-0.00514954124681965,-0.00351483018981398));
#5862=CARTESIAN_POINT('',(-0.0126608501384107,-0.0014090824936393,-0.000996430515743633));
#5863=CARTESIAN_POINT('',(-0.0128590524912266,0.00233137625954105,0.00152196915832671));
#5864=CARTESIAN_POINT('',(-0.0120784177569485,0.0060718350127214,0.00392451582856183));
#5865=CARTESIAN_POINT('',(0.,-0.0165862,0.));
#5866=CARTESIAN_POINT('',(-0.0120784177569484,-0.00889,0.00392451582856184));
#5867=CARTESIAN_POINT('',(-0.0128590524912266,-0.00514954124681965,0.00152196915832672));
#5868=CARTESIAN_POINT('',(-0.0126608501384107,-0.0014090824936393,-0.000996430515743631));
#5869=CARTESIAN_POINT('',(-0.0124626477855948,0.00233137625954105,-0.00351483018981398));
#5870=CARTESIAN_POINT('',(-0.0113157828571923,0.0060718350127214,-0.00576567934669225));
#5871=CARTESIAN_POINT('',(-0.0126608501384107,-0.0014090824936393,-0.000996430515743631));
#5872=CARTESIAN_POINT('',(-0.0113157828571923,-0.00889,-0.00576567934669225));
#5873=CARTESIAN_POINT('',(-0.0124626477855948,-0.00514954124681965,-0.00351483018981398));
#5874=CARTESIAN_POINT('',(-0.0126608501384107,-0.0014090824936393,-0.000996430515743633));
#5875=CARTESIAN_POINT('',(-0.0128590524912266,0.00233137625954105,0.00152196915832671));
#5876=CARTESIAN_POINT('',(-0.0120784177569485,0.0060718350127214,0.00392451582856183));
#5877=CARTESIAN_POINT('',(0.,-0.0165862,0.));
#5878=CARTESIAN_POINT('',(-0.0113157828571923,-0.00889,0.00576567934669224));
#5879=CARTESIAN_POINT('',(-0.0124626477855948,-0.00514954124681965,0.00351483018981398));
#5880=CARTESIAN_POINT('',(-0.0126608501384107,-0.0014090824936393,0.000996430515743629));
#5881=CARTESIAN_POINT('',(-0.0128590524912266,0.00233137625954105,-0.00152196915832672));
#5882=CARTESIAN_POINT('',(-0.0120784177569484,0.0060718350127214,-0.00392451582856183));
#5883=CARTESIAN_POINT('',(-0.0126865551183373,-0.00079375,0.000584225324159789));
#5884=CARTESIAN_POINT('',(0.,-0.00079375,0.));
#5885=CARTESIAN_POINT('',(-0.0126865551183373,-0.00079375,-0.000584225324159791));
#5886=CARTESIAN_POINT('',(-0.0113157828571923,-0.00889,-0.00576567934669225));
#5887=CARTESIAN_POINT('',(-0.0124626477855948,-0.00514954124681965,-0.00351483018981398));
#5888=CARTESIAN_POINT('',(-0.0126608501384107,-0.0014090824936393,-0.000996430515743633));
#5889=CARTESIAN_POINT('',(-0.0128590524912266,0.00233137625954105,0.00152196915832671));
#5890=CARTESIAN_POINT('',(-0.0120784177569485,0.0060718350127214,0.00392451582856183));
#5891=CARTESIAN_POINT('',(0.,-0.0165862,0.));
#5892=CARTESIAN_POINT('',(0.,-0.00079375,0.));
#5893=CARTESIAN_POINT('',(0.,-0.0165862,0.));
#5894=CARTESIAN_POINT('',(-0.00392451582856183,-0.00889,-0.0120784177569485));
#5895=CARTESIAN_POINT('',(-0.00632706249879695,-0.00514954124681965,-0.0112977830226703));
#5896=CARTESIAN_POINT('',(-0.00824799021379333,-0.0014090824936393,-0.0096571557631204));
#5897=CARTESIAN_POINT('',(-0.0101689179287897,0.00233137625954105,-0.00801652850357052));
#5898=CARTESIAN_POINT('',(-0.0113157828571923,0.0060718350127214,-0.00576567934669225));
#5899=CARTESIAN_POINT('',(-0.00746487270411437,-0.00289600153965341,-0.0102745158285619));
#5900=CARTESIAN_POINT('',(-0.0113157828571923,-0.00889,-0.00576567934669225));
#5901=CARTESIAN_POINT('',(-0.0101689179287897,-0.00514954124681965,-0.00801652850357052));
#5902=CARTESIAN_POINT('',(-0.00824799021379333,-0.0014090824936393,-0.0096571557631204));
#5903=CARTESIAN_POINT('',(-0.00632706249879695,0.00233137625954105,-0.0112977830226703));
#5904=CARTESIAN_POINT('',(-0.00392451582856183,0.0060718350127214,-0.0120784177569484));
#5905=CARTESIAN_POINT('',(-0.00792961821674374,-0.00079375,-0.00992023966125244));
#5906=CARTESIAN_POINT('',(0.,-0.00079375,0.));
#5907=CARTESIAN_POINT('',(-0.00698432178516477,-0.00079375,-0.0106070377203663));
#5908=CARTESIAN_POINT('',(-0.00198671770601093,-0.00889,-0.0125436419255582));
#5909=CARTESIAN_POINT('',(-0.00448180321698646,-0.00514954124681965,-0.0121484592033405));
#5910=CARTESIAN_POINT('',(-0.00663573177189255,-0.0014090824936393,-0.010828530087297));
#5911=CARTESIAN_POINT('',(-0.00878966032679865,0.00233137625954105,-0.00950860097125342));
#5912=CARTESIAN_POINT('',(-0.0102745158285618,0.0060718350127214,-0.00746487270411441));
#5913=CARTESIAN_POINT('',(-0.00663573177189255,-0.0014090824936393,-0.010828530087297));
#5914=CARTESIAN_POINT('',(-0.0102745158285618,-0.00889,-0.00746487270411441));
#5915=CARTESIAN_POINT('',(-0.00878966032679865,-0.00514954124681965,-0.00950860097125342));
#5916=CARTESIAN_POINT('',(-0.00663573177189255,-0.0014090824936393,-0.010828530087297));
#5917=CARTESIAN_POINT('',(-0.00448180321698646,0.00233137625954105,-0.0121484592033405));
#5918=CARTESIAN_POINT('',(-0.00198671770601093,0.0060718350127214,-0.0125436419255582));
#5919=CARTESIAN_POINT('',(0.,-0.0165862,0.));
#5920=CARTESIAN_POINT('',(-0.00576567934669224,-0.00889,-0.0113157828571923));
#5921=CARTESIAN_POINT('',(-0.00801652850357051,-0.00514954124681965,-0.0101689179287897));
#5922=CARTESIAN_POINT('',(-0.00965715576312039,-0.0014090824936393,-0.00824799021379333));
#5923=CARTESIAN_POINT('',(-0.0112977830226703,0.00233137625954105,-0.00632706249879695));
#5924=CARTESIAN_POINT('',(-0.0120784177569484,0.0060718350127214,-0.00392451582856184));
#5925=CARTESIAN_POINT('',(-0.00824799021379291,-0.0043968144073409,-0.00965715576312076));
#5926=CARTESIAN_POINT('',(-0.0102745158285618,-0.00889,-0.00746487270411441));
#5927=CARTESIAN_POINT('',(-0.00878966032679865,-0.00514954124681965,-0.00950860097125342));
#5928=CARTESIAN_POINT('',(-0.00663573177189255,-0.0014090824936393,-0.010828530087297));
#5929=CARTESIAN_POINT('',(-0.00448180321698646,0.00233137625954105,-0.0121484592033405));
#5930=CARTESIAN_POINT('',(-0.00198671770601093,0.0060718350127214,-0.0125436419255582));
#5931=CARTESIAN_POINT('',(0.,-0.0165862,0.));
#5932=CARTESIAN_POINT('',(-0.00746487270411441,-0.00889,-0.0102745158285618));
#5933=CARTESIAN_POINT('',(-0.00950860097125342,-0.00514954124681965,-0.00878966032679866));
#5934=CARTESIAN_POINT('',(-0.010828530087297,-0.0014090824936393,-0.00663573177189256));
#5935=CARTESIAN_POINT('',(-0.0121484592033405,0.00233137625954105,-0.00448180321698646));
#5936=CARTESIAN_POINT('',(-0.0125436419255582,0.0060718350127214,-0.00198671770601093));
#5937=CARTESIAN_POINT('',(-0.00898025612106938,-0.00590226808629877,-0.00898025612106894));
#5938=CARTESIAN_POINT('',(-0.0102745158285618,-0.00889,-0.00746487270411441));
#5939=CARTESIAN_POINT('',(-0.00878966032679865,-0.00514954124681965,-0.00950860097125342));
#5940=CARTESIAN_POINT('',(-0.00663573177189255,-0.0014090824936393,-0.010828530087297));
#5941=CARTESIAN_POINT('',(-0.00448180321698646,0.00233137625954105,-0.0121484592033405));
#5942=CARTESIAN_POINT('',(-0.00198671770601093,0.0060718350127214,-0.0125436419255582));
#5943=CARTESIAN_POINT('',(0.,-0.0165862,0.));
#5944=CARTESIAN_POINT('',(-0.00898025612106915,-0.00889,-0.00898025612106916));
#5945=CARTESIAN_POINT('',(-0.0107665401257867,-0.00514954124681965,-0.00719397211635163));
#5946=CARTESIAN_POINT('',(-0.0117332700628933,-0.0014090824936393,-0.00486007959103664));
#5947=CARTESIAN_POINT('',(-0.0127,0.00233137625954105,-0.00252618706572166));
#5948=CARTESIAN_POINT('',(-0.0127,0.0060718350127214,-3.90312782094781E-18));
#5949=CARTESIAN_POINT('',(-0.0096571557631204,-0.00740308095398595,-0.00824799021379333));
#5950=CARTESIAN_POINT('',(-0.0102745158285618,-0.00889,-0.00746487270411441));
#5951=CARTESIAN_POINT('',(-0.00878966032679865,-0.00514954124681965,-0.00950860097125342));
#5952=CARTESIAN_POINT('',(-0.00663573177189255,-0.0014090824936393,-0.010828530087297));
#5953=CARTESIAN_POINT('',(-0.00448180321698646,0.00233137625954105,-0.0121484592033405));
#5954=CARTESIAN_POINT('',(-0.00198671770601093,0.0060718350127214,-0.0125436419255582));
#5955=CARTESIAN_POINT('',(0.,-0.0165862,0.));
#5956=CARTESIAN_POINT('',(-0.0102745158285618,-0.00889,-0.00746487270411441));
#5957=CARTESIAN_POINT('',(-0.011759371330325,-0.00514954124681965,-0.00542114443697541));
#5958=CARTESIAN_POINT('',(-0.0123490979890505,-0.0014090824936393,-0.00296475612097));
#5959=CARTESIAN_POINT('',(-0.012938824647776,0.00233137625954105,-0.000508367804964595));
#5960=CARTESIAN_POINT('',(-0.0125436419255582,0.0060718350127214,0.00198671770601093));
#5961=CARTESIAN_POINT('',(-0.0102745158285618,-0.00889,-0.00746487270411441));
#5962=CARTESIAN_POINT('',(-0.0102745158285618,-0.00889,-0.00746487270411441));
#5963=CARTESIAN_POINT('',(-0.00878966032679865,-0.00514954124681965,-0.00950860097125342));
#5964=CARTESIAN_POINT('',(-0.00663573177189255,-0.0014090824936393,-0.010828530087297));
#5965=CARTESIAN_POINT('',(-0.00448180321698646,0.00233137625954105,-0.0121484592033405));
#5966=CARTESIAN_POINT('',(-0.00198671770601093,0.0060718350127214,-0.0125436419255582));
#5967=CARTESIAN_POINT('',(0.,-0.0165862,0.));
#5968=CARTESIAN_POINT('',(0.,-0.00889,0.));
#5969=CARTESIAN_POINT('',(0.,-0.0165862,0.));
#5970=CARTESIAN_POINT('',(-0.0127,-0.00889,0.));
#5971=CARTESIAN_POINT('',(-0.0127,-0.00514954124681965,-0.00252618706572166));
#5972=CARTESIAN_POINT('',(-0.0117332700628933,-0.0014090824936393,-0.00486007959103664));
#5973=CARTESIAN_POINT('',(-0.0107665401257867,0.00233137625954105,-0.00719397211635163));
#5974=CARTESIAN_POINT('',(-0.00898025612106916,0.0060718350127214,-0.00898025612106915));
#5975=CARTESIAN_POINT('',(-0.0120784177569485,-0.00289600153965341,-0.00392451582856179));
#5976=CARTESIAN_POINT('',(-0.0102745158285618,-0.00889,-0.00746487270411441));
#5977=CARTESIAN_POINT('',(-0.011759371330325,-0.00514954124681965,-0.00542114443697541));
#5978=CARTESIAN_POINT('',(-0.0123490979890505,-0.0014090824936393,-0.00296475612097));
#5979=CARTESIAN_POINT('',(-0.012938824647776,0.00233137625954105,-0.000508367804964595));
#5980=CARTESIAN_POINT('',(-0.0125436419255582,0.0060718350127214,0.00198671770601093));
#5981=CARTESIAN_POINT('',(0.,-0.0165862,0.));
#5982=CARTESIAN_POINT('',(-0.0125436419255582,-0.00889,0.00198671770601093));
#5983=CARTESIAN_POINT('',(-0.012938824647776,-0.00514954124681965,-0.000508367804964591));
#5984=CARTESIAN_POINT('',(-0.0123490979890505,-0.0014090824936393,-0.00296475612097));
#5985=CARTESIAN_POINT('',(-0.011759371330325,0.00233137625954105,-0.00542114443697541));
#5986=CARTESIAN_POINT('',(-0.0102745158285618,0.0060718350127214,-0.00746487270411441));
#5987=CARTESIAN_POINT('',(-0.0123490979890505,-0.0014090824936393,-0.00296475612097));
#5988=CARTESIAN_POINT('',(-0.0102745158285618,-0.00889,-0.00746487270411441));
#5989=CARTESIAN_POINT('',(-0.011759371330325,-0.00514954124681965,-0.00542114443697541));
#5990=CARTESIAN_POINT('',(-0.0123490979890505,-0.0014090824936393,-0.00296475612097));
#5991=CARTESIAN_POINT('',(-0.012938824647776,0.00233137625954105,-0.000508367804964595));
#5992=CARTESIAN_POINT('',(-0.0125436419255582,0.0060718350127214,0.00198671770601093));
#5993=CARTESIAN_POINT('',(0.,-0.0165862,0.));
#5994=CARTESIAN_POINT('',(-0.0120784177569484,-0.00889,0.00392451582856184));
#5995=CARTESIAN_POINT('',(-0.0128590524912266,-0.00514954124681965,0.00152196915832672));
#5996=CARTESIAN_POINT('',(-0.0126608501384107,-0.0014090824936393,-0.000996430515743631));
#5997=CARTESIAN_POINT('',(-0.0124626477855948,0.00233137625954105,-0.00351483018981398));
#5998=CARTESIAN_POINT('',(-0.0113157828571923,0.0060718350127214,-0.00576567934669225));
#5999=CARTESIAN_POINT('',(-0.0126217555487472,-0.00079375,-0.00140758192218746));
#6000=CARTESIAN_POINT('',(0.,-0.00079375,0.));
#6001=CARTESIAN_POINT('',(-0.0124389695966514,-0.00079375,-0.00256164700409354));
#6002=CARTESIAN_POINT('',(-0.0102745158285618,-0.00889,-0.00746487270411441));
#6003=CARTESIAN_POINT('',(-0.011759371330325,-0.00514954124681965,-0.00542114443697541));
#6004=CARTESIAN_POINT('',(-0.0123490979890505,-0.0014090824936393,-0.00296475612097));
#6005=CARTESIAN_POINT('',(-0.012938824647776,0.00233137625954105,-0.000508367804964595));
#6006=CARTESIAN_POINT('',(-0.0125436419255582,0.0060718350127214,0.00198671770601093));
#6007=CARTESIAN_POINT('',(0.,-0.0165862,0.));
#6008=CARTESIAN_POINT('',(0.,-0.00079375,0.));
#6009=CARTESIAN_POINT('',(0.,-0.0165862,0.));
#6010=CARTESIAN_POINT('',(-0.00198671770601093,-0.00889,-0.0125436419255582));
#6011=CARTESIAN_POINT('',(-0.00448180321698646,-0.00514954124681965,-0.0121484592033405));
#6012=CARTESIAN_POINT('',(-0.00663573177189255,-0.0014090824936393,-0.010828530087297));
#6013=CARTESIAN_POINT('',(-0.00878966032679865,0.00233137625954105,-0.00950860097125342));
#6014=CARTESIAN_POINT('',(-0.0102745158285618,0.0060718350127214,-0.00746487270411441));
#6015=CARTESIAN_POINT('',(-0.0057656793466922,-0.00289600153965341,-0.0113157828571923));
#6016=CARTESIAN_POINT('',(-0.0102745158285618,-0.00889,-0.00746487270411441));
#6017=CARTESIAN_POINT('',(-0.00878966032679865,-0.00514954124681965,-0.00950860097125342));
#6018=CARTESIAN_POINT('',(-0.00663573177189255,-0.0014090824936393,-0.010828530087297));
#6019=CARTESIAN_POINT('',(-0.00448180321698646,0.00233137625954105,-0.0121484592033405));
#6020=CARTESIAN_POINT('',(-0.00198671770601093,0.0060718350127214,-0.0125436419255582));
#6021=CARTESIAN_POINT('',(-0.00628012407356969,-0.00079375,-0.0110385706330381));
#6022=CARTESIAN_POINT('',(0.,-0.00079375,0.));
#6023=CARTESIAN_POINT('',(-0.00523902692272482,-0.00079375,-0.0115690361267897));
#6024=CARTESIAN_POINT('',(2.33295215237571E-18,-0.00889,-0.0127));
#6025=CARTESIAN_POINT('',(-0.00252618706572165,-0.00514954124681965,-0.0127));
#6026=CARTESIAN_POINT('',(-0.00486007959103664,-0.0014090824936393,-0.0117332700628933));
#6027=CARTESIAN_POINT('',(-0.00719397211635163,0.00233137625954105,-0.0107665401257867));
#6028=CARTESIAN_POINT('',(-0.00898025612106915,0.0060718350127214,-0.00898025612106916));
#6029=CARTESIAN_POINT('',(-0.00486007959103664,-0.0014090824936393,-0.0117332700628933));
#6030=CARTESIAN_POINT('',(-0.00898025612106915,-0.00889,-0.00898025612106916));
#6031=CARTESIAN_POINT('',(-0.00719397211635163,-0.00514954124681965,-0.0107665401257867));
#6032=CARTESIAN_POINT('',(-0.00486007959103664,-0.0014090824936393,-0.0117332700628933));
#6033=CARTESIAN_POINT('',(-0.00252618706572165,0.00233137625954105,-0.0127));
#6034=CARTESIAN_POINT('',(1.7347234759768E-18,0.0060718350127214,-0.0127));
#6035=CARTESIAN_POINT('',(0.,-0.0165862,0.));
#6036=CARTESIAN_POINT('',(-0.00392451582856183,-0.00889,-0.0120784177569485));
#6037=CARTESIAN_POINT('',(-0.00632706249879695,-0.00514954124681965,-0.0112977830226703));
#6038=CARTESIAN_POINT('',(-0.00824799021379333,-0.0014090824936393,-0.0096571557631204));
#6039=CARTESIAN_POINT('',(-0.0101689179287897,0.00233137625954105,-0.00801652850357052));
#6040=CARTESIAN_POINT('',(-0.0113157828571923,0.0060718350127214,-0.00576567934669225));
#6041=CARTESIAN_POINT('',(-0.00663573177189208,-0.00439681440734089,-0.0108285300872973));
#6042=CARTESIAN_POINT('',(-0.00898025612106915,-0.00889,-0.00898025612106916));
#6043=CARTESIAN_POINT('',(-0.00719397211635163,-0.00514954124681965,-0.0107665401257867));
#6044=CARTESIAN_POINT('',(-0.00486007959103664,-0.0014090824936393,-0.0117332700628933));
#6045=CARTESIAN_POINT('',(-0.00252618706572165,0.00233137625954105,-0.0127));
#6046=CARTESIAN_POINT('',(1.7347234759768E-18,0.0060718350127214,-0.0127));
#6047=CARTESIAN_POINT('',(0.,-0.0165862,0.));
#6048=CARTESIAN_POINT('',(-0.00576567934669224,-0.00889,-0.0113157828571923));
#6049=CARTESIAN_POINT('',(-0.00801652850357051,-0.00514954124681965,-0.0101689179287897));
#6050=CARTESIAN_POINT('',(-0.00965715576312039,-0.0014090824936393,-0.00824799021379333));
#6051=CARTESIAN_POINT('',(-0.0112977830226703,0.00233137625954105,-0.00632706249879695));
#6052=CARTESIAN_POINT('',(-0.0120784177569484,0.0060718350127214,-0.00392451582856184));
#6053=CARTESIAN_POINT('',(-0.00746487270411466,-0.00590226808629877,-0.0102745158285616));
#6054=CARTESIAN_POINT('',(-0.00898025612106915,-0.00889,-0.00898025612106916));
#6055=CARTESIAN_POINT('',(-0.00719397211635163,-0.00514954124681965,-0.0107665401257867));
#6056=CARTESIAN_POINT('',(-0.00486007959103664,-0.0014090824936393,-0.0117332700628933));
#6057=CARTESIAN_POINT('',(-0.00252618706572165,0.00233137625954105,-0.0127));
#6058=CARTESIAN_POINT('',(1.7347234759768E-18,0.0060718350127214,-0.0127));
#6059=CARTESIAN_POINT('',(0.,-0.0165862,0.));
#6060=CARTESIAN_POINT('',(-0.00746487270411441,-0.00889,-0.0102745158285618));
#6061=CARTESIAN_POINT('',(-0.00950860097125342,-0.00514954124681965,-0.00878966032679866));
#6062=CARTESIAN_POINT('',(-0.010828530087297,-0.0014090824936393,-0.00663573177189256));
#6063=CARTESIAN_POINT('',(-0.0121484592033405,0.00233137625954105,-0.00448180321698646));
#6064=CARTESIAN_POINT('',(-0.0125436419255582,0.0060718350127214,-0.00198671770601093));
#6065=CARTESIAN_POINT('',(-0.00824799021379334,-0.00740308095398595,-0.0096571557631204));
#6066=CARTESIAN_POINT('',(-0.00898025612106915,-0.00889,-0.00898025612106916));
#6067=CARTESIAN_POINT('',(-0.00719397211635163,-0.00514954124681965,-0.0107665401257867));
#6068=CARTESIAN_POINT('',(-0.00486007959103664,-0.0014090824936393,-0.0117332700628933));
#6069=CARTESIAN_POINT('',(-0.00252618706572165,0.00233137625954105,-0.0127));
#6070=CARTESIAN_POINT('',(1.7347234759768E-18,0.0060718350127214,-0.0127));
#6071=CARTESIAN_POINT('',(0.,-0.0165862,0.));
#6072=CARTESIAN_POINT('',(-0.00898025612106915,-0.00889,-0.00898025612106916));
#6073=CARTESIAN_POINT('',(-0.0107665401257867,-0.00514954124681965,-0.00719397211635163));
#6074=CARTESIAN_POINT('',(-0.0117332700628933,-0.0014090824936393,-0.00486007959103664));
#6075=CARTESIAN_POINT('',(-0.0127,0.00233137625954105,-0.00252618706572166));
#6076=CARTESIAN_POINT('',(-0.0127,0.0060718350127214,-3.90312782094781E-18));
#6077=CARTESIAN_POINT('',(-0.00898025612106915,-0.00889,-0.00898025612106916));
#6078=CARTESIAN_POINT('',(-0.00898025612106915,-0.00889,-0.00898025612106916));
#6079=CARTESIAN_POINT('',(-0.00719397211635163,-0.00514954124681965,-0.0107665401257867));
#6080=CARTESIAN_POINT('',(-0.00486007959103664,-0.0014090824936393,-0.0117332700628933));
#6081=CARTESIAN_POINT('',(-0.00252618706572165,0.00233137625954105,-0.0127));
#6082=CARTESIAN_POINT('',(1.7347234759768E-18,0.0060718350127214,-0.0127));
#6083=CARTESIAN_POINT('',(0.,-0.0165862,0.));
#6084=CARTESIAN_POINT('',(0.,-0.00889,0.));
#6085=CARTESIAN_POINT('',(0.,-0.0165862,0.));
#6086=CARTESIAN_POINT('',(-0.0127,-0.00889,0.));
#6087=CARTESIAN_POINT('',(-0.0127,-0.00514954124681965,-0.00252618706572166));
#6088=CARTESIAN_POINT('',(-0.0117332700628933,-0.0014090824936393,-0.00486007959103664));
#6089=CARTESIAN_POINT('',(-0.0107665401257867,0.00233137625954105,-0.00719397211635163));
#6090=CARTESIAN_POINT('',(-0.00898025612106916,0.0060718350127214,-0.00898025612106915));
#6091=CARTESIAN_POINT('',(-0.0117332700628933,-0.0014090824936393,-0.00486007959103664));
#6092=CARTESIAN_POINT('',(-0.00898025612106915,-0.00889,-0.00898025612106916));
#6093=CARTESIAN_POINT('',(-0.0107665401257867,-0.00514954124681965,-0.00719397211635163));
#6094=CARTESIAN_POINT('',(-0.0117332700628933,-0.0014090824936393,-0.00486007959103664));
#6095=CARTESIAN_POINT('',(-0.0127,0.00233137625954105,-0.00252618706572166));
#6096=CARTESIAN_POINT('',(-0.0127,0.0060718350127214,-3.90312782094781E-18));
#6097=CARTESIAN_POINT('',(0.,-0.0165862,0.));
#6098=CARTESIAN_POINT('',(-0.0125436419255582,-0.00889,0.00198671770601093));
#6099=CARTESIAN_POINT('',(-0.012938824647776,-0.00514954124681965,-0.000508367804964591));
#6100=CARTESIAN_POINT('',(-0.0123490979890505,-0.0014090824936393,-0.00296475612097));
#6101=CARTESIAN_POINT('',(-0.011759371330325,0.00233137625954105,-0.00542114443697541));
#6102=CARTESIAN_POINT('',(-0.0102745158285618,0.0060718350127214,-0.00746487270411441));
#6103=CARTESIAN_POINT('',(-0.0122461664683419,-0.00079375,-0.00336472983011389));
#6104=CARTESIAN_POINT('',(0.,-0.00079375,0.));
#6105=CARTESIAN_POINT('',(-0.0118850953609227,-0.00079375,-0.00447599243316752));
#6106=CARTESIAN_POINT('',(-0.00898025612106915,-0.00889,-0.00898025612106916));
#6107=CARTESIAN_POINT('',(-0.0107665401257867,-0.00514954124681965,-0.00719397211635163));
#6108=CARTESIAN_POINT('',(-0.0117332700628933,-0.0014090824936393,-0.00486007959103664));
#6109=CARTESIAN_POINT('',(-0.0127,0.00233137625954105,-0.00252618706572166));
#6110=CARTESIAN_POINT('',(-0.0127,0.0060718350127214,-3.90312782094781E-18));
#6111=CARTESIAN_POINT('',(0.,-0.0165862,0.));
#6112=CARTESIAN_POINT('',(0.,-0.00079375,0.));
#6113=CARTESIAN_POINT('',(0.,-0.0165862,0.));
#6114=CARTESIAN_POINT('',(2.33295215237571E-18,-0.00889,-0.0127));
#6115=CARTESIAN_POINT('',(-0.00252618706572165,-0.00514954124681965,-0.0127));
#6116=CARTESIAN_POINT('',(-0.00486007959103664,-0.0014090824936393,-0.0117332700628933));
#6117=CARTESIAN_POINT('',(-0.00719397211635163,0.00233137625954105,-0.0107665401257867));
#6118=CARTESIAN_POINT('',(-0.00898025612106915,0.0060718350127214,-0.00898025612106916));
#6119=CARTESIAN_POINT('',(-0.00392451582856179,-0.00289600153965341,-0.0120784177569485));
#6120=CARTESIAN_POINT('',(-0.00898025612106915,-0.00889,-0.00898025612106916));
#6121=CARTESIAN_POINT('',(-0.00719397211635163,-0.00514954124681965,-0.0107665401257867));
#6122=CARTESIAN_POINT('',(-0.00486007959103664,-0.0014090824936393,-0.0117332700628933));
#6123=CARTESIAN_POINT('',(-0.00252618706572165,0.00233137625954105,-0.0127));
#6124=CARTESIAN_POINT('',(1.7347234759768E-18,0.0060718350127214,-0.0127));
#6125=CARTESIAN_POINT('',(-0.00447599243316751,-0.00079375,-0.0118850953609227));
#6126=CARTESIAN_POINT('',(0.,-0.00079375,0.));
#6127=CARTESIAN_POINT('',(-0.00336472983011388,-0.00079375,-0.0122461664683419));
#6128=CARTESIAN_POINT('',(0.00198671770601093,-0.00889,-0.0125436419255582));
#6129=CARTESIAN_POINT('',(-0.000508367804964589,-0.00514954124681965,-0.012938824647776));
#6130=CARTESIAN_POINT('',(-0.00296475612097,-0.0014090824936393,-0.0123490979890505));
#6131=CARTESIAN_POINT('',(-0.00542114443697541,0.00233137625954105,-0.011759371330325));
#6132=CARTESIAN_POINT('',(-0.00746487270411441,0.00607183501272139,-0.0102745158285618));
#6133=CARTESIAN_POINT('',(-0.00296475612097,-0.0014090824936393,-0.0123490979890505));
#6134=CARTESIAN_POINT('',(-0.00746487270411441,-0.00889,-0.0102745158285618));
#6135=CARTESIAN_POINT('',(-0.00542114443697541,-0.00514954124681965,-0.011759371330325));
#6136=CARTESIAN_POINT('',(-0.00296475612097,-0.0014090824936393,-0.0123490979890505));
#6137=CARTESIAN_POINT('',(-0.000508367804964588,0.00233137625954105,-0.012938824647776));
#6138=CARTESIAN_POINT('',(0.00198671770601093,0.0060718350127214,-0.0125436419255582));
#6139=CARTESIAN_POINT('',(0.,-0.0165862,0.));
#6140=CARTESIAN_POINT('',(-0.00198671770601093,-0.00889,-0.0125436419255582));
#6141=CARTESIAN_POINT('',(-0.00448180321698646,-0.00514954124681965,-0.0121484592033405));
#6142=CARTESIAN_POINT('',(-0.00663573177189255,-0.0014090824936393,-0.010828530087297));
#6143=CARTESIAN_POINT('',(-0.00878966032679865,0.00233137625954105,-0.00950860097125342));
#6144=CARTESIAN_POINT('',(-0.0102745158285618,0.0060718350127214,-0.00746487270411441));
#6145=CARTESIAN_POINT('',(-0.00486007959103613,-0.0043968144073409,-0.0117332700628936));
#6146=CARTESIAN_POINT('',(-0.00746487270411441,-0.00889,-0.0102745158285618));
#6147=CARTESIAN_POINT('',(-0.00542114443697541,-0.00514954124681965,-0.011759371330325));
#6148=CARTESIAN_POINT('',(-0.00296475612097,-0.0014090824936393,-0.0123490979890505));
#6149=CARTESIAN_POINT('',(-0.000508367804964588,0.00233137625954105,-0.012938824647776));
#6150=CARTESIAN_POINT('',(0.00198671770601093,0.0060718350127214,-0.0125436419255582));
#6151=CARTESIAN_POINT('',(0.,-0.0165862,0.));
#6152=CARTESIAN_POINT('',(-0.00392451582856183,-0.00889,-0.0120784177569485));
#6153=CARTESIAN_POINT('',(-0.00632706249879695,-0.00514954124681965,-0.0112977830226703));
#6154=CARTESIAN_POINT('',(-0.00824799021379333,-0.0014090824936393,-0.0096571557631204));
#6155=CARTESIAN_POINT('',(-0.0101689179287897,0.00233137625954105,-0.00801652850357052));
#6156=CARTESIAN_POINT('',(-0.0113157828571923,0.0060718350127214,-0.00576567934669225));
#6157=CARTESIAN_POINT('',(-0.00576567934669252,-0.00590226808629877,-0.0113157828571921));
#6158=CARTESIAN_POINT('',(-0.00746487270411441,-0.00889,-0.0102745158285618));
#6159=CARTESIAN_POINT('',(-0.00542114443697541,-0.00514954124681965,-0.011759371330325));
#6160=CARTESIAN_POINT('',(-0.00296475612097,-0.0014090824936393,-0.0123490979890505));
#6161=CARTESIAN_POINT('',(-0.000508367804964588,0.00233137625954105,-0.012938824647776));
#6162=CARTESIAN_POINT('',(0.00198671770601093,0.0060718350127214,-0.0125436419255582));
#6163=CARTESIAN_POINT('',(0.,-0.0165862,0.));
#6164=CARTESIAN_POINT('',(-0.00576567934669224,-0.00889,-0.0113157828571923));
#6165=CARTESIAN_POINT('',(-0.00801652850357051,-0.00514954124681965,-0.0101689179287897));
#6166=CARTESIAN_POINT('',(-0.00965715576312039,-0.0014090824936393,-0.00824799021379333));
#6167=CARTESIAN_POINT('',(-0.0112977830226703,0.00233137625954105,-0.00632706249879695));
#6168=CARTESIAN_POINT('',(-0.0120784177569484,0.0060718350127214,-0.00392451582856184));
#6169=CARTESIAN_POINT('',(-0.00663573177189255,-0.00740308095398595,-0.010828530087297));
#6170=CARTESIAN_POINT('',(-0.00746487270411441,-0.00889,-0.0102745158285618));
#6171=CARTESIAN_POINT('',(-0.00542114443697541,-0.00514954124681965,-0.011759371330325));
#6172=CARTESIAN_POINT('',(-0.00296475612097,-0.0014090824936393,-0.0123490979890505));
#6173=CARTESIAN_POINT('',(-0.000508367804964588,0.00233137625954105,-0.012938824647776));
#6174=CARTESIAN_POINT('',(0.00198671770601093,0.0060718350127214,-0.0125436419255582));
#6175=CARTESIAN_POINT('',(0.,-0.0165862,0.));
#6176=CARTESIAN_POINT('',(-0.00746487270411441,-0.00889,-0.0102745158285618));
#6177=CARTESIAN_POINT('',(-0.00950860097125342,-0.00514954124681965,-0.00878966032679866));
#6178=CARTESIAN_POINT('',(-0.010828530087297,-0.0014090824936393,-0.00663573177189256));
#6179=CARTESIAN_POINT('',(-0.0121484592033405,0.00233137625954105,-0.00448180321698646));
#6180=CARTESIAN_POINT('',(-0.0125436419255582,0.0060718350127214,-0.00198671770601093));
#6181=CARTESIAN_POINT('',(-0.00746487270411441,-0.00889,-0.0102745158285618));
#6182=CARTESIAN_POINT('',(-0.00746487270411441,-0.00889,-0.0102745158285618));
#6183=CARTESIAN_POINT('',(-0.00542114443697541,-0.00514954124681965,-0.011759371330325));
#6184=CARTESIAN_POINT('',(-0.00296475612097,-0.0014090824936393,-0.0123490979890505));
#6185=CARTESIAN_POINT('',(-0.000508367804964588,0.00233137625954105,-0.012938824647776));
#6186=CARTESIAN_POINT('',(0.00198671770601093,0.0060718350127214,-0.0125436419255582));
#6187=CARTESIAN_POINT('',(0.,-0.0165862,0.));
#6188=CARTESIAN_POINT('',(0.,-0.00889,0.));
#6189=CARTESIAN_POINT('',(0.,-0.0165862,0.));
#6190=CARTESIAN_POINT('',(-0.0127,-0.00889,0.));
#6191=CARTESIAN_POINT('',(-0.0127,-0.00514954124681965,-0.00252618706572166));
#6192=CARTESIAN_POINT('',(-0.0117332700628933,-0.0014090824936393,-0.00486007959103664));
#6193=CARTESIAN_POINT('',(-0.0107665401257867,0.00233137625954105,-0.00719397211635163));
#6194=CARTESIAN_POINT('',(-0.00898025612106916,0.0060718350127214,-0.00898025612106915));
#6195=CARTESIAN_POINT('',(-0.0115690361267897,-0.00079375,-0.00523902692272482));
#6196=CARTESIAN_POINT('',(0.,-0.00079375,0.));
#6197=CARTESIAN_POINT('',(-0.0110385706330381,-0.00079375,-0.0062801240735697));
#6198=CARTESIAN_POINT('',(-0.00746487270411441,-0.00889,-0.0102745158285618));
#6199=CARTESIAN_POINT('',(-0.00950860097125342,-0.00514954124681965,-0.00878966032679866));
#6200=CARTESIAN_POINT('',(-0.010828530087297,-0.0014090824936393,-0.00663573177189256));
#6201=CARTESIAN_POINT('',(-0.0121484592033405,0.00233137625954105,-0.00448180321698646));
#6202=CARTESIAN_POINT('',(-0.0125436419255582,0.0060718350127214,-0.00198671770601093));
#6203=CARTESIAN_POINT('',(0.,-0.0165862,0.));
#6204=CARTESIAN_POINT('',(0.,-0.00079375,0.));
#6205=CARTESIAN_POINT('',(0.,-0.0165862,0.));
#6206=CARTESIAN_POINT('',(0.00198671770601093,-0.00889,-0.0125436419255582));
#6207=CARTESIAN_POINT('',(-0.000508367804964589,-0.00514954124681965,-0.012938824647776));
#6208=CARTESIAN_POINT('',(-0.00296475612097,-0.0014090824936393,-0.0123490979890505));
#6209=CARTESIAN_POINT('',(-0.00542114443697541,0.00233137625954105,-0.011759371330325));
#6210=CARTESIAN_POINT('',(-0.00746487270411441,0.00607183501272139,-0.0102745158285618));
#6211=CARTESIAN_POINT('',(-0.00198671770601088,-0.00289600153965341,-0.0125436419255583));
#6212=CARTESIAN_POINT('',(-0.00746487270411441,-0.00889,-0.0102745158285618));
#6213=CARTESIAN_POINT('',(-0.00542114443697541,-0.00514954124681965,-0.011759371330325));
#6214=CARTESIAN_POINT('',(-0.00296475612097,-0.0014090824936393,-0.0123490979890505));
#6215=CARTESIAN_POINT('',(-0.000508367804964588,0.00233137625954105,-0.012938824647776));
#6216=CARTESIAN_POINT('',(0.00198671770601093,0.0060718350127214,-0.0125436419255582));
#6217=CARTESIAN_POINT('',(-0.00256164700409353,-0.00079375,-0.0124389695966514));
#6218=CARTESIAN_POINT('',(0.,-0.00079375,0.));
#6219=CARTESIAN_POINT('',(-0.00140758192218746,-0.00079375,-0.0126217555487472));
#6220=CARTESIAN_POINT('',(0.00392451582856184,-0.00889,-0.0120784177569484));
#6221=CARTESIAN_POINT('',(0.00152196915832672,-0.00514954124681965,-0.0128590524912266));
#6222=CARTESIAN_POINT('',(-0.000996430515743629,-0.0014090824936393,-0.0126608501384107));
#6223=CARTESIAN_POINT('',(-0.00351483018981398,0.00233137625954105,-0.0124626477855948));
#6224=CARTESIAN_POINT('',(-0.00576567934669224,0.00607183501272139,-0.0113157828571923));
#6225=CARTESIAN_POINT('',(-0.000996430515743629,-0.0014090824936393,-0.0126608501384107));
#6226=CARTESIAN_POINT('',(-0.00576567934669224,-0.00889,-0.0113157828571923));
#6227=CARTESIAN_POINT('',(-0.00351483018981398,-0.00514954124681965,-0.0124626477855948));
#6228=CARTESIAN_POINT('',(-0.000996430515743628,-0.0014090824936393,-0.0126608501384107));
#6229=CARTESIAN_POINT('',(0.00152196915832672,0.00233137625954105,-0.0128590524912266));
#6230=CARTESIAN_POINT('',(0.00392451582856184,0.0060718350127214,-0.0120784177569484));
#6231=CARTESIAN_POINT('',(0.,-0.0165862,0.));
#6232=CARTESIAN_POINT('',(2.33295215237571E-18,-0.00889,-0.0127));
#6233=CARTESIAN_POINT('',(-0.00252618706572165,-0.00514954124681965,-0.0127));
#6234=CARTESIAN_POINT('',(-0.00486007959103664,-0.0014090824936393,-0.0117332700628933));
#6235=CARTESIAN_POINT('',(-0.00719397211635163,0.00233137625954105,-0.0107665401257867));
#6236=CARTESIAN_POINT('',(-0.00898025612106915,0.0060718350127214,-0.00898025612106916));
#6237=CARTESIAN_POINT('',(-0.00296475612096946,-0.0043968144073409,-0.0123490979890506));
#6238=CARTESIAN_POINT('',(-0.00576567934669224,-0.00889,-0.0113157828571923));
#6239=CARTESIAN_POINT('',(-0.00351483018981398,-0.00514954124681965,-0.0124626477855948));
#6240=CARTESIAN_POINT('',(-0.000996430515743628,-0.0014090824936393,-0.0126608501384107));
#6241=CARTESIAN_POINT('',(0.00152196915832672,0.00233137625954105,-0.0128590524912266));
#6242=CARTESIAN_POINT('',(0.00392451582856184,0.0060718350127214,-0.0120784177569484));
#6243=CARTESIAN_POINT('',(0.,-0.0165862,0.));
#6244=CARTESIAN_POINT('',(-0.00198671770601093,-0.00889,-0.0125436419255582));
#6245=CARTESIAN_POINT('',(-0.00448180321698646,-0.00514954124681965,-0.0121484592033405));
#6246=CARTESIAN_POINT('',(-0.00663573177189255,-0.0014090824936393,-0.010828530087297));
#6247=CARTESIAN_POINT('',(-0.00878966032679865,0.00233137625954105,-0.00950860097125342));
#6248=CARTESIAN_POINT('',(-0.0102745158285618,0.0060718350127214,-0.00746487270411441));
#6249=CARTESIAN_POINT('',(-0.00392451582856213,-0.00590226808629877,-0.0120784177569484));
#6250=CARTESIAN_POINT('',(-0.00576567934669224,-0.00889,-0.0113157828571923));
#6251=CARTESIAN_POINT('',(-0.00351483018981398,-0.00514954124681965,-0.0124626477855948));
#6252=CARTESIAN_POINT('',(-0.000996430515743628,-0.0014090824936393,-0.0126608501384107));
#6253=CARTESIAN_POINT('',(0.00152196915832672,0.00233137625954105,-0.0128590524912266));
#6254=CARTESIAN_POINT('',(0.00392451582856184,0.0060718350127214,-0.0120784177569484));
#6255=CARTESIAN_POINT('',(0.,-0.0165862,0.));
#6256=CARTESIAN_POINT('',(-0.00392451582856183,-0.00889,-0.0120784177569485));
#6257=CARTESIAN_POINT('',(-0.00632706249879695,-0.00514954124681965,-0.0112977830226703));
#6258=CARTESIAN_POINT('',(-0.00824799021379333,-0.0014090824936393,-0.0096571557631204));
#6259=CARTESIAN_POINT('',(-0.0101689179287897,0.00233137625954105,-0.00801652850357052));
#6260=CARTESIAN_POINT('',(-0.0113157828571923,0.0060718350127214,-0.00576567934669225));
#6261=CARTESIAN_POINT('',(-0.00486007959103664,-0.00740308095398595,-0.0117332700628933));
#6262=CARTESIAN_POINT('',(-0.00576567934669224,-0.00889,-0.0113157828571923));
#6263=CARTESIAN_POINT('',(-0.00351483018981398,-0.00514954124681965,-0.0124626477855948));
#6264=CARTESIAN_POINT('',(-0.000996430515743628,-0.0014090824936393,-0.0126608501384107));
#6265=CARTESIAN_POINT('',(0.00152196915832672,0.00233137625954105,-0.0128590524912266));
#6266=CARTESIAN_POINT('',(0.00392451582856184,0.0060718350127214,-0.0120784177569484));
#6267=CARTESIAN_POINT('',(0.,-0.0165862,0.));
#6268=CARTESIAN_POINT('',(-0.00576567934669224,-0.00889,-0.0113157828571923));
#6269=CARTESIAN_POINT('',(-0.00801652850357051,-0.00514954124681965,-0.0101689179287897));
#6270=CARTESIAN_POINT('',(-0.00965715576312039,-0.0014090824936393,-0.00824799021379333));
#6271=CARTESIAN_POINT('',(-0.0112977830226703,0.00233137625954105,-0.00632706249879695));
#6272=CARTESIAN_POINT('',(-0.0120784177569484,0.0060718350127214,-0.00392451582856184));
#6273=CARTESIAN_POINT('',(-0.00576567934669224,-0.00889,-0.0113157828571923));
#6274=CARTESIAN_POINT('',(-0.00576567934669224,-0.00889,-0.0113157828571923));
#6275=CARTESIAN_POINT('',(-0.00351483018981398,-0.00514954124681965,-0.0124626477855948));
#6276=CARTESIAN_POINT('',(-0.000996430515743628,-0.0014090824936393,-0.0126608501384107));
#6277=CARTESIAN_POINT('',(0.00152196915832672,0.00233137625954105,-0.0128590524912266));
#6278=CARTESIAN_POINT('',(0.00392451582856184,0.0060718350127214,-0.0120784177569484));
#6279=CARTESIAN_POINT('',(0.,-0.0165862,0.));
#6280=CARTESIAN_POINT('',(0.,-0.00889,0.));
#6281=CARTESIAN_POINT('',(0.,-0.0165862,0.));
#6282=CARTESIAN_POINT('',(0.,-0.00079375,0.));
#6283=CARTESIAN_POINT('',(0.,-0.0165862,0.));
#6284=CARTESIAN_POINT('',(0.00392451582856184,-0.00889,-0.0120784177569484));
#6285=CARTESIAN_POINT('',(0.00152196915832672,-0.00514954124681965,-0.0128590524912266));
#6286=CARTESIAN_POINT('',(-0.000996430515743629,-0.0014090824936393,-0.0126608501384107));
#6287=CARTESIAN_POINT('',(-0.00351483018981398,0.00233137625954105,-0.0124626477855948));
#6288=CARTESIAN_POINT('',(-0.00576567934669224,0.00607183501272139,-0.0113157828571923));
#6289=CARTESIAN_POINT('',(4.70188885827534E-17,-0.00289600153965341,-0.0127));
#6290=CARTESIAN_POINT('',(-0.00576567934669224,-0.00889,-0.0113157828571923));
#6291=CARTESIAN_POINT('',(-0.00351483018981398,-0.00514954124681965,-0.0124626477855948));
#6292=CARTESIAN_POINT('',(-0.000996430515743628,-0.0014090824936393,-0.0126608501384107));
#6293=CARTESIAN_POINT('',(0.00152196915832672,0.00233137625954105,-0.0128590524912266));
#6294=CARTESIAN_POINT('',(0.00392451582856184,0.0060718350127214,-0.0120784177569484));
#6295=CARTESIAN_POINT('',(-0.000584225324159786,-0.00079375,-0.0126865551183373));
#6296=CARTESIAN_POINT('',(0.,-0.00079375,0.));
#6297=CARTESIAN_POINT('',(0.00058422532415979,-0.00079375,-0.0126865551183373));
#6298=CARTESIAN_POINT('',(0.00576567934669225,-0.00889,-0.0113157828571923));
#6299=CARTESIAN_POINT('',(0.00351483018981398,-0.00514954124681965,-0.0124626477855948));
#6300=CARTESIAN_POINT('',(0.000996430515743633,-0.0014090824936393,-0.0126608501384107));
#6301=CARTESIAN_POINT('',(-0.00152196915832672,0.00233137625954105,-0.0128590524912266));
#6302=CARTESIAN_POINT('',(-0.00392451582856183,0.0060718350127214,-0.0120784177569484));
#6303=CARTESIAN_POINT('',(0.000996430515743633,-0.0014090824936393,-0.0126608501384107));
#6304=CARTESIAN_POINT('',(-0.00392451582856183,-0.00889,-0.0120784177569485));
#6305=CARTESIAN_POINT('',(-0.00152196915832672,-0.00514954124681965,-0.0128590524912266));
#6306=CARTESIAN_POINT('',(0.000996430515743634,-0.0014090824936393,-0.0126608501384107));
#6307=CARTESIAN_POINT('',(0.00351483018981398,0.00233137625954105,-0.0124626477855948));
#6308=CARTESIAN_POINT('',(0.00576567934669225,0.0060718350127214,-0.0113157828571923));
#6309=CARTESIAN_POINT('',(0.,-0.0165862,0.));
#6310=CARTESIAN_POINT('',(0.00198671770601093,-0.00889,-0.0125436419255582));
#6311=CARTESIAN_POINT('',(-0.000508367804964589,-0.00514954124681965,-0.012938824647776));
#6312=CARTESIAN_POINT('',(-0.00296475612097,-0.0014090824936393,-0.0123490979890505));
#6313=CARTESIAN_POINT('',(-0.00542114443697541,0.00233137625954105,-0.011759371330325));
#6314=CARTESIAN_POINT('',(-0.00746487270411441,0.00607183501272139,-0.0102745158285618));
#6315=CARTESIAN_POINT('',(-0.000996430515743078,-0.00439681440734089,-0.0126608501384108));
#6316=CARTESIAN_POINT('',(-0.00392451582856183,-0.00889,-0.0120784177569485));
#6317=CARTESIAN_POINT('',(-0.00152196915832672,-0.00514954124681965,-0.0128590524912266));
#6318=CARTESIAN_POINT('',(0.000996430515743634,-0.0014090824936393,-0.0126608501384107));
#6319=CARTESIAN_POINT('',(0.00351483018981398,0.00233137625954105,-0.0124626477855948));
#6320=CARTESIAN_POINT('',(0.00576567934669225,0.0060718350127214,-0.0113157828571923));
#6321=CARTESIAN_POINT('',(0.,-0.0165862,0.));
#6322=CARTESIAN_POINT('',(2.33295215237571E-18,-0.00889,-0.0127));
#6323=CARTESIAN_POINT('',(-0.00252618706572165,-0.00514954124681965,-0.0127));
#6324=CARTESIAN_POINT('',(-0.00486007959103664,-0.0014090824936393,-0.0117332700628933));
#6325=CARTESIAN_POINT('',(-0.00719397211635163,0.00233137625954105,-0.0107665401257867));
#6326=CARTESIAN_POINT('',(-0.00898025612106915,0.0060718350127214,-0.00898025612106916));
#6327=CARTESIAN_POINT('',(-0.00198671770601123,-0.00590226808629877,-0.0125436419255582));
#6328=CARTESIAN_POINT('',(-0.00392451582856183,-0.00889,-0.0120784177569485));
#6329=CARTESIAN_POINT('',(-0.00152196915832672,-0.00514954124681965,-0.0128590524912266));
#6330=CARTESIAN_POINT('',(0.000996430515743634,-0.0014090824936393,-0.0126608501384107));
#6331=CARTESIAN_POINT('',(0.00351483018981398,0.00233137625954105,-0.0124626477855948));
#6332=CARTESIAN_POINT('',(0.00576567934669225,0.0060718350127214,-0.0113157828571923));
#6333=CARTESIAN_POINT('',(0.,-0.0165862,0.));
#6334=CARTESIAN_POINT('',(-0.00198671770601093,-0.00889,-0.0125436419255582));
#6335=CARTESIAN_POINT('',(-0.00448180321698646,-0.00514954124681965,-0.0121484592033405));
#6336=CARTESIAN_POINT('',(-0.00663573177189255,-0.0014090824936393,-0.010828530087297));
#6337=CARTESIAN_POINT('',(-0.00878966032679865,0.00233137625954105,-0.00950860097125342));
#6338=CARTESIAN_POINT('',(-0.0102745158285618,0.0060718350127214,-0.00746487270411441));
#6339=CARTESIAN_POINT('',(-0.00296475612097,-0.00740308095398595,-0.0123490979890505));
#6340=CARTESIAN_POINT('',(-0.00392451582856183,-0.00889,-0.0120784177569485));
#6341=CARTESIAN_POINT('',(-0.00152196915832672,-0.00514954124681965,-0.0128590524912266));
#6342=CARTESIAN_POINT('',(0.000996430515743634,-0.0014090824936393,-0.0126608501384107));
#6343=CARTESIAN_POINT('',(0.00351483018981398,0.00233137625954105,-0.0124626477855948));
#6344=CARTESIAN_POINT('',(0.00576567934669225,0.0060718350127214,-0.0113157828571923));
#6345=CARTESIAN_POINT('',(0.,-0.0165862,0.));
#6346=CARTESIAN_POINT('',(-0.00392451582856183,-0.00889,-0.0120784177569485));
#6347=CARTESIAN_POINT('',(-0.00632706249879695,-0.00514954124681965,-0.0112977830226703));
#6348=CARTESIAN_POINT('',(-0.00824799021379333,-0.0014090824936393,-0.0096571557631204));
#6349=CARTESIAN_POINT('',(-0.0101689179287897,0.00233137625954105,-0.00801652850357052));
#6350=CARTESIAN_POINT('',(-0.0113157828571923,0.0060718350127214,-0.00576567934669225));
#6351=CARTESIAN_POINT('',(-0.00392451582856183,-0.00889,-0.0120784177569485));
#6352=CARTESIAN_POINT('',(-0.00392451582856183,-0.00889,-0.0120784177569485));
#6353=CARTESIAN_POINT('',(-0.00152196915832672,-0.00514954124681965,-0.0128590524912266));
#6354=CARTESIAN_POINT('',(0.000996430515743634,-0.0014090824936393,-0.0126608501384107));
#6355=CARTESIAN_POINT('',(0.00351483018981398,0.00233137625954105,-0.0124626477855948));
#6356=CARTESIAN_POINT('',(0.00576567934669225,0.0060718350127214,-0.0113157828571923));
#6357=CARTESIAN_POINT('',(0.,-0.0165862,0.));
#6358=CARTESIAN_POINT('',(0.,-0.00889,0.));
#6359=CARTESIAN_POINT('',(0.,-0.0165862,0.));
#6360=CARTESIAN_POINT('',(0.,-0.00079375,0.));
#6361=CARTESIAN_POINT('',(0.,-0.0165862,0.));
#6362=CARTESIAN_POINT('',(0.00576567934669225,-0.00889,-0.0113157828571923));
#6363=CARTESIAN_POINT('',(0.00351483018981398,-0.00514954124681965,-0.0124626477855948));
#6364=CARTESIAN_POINT('',(0.000996430515743633,-0.0014090824936393,-0.0126608501384107));
#6365=CARTESIAN_POINT('',(-0.00152196915832672,0.00233137625954105,-0.0128590524912266));
#6366=CARTESIAN_POINT('',(-0.00392451582856183,0.0060718350127214,-0.0120784177569484));
#6367=CARTESIAN_POINT('',(0.00198671770601098,-0.00289600153965341,-0.0125436419255582));
#6368=CARTESIAN_POINT('',(-0.00392451582856183,-0.00889,-0.0120784177569485));
#6369=CARTESIAN_POINT('',(-0.00152196915832672,-0.00514954124681965,-0.0128590524912266));
#6370=CARTESIAN_POINT('',(0.000996430515743634,-0.0014090824936393,-0.0126608501384107));
#6371=CARTESIAN_POINT('',(0.00351483018981398,0.00233137625954105,-0.0124626477855948));
#6372=CARTESIAN_POINT('',(0.00576567934669225,0.0060718350127214,-0.0113157828571923));
#6373=CARTESIAN_POINT('',(0.00140758192218746,-0.00079375,-0.0126217555487472));
#6374=CARTESIAN_POINT('',(0.,-0.00079375,0.));
#6375=CARTESIAN_POINT('',(0.00256164700409354,-0.00079375,-0.0124389695966514));
#6376=CARTESIAN_POINT('',(0.00746487270411441,-0.00889,-0.0102745158285618));
#6377=CARTESIAN_POINT('',(0.00542114443697541,-0.00514954124681965,-0.011759371330325));
#6378=CARTESIAN_POINT('',(0.00296475612097,-0.0014090824936393,-0.0123490979890505));
#6379=CARTESIAN_POINT('',(0.000508367804964593,0.00233137625954105,-0.012938824647776));
#6380=CARTESIAN_POINT('',(-0.00198671770601093,0.0060718350127214,-0.0125436419255582));
#6381=CARTESIAN_POINT('',(0.00296475612097,-0.0014090824936393,-0.0123490979890505));
#6382=CARTESIAN_POINT('',(-0.00198671770601093,-0.00889,-0.0125436419255582));
#6383=CARTESIAN_POINT('',(0.000508367804964594,-0.00514954124681965,-0.012938824647776));
#6384=CARTESIAN_POINT('',(0.00296475612097,-0.0014090824936393,-0.0123490979890505));
#6385=CARTESIAN_POINT('',(0.00542114443697541,0.00233137625954105,-0.011759371330325));
#6386=CARTESIAN_POINT('',(0.00746487270411441,0.0060718350127214,-0.0102745158285618));
#6387=CARTESIAN_POINT('',(0.,-0.0165862,0.));
#6388=CARTESIAN_POINT('',(0.00392451582856184,-0.00889,-0.0120784177569484));
#6389=CARTESIAN_POINT('',(0.00152196915832672,-0.00514954124681965,-0.0128590524912266));
#6390=CARTESIAN_POINT('',(-0.000996430515743629,-0.0014090824936393,-0.0126608501384107));
#6391=CARTESIAN_POINT('',(-0.00351483018981398,0.00233137625954105,-0.0124626477855948));
#6392=CARTESIAN_POINT('',(-0.00576567934669224,0.00607183501272139,-0.0113157828571923));
#6393=CARTESIAN_POINT('',(0.000996430515744184,-0.0043968144073409,-0.0126608501384107));
#6394=CARTESIAN_POINT('',(-0.00198671770601093,-0.00889,-0.0125436419255582));
#6395=CARTESIAN_POINT('',(0.000508367804964594,-0.00514954124681965,-0.012938824647776));
#6396=CARTESIAN_POINT('',(0.00296475612097,-0.0014090824936393,-0.0123490979890505));
#6397=CARTESIAN_POINT('',(0.00542114443697541,0.00233137625954105,-0.011759371330325));
#6398=CARTESIAN_POINT('',(0.00746487270411441,0.0060718350127214,-0.0102745158285618));
#6399=CARTESIAN_POINT('',(0.,-0.0165862,0.));
#6400=CARTESIAN_POINT('',(0.00198671770601093,-0.00889,-0.0125436419255582));
#6401=CARTESIAN_POINT('',(-0.000508367804964589,-0.00514954124681965,-0.012938824647776));
#6402=CARTESIAN_POINT('',(-0.00296475612097,-0.0014090824936393,-0.0123490979890505));
#6403=CARTESIAN_POINT('',(-0.00542114443697541,0.00233137625954105,-0.011759371330325));
#6404=CARTESIAN_POINT('',(-0.00746487270411441,0.00607183501272139,-0.0102745158285618));
#6405=CARTESIAN_POINT('',(-3.07716468925854E-16,-0.00590226808629877,-0.0127));
#6406=CARTESIAN_POINT('',(-0.00198671770601093,-0.00889,-0.0125436419255582));
#6407=CARTESIAN_POINT('',(0.000508367804964594,-0.00514954124681965,-0.012938824647776));
#6408=CARTESIAN_POINT('',(0.00296475612097,-0.0014090824936393,-0.0123490979890505));
#6409=CARTESIAN_POINT('',(0.00542114443697541,0.00233137625954105,-0.011759371330325));
#6410=CARTESIAN_POINT('',(0.00746487270411441,0.0060718350127214,-0.0102745158285618));
#6411=CARTESIAN_POINT('',(0.,-0.0165862,0.));
#6412=CARTESIAN_POINT('',(2.33295215237571E-18,-0.00889,-0.0127));
#6413=CARTESIAN_POINT('',(-0.00252618706572165,-0.00514954124681965,-0.0127));
#6414=CARTESIAN_POINT('',(-0.00486007959103664,-0.0014090824936393,-0.0117332700628933));
#6415=CARTESIAN_POINT('',(-0.00719397211635163,0.00233137625954105,-0.0107665401257867));
#6416=CARTESIAN_POINT('',(-0.00898025612106915,0.0060718350127214,-0.00898025612106916));
#6417=CARTESIAN_POINT('',(-0.000996430515743633,-0.00740308095398595,-0.0126608501384107));
#6418=CARTESIAN_POINT('',(-0.00198671770601093,-0.00889,-0.0125436419255582));
#6419=CARTESIAN_POINT('',(0.000508367804964594,-0.00514954124681965,-0.012938824647776));
#6420=CARTESIAN_POINT('',(0.00296475612097,-0.0014090824936393,-0.0123490979890505));
#6421=CARTESIAN_POINT('',(0.00542114443697541,0.00233137625954105,-0.011759371330325));
#6422=CARTESIAN_POINT('',(0.00746487270411441,0.0060718350127214,-0.0102745158285618));
#6423=CARTESIAN_POINT('',(0.,-0.0165862,0.));
#6424=CARTESIAN_POINT('',(-0.00198671770601093,-0.00889,-0.0125436419255582));
#6425=CARTESIAN_POINT('',(-0.00448180321698646,-0.00514954124681965,-0.0121484592033405));
#6426=CARTESIAN_POINT('',(-0.00663573177189255,-0.0014090824936393,-0.010828530087297));
#6427=CARTESIAN_POINT('',(-0.00878966032679865,0.00233137625954105,-0.00950860097125342));
#6428=CARTESIAN_POINT('',(-0.0102745158285618,0.0060718350127214,-0.00746487270411441));
#6429=CARTESIAN_POINT('',(-0.00198671770601093,-0.00889,-0.0125436419255582));
#6430=CARTESIAN_POINT('',(-0.00198671770601093,-0.00889,-0.0125436419255582));
#6431=CARTESIAN_POINT('',(0.000508367804964594,-0.00514954124681965,-0.012938824647776));
#6432=CARTESIAN_POINT('',(0.00296475612097,-0.0014090824936393,-0.0123490979890505));
#6433=CARTESIAN_POINT('',(0.00542114443697541,0.00233137625954105,-0.011759371330325));
#6434=CARTESIAN_POINT('',(0.00746487270411441,0.0060718350127214,-0.0102745158285618));
#6435=CARTESIAN_POINT('',(0.,-0.0165862,0.));
#6436=CARTESIAN_POINT('',(0.,-0.00889,0.));
#6437=CARTESIAN_POINT('',(0.,-0.0165862,0.));
#6438=CARTESIAN_POINT('',(0.,-0.00079375,0.));
#6439=CARTESIAN_POINT('',(0.,-0.0165862,0.));
#6440=CARTESIAN_POINT('',(0.00746487270411441,-0.00889,-0.0102745158285618));
#6441=CARTESIAN_POINT('',(0.00542114443697541,-0.00514954124681965,-0.011759371330325));
#6442=CARTESIAN_POINT('',(0.00296475612097,-0.0014090824936393,-0.0123490979890505));
#6443=CARTESIAN_POINT('',(0.000508367804964593,0.00233137625954105,-0.012938824647776));
#6444=CARTESIAN_POINT('',(-0.00198671770601093,0.0060718350127214,-0.0125436419255582));
#6445=CARTESIAN_POINT('',(0.00392451582856188,-0.00289600153965341,-0.0120784177569484));
#6446=CARTESIAN_POINT('',(-0.00198671770601093,-0.00889,-0.0125436419255582));
#6447=CARTESIAN_POINT('',(0.000508367804964594,-0.00514954124681965,-0.012938824647776));
#6448=CARTESIAN_POINT('',(0.00296475612097,-0.0014090824936393,-0.0123490979890505));
#6449=CARTESIAN_POINT('',(0.00542114443697541,0.00233137625954105,-0.011759371330325));
#6450=CARTESIAN_POINT('',(0.00746487270411441,0.0060718350127214,-0.0102745158285618));
#6451=CARTESIAN_POINT('',(0.00336472983011389,-0.00079375,-0.0122461664683419));
#6452=CARTESIAN_POINT('',(0.,-0.00079375,0.));
#6453=CARTESIAN_POINT('',(0.00447599243316752,-0.00079375,-0.0118850953609227));
#6454=CARTESIAN_POINT('',(0.00898025612106916,-0.00889,-0.00898025612106915));
#6455=CARTESIAN_POINT('',(0.00719397211635163,-0.00514954124681965,-0.0107665401257867));
#6456=CARTESIAN_POINT('',(0.00486007959103664,-0.0014090824936393,-0.0117332700628933));
#6457=CARTESIAN_POINT('',(0.00252618706572166,0.00233137625954105,-0.0127));
#6458=CARTESIAN_POINT('',(3.03576608295941E-18,0.0060718350127214,-0.0127));
#6459=CARTESIAN_POINT('',(0.00486007959103664,-0.0014090824936393,-0.0117332700628933));
#6460=CARTESIAN_POINT('',(2.33295215237571E-18,-0.00889,-0.0127));
#6461=CARTESIAN_POINT('',(0.00252618706572166,-0.00514954124681965,-0.0127));
#6462=CARTESIAN_POINT('',(0.00486007959103664,-0.0014090824936393,-0.0117332700628933));
#6463=CARTESIAN_POINT('',(0.00719397211635163,0.00233137625954105,-0.0107665401257867));
#6464=CARTESIAN_POINT('',(0.00898025612106916,0.0060718350127214,-0.00898025612106915));
#6465=CARTESIAN_POINT('',(0.,-0.0165862,0.));
#6466=CARTESIAN_POINT('',(0.00576567934669225,-0.00889,-0.0113157828571923));
#6467=CARTESIAN_POINT('',(0.00351483018981398,-0.00514954124681965,-0.0124626477855948));
#6468=CARTESIAN_POINT('',(0.000996430515743633,-0.0014090824936393,-0.0126608501384107));
#6469=CARTESIAN_POINT('',(-0.00152196915832672,0.00233137625954105,-0.0128590524912266));
#6470=CARTESIAN_POINT('',(-0.00392451582856183,0.0060718350127214,-0.0120784177569484));
#6471=CARTESIAN_POINT('',(0.00296475612097054,-0.0043968144073409,-0.0123490979890504));
#6472=CARTESIAN_POINT('',(2.33295215237571E-18,-0.00889,-0.0127));
#6473=CARTESIAN_POINT('',(0.00252618706572166,-0.00514954124681965,-0.0127));
#6474=CARTESIAN_POINT('',(0.00486007959103664,-0.0014090824936393,-0.0117332700628933));
#6475=CARTESIAN_POINT('',(0.00719397211635163,0.00233137625954105,-0.0107665401257867));
#6476=CARTESIAN_POINT('',(0.00898025612106916,0.0060718350127214,-0.00898025612106915));
#6477=CARTESIAN_POINT('',(0.,-0.0165862,0.));
#6478=CARTESIAN_POINT('',(0.00392451582856184,-0.00889,-0.0120784177569484));
#6479=CARTESIAN_POINT('',(0.00152196915832672,-0.00514954124681965,-0.0128590524912266));
#6480=CARTESIAN_POINT('',(-0.000996430515743629,-0.0014090824936393,-0.0126608501384107));
#6481=CARTESIAN_POINT('',(-0.00351483018981398,0.00233137625954105,-0.0124626477855948));
#6482=CARTESIAN_POINT('',(-0.00576567934669224,0.00607183501272139,-0.0113157828571923));
#6483=CARTESIAN_POINT('',(0.00198671770601063,-0.00590226808629877,-0.0125436419255583));
#6484=CARTESIAN_POINT('',(2.33295215237571E-18,-0.00889,-0.0127));
#6485=CARTESIAN_POINT('',(0.00252618706572166,-0.00514954124681965,-0.0127));
#6486=CARTESIAN_POINT('',(0.00486007959103664,-0.0014090824936393,-0.0117332700628933));
#6487=CARTESIAN_POINT('',(0.00719397211635163,0.00233137625954105,-0.0107665401257867));
#6488=CARTESIAN_POINT('',(0.00898025612106916,0.0060718350127214,-0.00898025612106915));
#6489=CARTESIAN_POINT('',(0.,-0.0165862,0.));
#6490=CARTESIAN_POINT('',(0.00198671770601093,-0.00889,-0.0125436419255582));
#6491=CARTESIAN_POINT('',(-0.000508367804964589,-0.00514954124681965,-0.012938824647776));
#6492=CARTESIAN_POINT('',(-0.00296475612097,-0.0014090824936393,-0.0123490979890505));
#6493=CARTESIAN_POINT('',(-0.00542114443697541,0.00233137625954105,-0.011759371330325));
#6494=CARTESIAN_POINT('',(-0.00746487270411441,0.00607183501272139,-0.0102745158285618));
#6495=CARTESIAN_POINT('',(0.000996430515743629,-0.00740308095398595,-0.0126608501384107));
#6496=CARTESIAN_POINT('',(2.33295215237571E-18,-0.00889,-0.0127));
#6497=CARTESIAN_POINT('',(0.00252618706572166,-0.00514954124681965,-0.0127));
#6498=CARTESIAN_POINT('',(0.00486007959103664,-0.0014090824936393,-0.0117332700628933));
#6499=CARTESIAN_POINT('',(0.00719397211635163,0.00233137625954105,-0.0107665401257867));
#6500=CARTESIAN_POINT('',(0.00898025612106916,0.0060718350127214,-0.00898025612106915));
#6501=CARTESIAN_POINT('',(0.,-0.0165862,0.));
#6502=CARTESIAN_POINT('',(2.33295215237571E-18,-0.00889,-0.0127));
#6503=CARTESIAN_POINT('',(-0.00252618706572165,-0.00514954124681965,-0.0127));
#6504=CARTESIAN_POINT('',(-0.00486007959103664,-0.0014090824936393,-0.0117332700628933));
#6505=CARTESIAN_POINT('',(-0.00719397211635163,0.00233137625954105,-0.0107665401257867));
#6506=CARTESIAN_POINT('',(-0.00898025612106915,0.0060718350127214,-0.00898025612106916));
#6507=CARTESIAN_POINT('',(2.33295215237571E-18,-0.00889,-0.0127));
#6508=CARTESIAN_POINT('',(2.33295215237571E-18,-0.00889,-0.0127));
#6509=CARTESIAN_POINT('',(0.00252618706572166,-0.00514954124681965,-0.0127));
#6510=CARTESIAN_POINT('',(0.00486007959103664,-0.0014090824936393,-0.0117332700628933));
#6511=CARTESIAN_POINT('',(0.00719397211635163,0.00233137625954105,-0.0107665401257867));
#6512=CARTESIAN_POINT('',(0.00898025612106916,0.0060718350127214,-0.00898025612106915));
#6513=CARTESIAN_POINT('',(0.,-0.0165862,0.));
#6514=CARTESIAN_POINT('',(0.,-0.00889,0.));
#6515=CARTESIAN_POINT('',(0.,-0.0165862,0.));
#6516=CARTESIAN_POINT('',(0.,-0.00079375,0.));
#6517=CARTESIAN_POINT('',(0.,-0.0165862,0.));
#6518=CARTESIAN_POINT('',(0.00898025612106916,-0.00889,-0.00898025612106915));
#6519=CARTESIAN_POINT('',(0.00719397211635163,-0.00514954124681965,-0.0107665401257867));
#6520=CARTESIAN_POINT('',(0.00486007959103664,-0.0014090824936393,-0.0117332700628933));
#6521=CARTESIAN_POINT('',(0.00252618706572166,0.00233137625954105,-0.0127));
#6522=CARTESIAN_POINT('',(3.03576608295941E-18,0.0060718350127214,-0.0127));
#6523=CARTESIAN_POINT('',(0.00576567934669229,-0.00289600153965341,-0.0113157828571922));
#6524=CARTESIAN_POINT('',(2.33295215237571E-18,-0.00889,-0.0127));
#6525=CARTESIAN_POINT('',(0.00252618706572166,-0.00514954124681965,-0.0127));
#6526=CARTESIAN_POINT('',(0.00486007959103664,-0.0014090824936393,-0.0117332700628933));
#6527=CARTESIAN_POINT('',(0.00719397211635163,0.00233137625954105,-0.0107665401257867));
#6528=CARTESIAN_POINT('',(0.00898025612106916,0.0060718350127214,-0.00898025612106915));
#6529=CARTESIAN_POINT('',(0.00523902692272482,-0.00079375,-0.0115690361267897));
#6530=CARTESIAN_POINT('',(0.,-0.00079375,0.));
#6531=CARTESIAN_POINT('',(0.00628012407356969,-0.00079375,-0.0110385706330381));
#6532=CARTESIAN_POINT('',(0.0102745158285618,-0.00889,-0.00746487270411441));
#6533=CARTESIAN_POINT('',(0.00878966032679866,-0.00514954124681965,-0.00950860097125342));
#6534=CARTESIAN_POINT('',(0.00663573177189255,-0.0014090824936393,-0.010828530087297));
#6535=CARTESIAN_POINT('',(0.00448180321698646,0.00233137625954105,-0.0121484592033405));
#6536=CARTESIAN_POINT('',(0.00198671770601093,0.00607183501272139,-0.0125436419255582));
#6537=CARTESIAN_POINT('',(0.00663573177189255,-0.0014090824936393,-0.010828530087297));
#6538=CARTESIAN_POINT('',(0.00198671770601093,-0.00889,-0.0125436419255582));
#6539=CARTESIAN_POINT('',(0.00448180321698646,-0.00514954124681965,-0.0121484592033405));
#6540=CARTESIAN_POINT('',(0.00663573177189255,-0.0014090824936393,-0.010828530087297));
#6541=CARTESIAN_POINT('',(0.00878966032679865,0.00233137625954105,-0.00950860097125342));
#6542=CARTESIAN_POINT('',(0.0102745158285618,0.00607183501272139,-0.00746487270411441));
#6543=CARTESIAN_POINT('',(0.,-0.0165862,0.));
#6544=CARTESIAN_POINT('',(0.00746487270411441,-0.00889,-0.0102745158285618));
#6545=CARTESIAN_POINT('',(0.00542114443697541,-0.00514954124681965,-0.011759371330325));
#6546=CARTESIAN_POINT('',(0.00296475612097,-0.0014090824936393,-0.0123490979890505));
#6547=CARTESIAN_POINT('',(0.000508367804964593,0.00233137625954105,-0.012938824647776));
#6548=CARTESIAN_POINT('',(-0.00198671770601093,0.0060718350127214,-0.0125436419255582));
#6549=CARTESIAN_POINT('',(0.00486007959103715,-0.0043968144073409,-0.0117332700628931));
#6550=CARTESIAN_POINT('',(0.00198671770601093,-0.00889,-0.0125436419255582));
#6551=CARTESIAN_POINT('',(0.00448180321698646,-0.00514954124681965,-0.0121484592033405));
#6552=CARTESIAN_POINT('',(0.00663573177189255,-0.0014090824936393,-0.010828530087297));
#6553=CARTESIAN_POINT('',(0.00878966032679865,0.00233137625954105,-0.00950860097125342));
#6554=CARTESIAN_POINT('',(0.0102745158285618,0.00607183501272139,-0.00746487270411441));
#6555=CARTESIAN_POINT('',(0.,-0.0165862,0.));
#6556=CARTESIAN_POINT('',(0.00576567934669225,-0.00889,-0.0113157828571923));
#6557=CARTESIAN_POINT('',(0.00351483018981398,-0.00514954124681965,-0.0124626477855948));
#6558=CARTESIAN_POINT('',(0.000996430515743633,-0.0014090824936393,-0.0126608501384107));
#6559=CARTESIAN_POINT('',(-0.00152196915832672,0.00233137625954105,-0.0128590524912266));
#6560=CARTESIAN_POINT('',(-0.00392451582856183,0.0060718350127214,-0.0120784177569484));
#6561=CARTESIAN_POINT('',(0.00392451582856154,-0.00590226808629877,-0.0120784177569485));
#6562=CARTESIAN_POINT('',(0.00198671770601093,-0.00889,-0.0125436419255582));
#6563=CARTESIAN_POINT('',(0.00448180321698646,-0.00514954124681965,-0.0121484592033405));
#6564=CARTESIAN_POINT('',(0.00663573177189255,-0.0014090824936393,-0.010828530087297));
#6565=CARTESIAN_POINT('',(0.00878966032679865,0.00233137625954105,-0.00950860097125342));
#6566=CARTESIAN_POINT('',(0.0102745158285618,0.00607183501272139,-0.00746487270411441));
#6567=CARTESIAN_POINT('',(0.,-0.0165862,0.));
#6568=CARTESIAN_POINT('',(0.00392451582856184,-0.00889,-0.0120784177569484));
#6569=CARTESIAN_POINT('',(0.00152196915832672,-0.00514954124681965,-0.0128590524912266));
#6570=CARTESIAN_POINT('',(-0.000996430515743629,-0.0014090824936393,-0.0126608501384107));
#6571=CARTESIAN_POINT('',(-0.00351483018981398,0.00233137625954105,-0.0124626477855948));
#6572=CARTESIAN_POINT('',(-0.00576567934669224,0.00607183501272139,-0.0113157828571923));
#6573=CARTESIAN_POINT('',(0.00296475612097,-0.00740308095398595,-0.0123490979890505));
#6574=CARTESIAN_POINT('',(0.00198671770601093,-0.00889,-0.0125436419255582));
#6575=CARTESIAN_POINT('',(0.00448180321698646,-0.00514954124681965,-0.0121484592033405));
#6576=CARTESIAN_POINT('',(0.00663573177189255,-0.0014090824936393,-0.010828530087297));
#6577=CARTESIAN_POINT('',(0.00878966032679865,0.00233137625954105,-0.00950860097125342));
#6578=CARTESIAN_POINT('',(0.0102745158285618,0.00607183501272139,-0.00746487270411441));
#6579=CARTESIAN_POINT('',(0.,-0.0165862,0.));
#6580=CARTESIAN_POINT('',(0.00198671770601093,-0.00889,-0.0125436419255582));
#6581=CARTESIAN_POINT('',(-0.000508367804964589,-0.00514954124681965,-0.012938824647776));
#6582=CARTESIAN_POINT('',(-0.00296475612097,-0.0014090824936393,-0.0123490979890505));
#6583=CARTESIAN_POINT('',(-0.00542114443697541,0.00233137625954105,-0.011759371330325));
#6584=CARTESIAN_POINT('',(-0.00746487270411441,0.00607183501272139,-0.0102745158285618));
#6585=CARTESIAN_POINT('',(0.00198671770601093,-0.00889,-0.0125436419255582));
#6586=CARTESIAN_POINT('',(0.00198671770601093,-0.00889,-0.0125436419255582));
#6587=CARTESIAN_POINT('',(0.00448180321698646,-0.00514954124681965,-0.0121484592033405));
#6588=CARTESIAN_POINT('',(0.00663573177189255,-0.0014090824936393,-0.010828530087297));
#6589=CARTESIAN_POINT('',(0.00878966032679865,0.00233137625954105,-0.00950860097125342));
#6590=CARTESIAN_POINT('',(0.0102745158285618,0.00607183501272139,-0.00746487270411441));
#6591=CARTESIAN_POINT('',(0.,-0.0165862,0.));
#6592=CARTESIAN_POINT('',(0.,-0.00889,0.));
#6593=CARTESIAN_POINT('',(0.,-0.0165862,0.));
#6594=CARTESIAN_POINT('',(0.,-0.00079375,0.));
#6595=CARTESIAN_POINT('',(0.,-0.0165862,0.));
#6596=CARTESIAN_POINT('',(0.0102745158285618,-0.00889,-0.00746487270411441));
#6597=CARTESIAN_POINT('',(0.00878966032679866,-0.00514954124681965,-0.00950860097125342));
#6598=CARTESIAN_POINT('',(0.00663573177189255,-0.0014090824936393,-0.010828530087297));
#6599=CARTESIAN_POINT('',(0.00448180321698646,0.00233137625954105,-0.0121484592033405));
#6600=CARTESIAN_POINT('',(0.00198671770601093,0.00607183501272139,-0.0125436419255582));
#6601=CARTESIAN_POINT('',(0.00746487270411445,-0.00289600153965341,-0.0102745158285618));
#6602=CARTESIAN_POINT('',(0.00198671770601093,-0.00889,-0.0125436419255582));
#6603=CARTESIAN_POINT('',(0.00448180321698646,-0.00514954124681965,-0.0121484592033405));
#6604=CARTESIAN_POINT('',(0.00663573177189255,-0.0014090824936393,-0.010828530087297));
#6605=CARTESIAN_POINT('',(0.00878966032679865,0.00233137625954105,-0.00950860097125342));
#6606=CARTESIAN_POINT('',(0.0102745158285618,0.00607183501272139,-0.00746487270411441));
#6607=CARTESIAN_POINT('',(0.00698432178516478,-0.00079375,-0.0106070377203663));
#6608=CARTESIAN_POINT('',(0.,-0.00079375,0.));
#6609=CARTESIAN_POINT('',(0.00792961821674374,-0.00079375,-0.00992023966125244));
#6610=CARTESIAN_POINT('',(0.0113157828571923,-0.00889,-0.00576567934669224));
#6611=CARTESIAN_POINT('',(0.0101689179287897,-0.00514954124681965,-0.00801652850357051));
#6612=CARTESIAN_POINT('',(0.00824799021379333,-0.0014090824936393,-0.00965715576312039));
#6613=CARTESIAN_POINT('',(0.00632706249879695,0.00233137625954105,-0.0112977830226703));
#6614=CARTESIAN_POINT('',(0.00392451582856184,0.00607183501272139,-0.0120784177569484));
#6615=CARTESIAN_POINT('',(0.00824799021379333,-0.0014090824936393,-0.00965715576312039));
#6616=CARTESIAN_POINT('',(0.00392451582856184,-0.00889,-0.0120784177569484));
#6617=CARTESIAN_POINT('',(0.00632706249879695,-0.00514954124681965,-0.0112977830226703));
#6618=CARTESIAN_POINT('',(0.00824799021379334,-0.0014090824936393,-0.00965715576312039));
#6619=CARTESIAN_POINT('',(0.0101689179287897,0.00233137625954105,-0.00801652850357051));
#6620=CARTESIAN_POINT('',(0.0113157828571923,0.00607183501272139,-0.00576567934669225));
#6621=CARTESIAN_POINT('',(0.,-0.0165862,0.));
#6622=CARTESIAN_POINT('',(0.00898025612106916,-0.00889,-0.00898025612106915));
#6623=CARTESIAN_POINT('',(0.00719397211635163,-0.00514954124681965,-0.0107665401257867));
#6624=CARTESIAN_POINT('',(0.00486007959103664,-0.0014090824936393,-0.0117332700628933));
#6625=CARTESIAN_POINT('',(0.00252618706572166,0.00233137625954105,-0.0127));
#6626=CARTESIAN_POINT('',(3.03576608295941E-18,0.0060718350127214,-0.0127));
#6627=CARTESIAN_POINT('',(0.00663573177189303,-0.0043968144073409,-0.0108285300872967));
#6628=CARTESIAN_POINT('',(0.00392451582856184,-0.00889,-0.0120784177569484));
#6629=CARTESIAN_POINT('',(0.00632706249879695,-0.00514954124681965,-0.0112977830226703));
#6630=CARTESIAN_POINT('',(0.00824799021379334,-0.0014090824936393,-0.00965715576312039));
#6631=CARTESIAN_POINT('',(0.0101689179287897,0.00233137625954105,-0.00801652850357051));
#6632=CARTESIAN_POINT('',(0.0113157828571923,0.00607183501272139,-0.00576567934669225));
#6633=CARTESIAN_POINT('',(0.,-0.0165862,0.));
#6634=CARTESIAN_POINT('',(0.00746487270411441,-0.00889,-0.0102745158285618));
#6635=CARTESIAN_POINT('',(0.00542114443697541,-0.00514954124681965,-0.011759371330325));
#6636=CARTESIAN_POINT('',(0.00296475612097,-0.0014090824936393,-0.0123490979890505));
#6637=CARTESIAN_POINT('',(0.000508367804964593,0.00233137625954105,-0.012938824647776));
#6638=CARTESIAN_POINT('',(-0.00198671770601093,0.0060718350127214,-0.0125436419255582));
#6639=CARTESIAN_POINT('',(0.00576567934669197,-0.00590226808629877,-0.0113157828571924));
#6640=CARTESIAN_POINT('',(0.00392451582856184,-0.00889,-0.0120784177569484));
#6641=CARTESIAN_POINT('',(0.00632706249879695,-0.00514954124681965,-0.0112977830226703));
#6642=CARTESIAN_POINT('',(0.00824799021379334,-0.0014090824936393,-0.00965715576312039));
#6643=CARTESIAN_POINT('',(0.0101689179287897,0.00233137625954105,-0.00801652850357051));
#6644=CARTESIAN_POINT('',(0.0113157828571923,0.00607183501272139,-0.00576567934669225));
#6645=CARTESIAN_POINT('',(0.,-0.0165862,0.));
#6646=CARTESIAN_POINT('',(0.00576567934669225,-0.00889,-0.0113157828571923));
#6647=CARTESIAN_POINT('',(0.00351483018981398,-0.00514954124681965,-0.0124626477855948));
#6648=CARTESIAN_POINT('',(0.000996430515743633,-0.0014090824936393,-0.0126608501384107));
#6649=CARTESIAN_POINT('',(-0.00152196915832672,0.00233137625954105,-0.0128590524912266));
#6650=CARTESIAN_POINT('',(-0.00392451582856183,0.0060718350127214,-0.0120784177569484));
#6651=CARTESIAN_POINT('',(0.00486007959103664,-0.00740308095398595,-0.0117332700628933));
#6652=CARTESIAN_POINT('',(0.00392451582856184,-0.00889,-0.0120784177569484));
#6653=CARTESIAN_POINT('',(0.00632706249879695,-0.00514954124681965,-0.0112977830226703));
#6654=CARTESIAN_POINT('',(0.00824799021379334,-0.0014090824936393,-0.00965715576312039));
#6655=CARTESIAN_POINT('',(0.0101689179287897,0.00233137625954105,-0.00801652850357051));
#6656=CARTESIAN_POINT('',(0.0113157828571923,0.00607183501272139,-0.00576567934669225));
#6657=CARTESIAN_POINT('',(0.,-0.0165862,0.));
#6658=CARTESIAN_POINT('',(0.00392451582856184,-0.00889,-0.0120784177569484));
#6659=CARTESIAN_POINT('',(0.00152196915832672,-0.00514954124681965,-0.0128590524912266));
#6660=CARTESIAN_POINT('',(-0.000996430515743629,-0.0014090824936393,-0.0126608501384107));
#6661=CARTESIAN_POINT('',(-0.00351483018981398,0.00233137625954105,-0.0124626477855948));
#6662=CARTESIAN_POINT('',(-0.00576567934669224,0.00607183501272139,-0.0113157828571923));
#6663=CARTESIAN_POINT('',(0.00392451582856184,-0.00889,-0.0120784177569484));
#6664=CARTESIAN_POINT('',(0.00392451582856184,-0.00889,-0.0120784177569484));
#6665=CARTESIAN_POINT('',(0.00632706249879695,-0.00514954124681965,-0.0112977830226703));
#6666=CARTESIAN_POINT('',(0.00824799021379334,-0.0014090824936393,-0.00965715576312039));
#6667=CARTESIAN_POINT('',(0.0101689179287897,0.00233137625954105,-0.00801652850357051));
#6668=CARTESIAN_POINT('',(0.0113157828571923,0.00607183501272139,-0.00576567934669225));
#6669=CARTESIAN_POINT('',(0.,-0.0165862,0.));
#6670=CARTESIAN_POINT('',(0.,-0.00889,0.));
#6671=CARTESIAN_POINT('',(0.,-0.0165862,0.));
#6672=CARTESIAN_POINT('',(0.,-0.00079375,0.));
#6673=CARTESIAN_POINT('',(0.,-0.0165862,0.));
#6674=CARTESIAN_POINT('',(0.0113157828571923,-0.00889,-0.00576567934669224));
#6675=CARTESIAN_POINT('',(0.0101689179287897,-0.00514954124681965,-0.00801652850357051));
#6676=CARTESIAN_POINT('',(0.00824799021379333,-0.0014090824936393,-0.00965715576312039));
#6677=CARTESIAN_POINT('',(0.00632706249879695,0.00233137625954105,-0.0112977830226703));
#6678=CARTESIAN_POINT('',(0.00392451582856184,0.00607183501272139,-0.0120784177569484));
#6679=CARTESIAN_POINT('',(0.00898025612106919,-0.00289600153965341,-0.00898025612106912));
#6680=CARTESIAN_POINT('',(0.00392451582856184,-0.00889,-0.0120784177569484));
#6681=CARTESIAN_POINT('',(0.00632706249879695,-0.00514954124681965,-0.0112977830226703));
#6682=CARTESIAN_POINT('',(0.00824799021379334,-0.0014090824936393,-0.00965715576312039));
#6683=CARTESIAN_POINT('',(0.0101689179287897,0.00233137625954105,-0.00801652850357051));
#6684=CARTESIAN_POINT('',(0.0113157828571923,0.00607183501272139,-0.00576567934669225));
#6685=CARTESIAN_POINT('',(0.00855763946561892,-0.00079375,-0.0093838588425275));
#6686=CARTESIAN_POINT('',(0.,-0.00079375,0.));
#6687=CARTESIAN_POINT('',(0.00938385884252751,-0.00079375,-0.00855763946561891));
#6688=CARTESIAN_POINT('',(0.0120784177569485,-0.00889,-0.00392451582856183));
#6689=CARTESIAN_POINT('',(0.0112977830226703,-0.00514954124681965,-0.00632706249879695));
#6690=CARTESIAN_POINT('',(0.0096571557631204,-0.0014090824936393,-0.00824799021379333));
#6691=CARTESIAN_POINT('',(0.00801652850357052,0.00233137625954105,-0.0101689179287897));
#6692=CARTESIAN_POINT('',(0.00576567934669225,0.0060718350127214,-0.0113157828571923));
#6693=CARTESIAN_POINT('',(0.0096571557631204,-0.0014090824936393,-0.00824799021379333));
#6694=CARTESIAN_POINT('',(0.00576567934669225,-0.00889,-0.0113157828571923));
#6695=CARTESIAN_POINT('',(0.00801652850357052,-0.00514954124681965,-0.0101689179287897));
#6696=CARTESIAN_POINT('',(0.0096571557631204,-0.0014090824936393,-0.00824799021379333));
#6697=CARTESIAN_POINT('',(0.0112977830226703,0.00233137625954105,-0.00632706249879695));
#6698=CARTESIAN_POINT('',(0.0120784177569484,0.0060718350127214,-0.00392451582856184));
#6699=CARTESIAN_POINT('',(0.,-0.0165862,0.));
#6700=CARTESIAN_POINT('',(0.0102745158285618,-0.00889,-0.00746487270411441));
#6701=CARTESIAN_POINT('',(0.00878966032679866,-0.00514954124681965,-0.00950860097125342));
#6702=CARTESIAN_POINT('',(0.00663573177189255,-0.0014090824936393,-0.010828530087297));
#6703=CARTESIAN_POINT('',(0.00448180321698646,0.00233137625954105,-0.0121484592033405));
#6704=CARTESIAN_POINT('',(0.00198671770601093,0.00607183501272139,-0.0125436419255582));
#6705=CARTESIAN_POINT('',(0.00824799021379376,-0.00439681440734089,-0.00965715576312003));
#6706=CARTESIAN_POINT('',(0.00576567934669225,-0.00889,-0.0113157828571923));
#6707=CARTESIAN_POINT('',(0.00801652850357052,-0.00514954124681965,-0.0101689179287897));
#6708=CARTESIAN_POINT('',(0.0096571557631204,-0.0014090824936393,-0.00824799021379333));
#6709=CARTESIAN_POINT('',(0.0112977830226703,0.00233137625954105,-0.00632706249879695));
#6710=CARTESIAN_POINT('',(0.0120784177569484,0.0060718350127214,-0.00392451582856184));
#6711=CARTESIAN_POINT('',(0.,-0.0165862,0.));
#6712=CARTESIAN_POINT('',(0.00898025612106916,-0.00889,-0.00898025612106915));
#6713=CARTESIAN_POINT('',(0.00719397211635163,-0.00514954124681965,-0.0107665401257867));
#6714=CARTESIAN_POINT('',(0.00486007959103664,-0.0014090824936393,-0.0117332700628933));
#6715=CARTESIAN_POINT('',(0.00252618706572166,0.00233137625954105,-0.0127));
#6716=CARTESIAN_POINT('',(3.03576608295941E-18,0.0060718350127214,-0.0127));
#6717=CARTESIAN_POINT('',(0.00746487270411416,-0.00590226808629877,-0.010274515828562));
#6718=CARTESIAN_POINT('',(0.00576567934669225,-0.00889,-0.0113157828571923));
#6719=CARTESIAN_POINT('',(0.00801652850357052,-0.00514954124681965,-0.0101689179287897));
#6720=CARTESIAN_POINT('',(0.0096571557631204,-0.0014090824936393,-0.00824799021379333));
#6721=CARTESIAN_POINT('',(0.0112977830226703,0.00233137625954105,-0.00632706249879695));
#6722=CARTESIAN_POINT('',(0.0120784177569484,0.0060718350127214,-0.00392451582856184));
#6723=CARTESIAN_POINT('',(0.,-0.0165862,0.));
#6724=CARTESIAN_POINT('',(0.00746487270411441,-0.00889,-0.0102745158285618));
#6725=CARTESIAN_POINT('',(0.00542114443697541,-0.00514954124681965,-0.011759371330325));
#6726=CARTESIAN_POINT('',(0.00296475612097,-0.0014090824936393,-0.0123490979890505));
#6727=CARTESIAN_POINT('',(0.000508367804964593,0.00233137625954105,-0.012938824647776));
#6728=CARTESIAN_POINT('',(-0.00198671770601093,0.0060718350127214,-0.0125436419255582));
#6729=CARTESIAN_POINT('',(0.00663573177189255,-0.00740308095398595,-0.010828530087297));
#6730=CARTESIAN_POINT('',(0.00576567934669225,-0.00889,-0.0113157828571923));
#6731=CARTESIAN_POINT('',(0.00801652850357052,-0.00514954124681965,-0.0101689179287897));
#6732=CARTESIAN_POINT('',(0.0096571557631204,-0.0014090824936393,-0.00824799021379333));
#6733=CARTESIAN_POINT('',(0.0112977830226703,0.00233137625954105,-0.00632706249879695));
#6734=CARTESIAN_POINT('',(0.0120784177569484,0.0060718350127214,-0.00392451582856184));
#6735=CARTESIAN_POINT('',(0.,-0.0165862,0.));
#6736=CARTESIAN_POINT('',(0.00576567934669225,-0.00889,-0.0113157828571923));
#6737=CARTESIAN_POINT('',(0.00351483018981398,-0.00514954124681965,-0.0124626477855948));
#6738=CARTESIAN_POINT('',(0.000996430515743633,-0.0014090824936393,-0.0126608501384107));
#6739=CARTESIAN_POINT('',(-0.00152196915832672,0.00233137625954105,-0.0128590524912266));
#6740=CARTESIAN_POINT('',(-0.00392451582856183,0.0060718350127214,-0.0120784177569484));
#6741=CARTESIAN_POINT('',(0.00576567934669225,-0.00889,-0.0113157828571923));
#6742=CARTESIAN_POINT('',(0.00576567934669225,-0.00889,-0.0113157828571923));
#6743=CARTESIAN_POINT('',(0.00801652850357052,-0.00514954124681965,-0.0101689179287897));
#6744=CARTESIAN_POINT('',(0.0096571557631204,-0.0014090824936393,-0.00824799021379333));
#6745=CARTESIAN_POINT('',(0.0112977830226703,0.00233137625954105,-0.00632706249879695));
#6746=CARTESIAN_POINT('',(0.0120784177569484,0.0060718350127214,-0.00392451582856184));
#6747=CARTESIAN_POINT('',(0.,-0.0165862,0.));
#6748=CARTESIAN_POINT('',(0.,-0.00889,0.));
#6749=CARTESIAN_POINT('',(0.,-0.0165862,0.));
#6750=CARTESIAN_POINT('',(0.,-0.00079375,0.));
#6751=CARTESIAN_POINT('',(0.,-0.0165862,0.));
#6752=CARTESIAN_POINT('',(0.0120784177569485,-0.00889,-0.00392451582856183));
#6753=CARTESIAN_POINT('',(0.0112977830226703,-0.00514954124681965,-0.00632706249879695));
#6754=CARTESIAN_POINT('',(0.0096571557631204,-0.0014090824936393,-0.00824799021379333));
#6755=CARTESIAN_POINT('',(0.00801652850357052,0.00233137625954105,-0.0101689179287897));
#6756=CARTESIAN_POINT('',(0.00576567934669225,0.0060718350127214,-0.0113157828571923));
#6757=CARTESIAN_POINT('',(0.0102745158285619,-0.00289600153965341,-0.00746487270411437));
#6758=CARTESIAN_POINT('',(0.00576567934669225,-0.00889,-0.0113157828571923));
#6759=CARTESIAN_POINT('',(0.00801652850357052,-0.00514954124681965,-0.0101689179287897));
#6760=CARTESIAN_POINT('',(0.0096571557631204,-0.0014090824936393,-0.00824799021379333));
#6761=CARTESIAN_POINT('',(0.0112977830226703,0.00233137625954105,-0.00632706249879695));
#6762=CARTESIAN_POINT('',(0.0120784177569484,0.0060718350127214,-0.00392451582856184));
#6763=CARTESIAN_POINT('',(0.00992023966125244,-0.00079375,-0.00792961821674374));
#6764=CARTESIAN_POINT('',(0.,-0.00079375,0.));
#6765=CARTESIAN_POINT('',(0.0106070377203663,-0.00079375,-0.00698432178516478));
#6766=CARTESIAN_POINT('',(0.0125436419255582,-0.00889,-0.00198671770601093));
#6767=CARTESIAN_POINT('',(0.0121484592033405,-0.00514954124681965,-0.00448180321698646));
#6768=CARTESIAN_POINT('',(0.010828530087297,-0.0014090824936393,-0.00663573177189255));
#6769=CARTESIAN_POINT('',(0.00950860097125342,0.00233137625954105,-0.00878966032679865));
#6770=CARTESIAN_POINT('',(0.00746487270411441,0.0060718350127214,-0.0102745158285618));
#6771=CARTESIAN_POINT('',(0.010828530087297,-0.0014090824936393,-0.00663573177189255));
#6772=CARTESIAN_POINT('',(0.00746487270411441,-0.00889,-0.0102745158285618));
#6773=CARTESIAN_POINT('',(0.00950860097125342,-0.00514954124681965,-0.00878966032679865));
#6774=CARTESIAN_POINT('',(0.010828530087297,-0.0014090824936393,-0.00663573177189255));
#6775=CARTESIAN_POINT('',(0.0121484592033405,0.00233137625954105,-0.00448180321698646));
#6776=CARTESIAN_POINT('',(0.0125436419255582,0.0060718350127214,-0.00198671770601093));
#6777=CARTESIAN_POINT('',(0.,-0.0165862,0.));
#6778=CARTESIAN_POINT('',(0.0113157828571923,-0.00889,-0.00576567934669224));
#6779=CARTESIAN_POINT('',(0.0101689179287897,-0.00514954124681965,-0.00801652850357051));
#6780=CARTESIAN_POINT('',(0.00824799021379333,-0.0014090824936393,-0.00965715576312039));
#6781=CARTESIAN_POINT('',(0.00632706249879695,0.00233137625954105,-0.0112977830226703));
#6782=CARTESIAN_POINT('',(0.00392451582856184,0.00607183501272139,-0.0120784177569484));
#6783=CARTESIAN_POINT('',(0.00965715576312075,-0.0043968144073409,-0.00824799021379291));
#6784=CARTESIAN_POINT('',(0.00746487270411441,-0.00889,-0.0102745158285618));
#6785=CARTESIAN_POINT('',(0.00950860097125342,-0.00514954124681965,-0.00878966032679865));
#6786=CARTESIAN_POINT('',(0.010828530087297,-0.0014090824936393,-0.00663573177189255));
#6787=CARTESIAN_POINT('',(0.0121484592033405,0.00233137625954105,-0.00448180321698646));
#6788=CARTESIAN_POINT('',(0.0125436419255582,0.0060718350127214,-0.00198671770601093));
#6789=CARTESIAN_POINT('',(0.,-0.0165862,0.));
#6790=CARTESIAN_POINT('',(0.0102745158285618,-0.00889,-0.00746487270411441));
#6791=CARTESIAN_POINT('',(0.00878966032679866,-0.00514954124681965,-0.00950860097125342));
#6792=CARTESIAN_POINT('',(0.00663573177189255,-0.0014090824936393,-0.010828530087297));
#6793=CARTESIAN_POINT('',(0.00448180321698646,0.00233137625954105,-0.0121484592033405));
#6794=CARTESIAN_POINT('',(0.00198671770601093,0.00607183501272139,-0.0125436419255582));
#6795=CARTESIAN_POINT('',(0.00898025612106894,-0.00590226808629877,-0.00898025612106937));
#6796=CARTESIAN_POINT('',(0.00746487270411441,-0.00889,-0.0102745158285618));
#6797=CARTESIAN_POINT('',(0.00950860097125342,-0.00514954124681965,-0.00878966032679865));
#6798=CARTESIAN_POINT('',(0.010828530087297,-0.0014090824936393,-0.00663573177189255));
#6799=CARTESIAN_POINT('',(0.0121484592033405,0.00233137625954105,-0.00448180321698646));
#6800=CARTESIAN_POINT('',(0.0125436419255582,0.0060718350127214,-0.00198671770601093));
#6801=CARTESIAN_POINT('',(0.,-0.0165862,0.));
#6802=CARTESIAN_POINT('',(0.00898025612106916,-0.00889,-0.00898025612106915));
#6803=CARTESIAN_POINT('',(0.00719397211635163,-0.00514954124681965,-0.0107665401257867));
#6804=CARTESIAN_POINT('',(0.00486007959103664,-0.0014090824936393,-0.0117332700628933));
#6805=CARTESIAN_POINT('',(0.00252618706572166,0.00233137625954105,-0.0127));
#6806=CARTESIAN_POINT('',(3.03576608295941E-18,0.0060718350127214,-0.0127));
#6807=CARTESIAN_POINT('',(0.00824799021379333,-0.00740308095398595,-0.0096571557631204));
#6808=CARTESIAN_POINT('',(0.00746487270411441,-0.00889,-0.0102745158285618));
#6809=CARTESIAN_POINT('',(0.00950860097125342,-0.00514954124681965,-0.00878966032679865));
#6810=CARTESIAN_POINT('',(0.010828530087297,-0.0014090824936393,-0.00663573177189255));
#6811=CARTESIAN_POINT('',(0.0121484592033405,0.00233137625954105,-0.00448180321698646));
#6812=CARTESIAN_POINT('',(0.0125436419255582,0.0060718350127214,-0.00198671770601093));
#6813=CARTESIAN_POINT('',(0.,-0.0165862,0.));
#6814=CARTESIAN_POINT('',(0.00746487270411441,-0.00889,-0.0102745158285618));
#6815=CARTESIAN_POINT('',(0.00542114443697541,-0.00514954124681965,-0.011759371330325));
#6816=CARTESIAN_POINT('',(0.00296475612097,-0.0014090824936393,-0.0123490979890505));
#6817=CARTESIAN_POINT('',(0.000508367804964593,0.00233137625954105,-0.012938824647776));
#6818=CARTESIAN_POINT('',(-0.00198671770601093,0.0060718350127214,-0.0125436419255582));
#6819=CARTESIAN_POINT('',(0.00746487270411441,-0.00889,-0.0102745158285618));
#6820=CARTESIAN_POINT('',(0.00746487270411441,-0.00889,-0.0102745158285618));
#6821=CARTESIAN_POINT('',(0.00950860097125342,-0.00514954124681965,-0.00878966032679865));
#6822=CARTESIAN_POINT('',(0.010828530087297,-0.0014090824936393,-0.00663573177189255));
#6823=CARTESIAN_POINT('',(0.0121484592033405,0.00233137625954105,-0.00448180321698646));
#6824=CARTESIAN_POINT('',(0.0125436419255582,0.0060718350127214,-0.00198671770601093));
#6825=CARTESIAN_POINT('',(0.,-0.0165862,0.));
#6826=CARTESIAN_POINT('',(0.,-0.00889,0.));
#6827=CARTESIAN_POINT('',(0.,-0.0165862,0.));
#6828=CARTESIAN_POINT('',(0.,-0.00079375,0.));
#6829=CARTESIAN_POINT('',(0.,-0.0165862,0.));
#6830=CARTESIAN_POINT('',(0.0125436419255582,-0.00889,-0.00198671770601093));
#6831=CARTESIAN_POINT('',(0.0121484592033405,-0.00514954124681965,-0.00448180321698646));
#6832=CARTESIAN_POINT('',(0.010828530087297,-0.0014090824936393,-0.00663573177189255));
#6833=CARTESIAN_POINT('',(0.00950860097125342,0.00233137625954105,-0.00878966032679865));
#6834=CARTESIAN_POINT('',(0.00746487270411441,0.0060718350127214,-0.0102745158285618));
#6835=CARTESIAN_POINT('',(0.0113157828571923,-0.00289600153965341,-0.0057656793466922));
#6836=CARTESIAN_POINT('',(0.00746487270411441,-0.00889,-0.0102745158285618));
#6837=CARTESIAN_POINT('',(0.00950860097125342,-0.00514954124681965,-0.00878966032679865));
#6838=CARTESIAN_POINT('',(0.010828530087297,-0.0014090824936393,-0.00663573177189255));
#6839=CARTESIAN_POINT('',(0.0121484592033405,0.00233137625954105,-0.00448180321698646));
#6840=CARTESIAN_POINT('',(0.0125436419255582,0.0060718350127214,-0.00198671770601093));
#6841=CARTESIAN_POINT('',(0.0110385706330381,-0.00079375,-0.00628012407356969));
#6842=CARTESIAN_POINT('',(0.,-0.00079375,0.));
#6843=CARTESIAN_POINT('',(0.0115690361267897,-0.00079375,-0.00523902692272482));
#6844=CARTESIAN_POINT('',(0.0127,-0.00889,1.55530143491714E-18));
#6845=CARTESIAN_POINT('',(0.0127,-0.00514954124681965,-0.00252618706572166));
#6846=CARTESIAN_POINT('',(0.0117332700628933,-0.0014090824936393,-0.00486007959103664));
#6847=CARTESIAN_POINT('',(0.0107665401257867,0.00233137625954105,-0.00719397211635163));
#6848=CARTESIAN_POINT('',(0.00898025612106916,0.0060718350127214,-0.00898025612106915));
#6849=CARTESIAN_POINT('',(0.0117332700628933,-0.0014090824936393,-0.00486007959103664));
#6850=CARTESIAN_POINT('',(0.00898025612106916,-0.00889,-0.00898025612106915));
#6851=CARTESIAN_POINT('',(0.0107665401257867,-0.00514954124681965,-0.00719397211635163));
#6852=CARTESIAN_POINT('',(0.0117332700628933,-0.0014090824936393,-0.00486007959103664));
#6853=CARTESIAN_POINT('',(0.0127,0.00233137625954105,-0.00252618706572166));
#6854=CARTESIAN_POINT('',(0.0127,0.0060718350127214,4.33680868994206E-19));
#6855=CARTESIAN_POINT('',(0.,-0.0165862,0.));
#6856=CARTESIAN_POINT('',(0.0120784177569485,-0.00889,-0.00392451582856183));
#6857=CARTESIAN_POINT('',(0.0112977830226703,-0.00514954124681965,-0.00632706249879695));
#6858=CARTESIAN_POINT('',(0.0096571557631204,-0.0014090824936393,-0.00824799021379333));
#6859=CARTESIAN_POINT('',(0.00801652850357052,0.00233137625954105,-0.0101689179287897));
#6860=CARTESIAN_POINT('',(0.00576567934669225,0.0060718350127214,-0.0113157828571923));
#6861=CARTESIAN_POINT('',(0.0108285300872973,-0.00439681440734089,-0.00663573177189208));
#6862=CARTESIAN_POINT('',(0.00898025612106916,-0.00889,-0.00898025612106915));
#6863=CARTESIAN_POINT('',(0.0107665401257867,-0.00514954124681965,-0.00719397211635163));
#6864=CARTESIAN_POINT('',(0.0117332700628933,-0.0014090824936393,-0.00486007959103664));
#6865=CARTESIAN_POINT('',(0.0127,0.00233137625954105,-0.00252618706572166));
#6866=CARTESIAN_POINT('',(0.0127,0.0060718350127214,4.33680868994206E-19));
#6867=CARTESIAN_POINT('',(0.,-0.0165862,0.));
#6868=CARTESIAN_POINT('',(0.0113157828571923,-0.00889,-0.00576567934669224));
#6869=CARTESIAN_POINT('',(0.0101689179287897,-0.00514954124681965,-0.00801652850357051));
#6870=CARTESIAN_POINT('',(0.00824799021379333,-0.0014090824936393,-0.00965715576312039));
#6871=CARTESIAN_POINT('',(0.00632706249879695,0.00233137625954105,-0.0112977830226703));
#6872=CARTESIAN_POINT('',(0.00392451582856184,0.00607183501272139,-0.0120784177569484));
#6873=CARTESIAN_POINT('',(0.0102745158285616,-0.00590226808629878,-0.00746487270411466));
#6874=CARTESIAN_POINT('',(0.00898025612106916,-0.00889,-0.00898025612106915));
#6875=CARTESIAN_POINT('',(0.0107665401257867,-0.00514954124681965,-0.00719397211635163));
#6876=CARTESIAN_POINT('',(0.0117332700628933,-0.0014090824936393,-0.00486007959103664));
#6877=CARTESIAN_POINT('',(0.0127,0.00233137625954105,-0.00252618706572166));
#6878=CARTESIAN_POINT('',(0.0127,0.0060718350127214,4.33680868994206E-19));
#6879=CARTESIAN_POINT('',(0.,-0.0165862,0.));
#6880=CARTESIAN_POINT('',(0.0102745158285618,-0.00889,-0.00746487270411441));
#6881=CARTESIAN_POINT('',(0.00878966032679866,-0.00514954124681965,-0.00950860097125342));
#6882=CARTESIAN_POINT('',(0.00663573177189255,-0.0014090824936393,-0.010828530087297));
#6883=CARTESIAN_POINT('',(0.00448180321698646,0.00233137625954105,-0.0121484592033405));
#6884=CARTESIAN_POINT('',(0.00198671770601093,0.00607183501272139,-0.0125436419255582));
#6885=CARTESIAN_POINT('',(0.0096571557631204,-0.00740308095398596,-0.00824799021379334));
#6886=CARTESIAN_POINT('',(0.00898025612106916,-0.00889,-0.00898025612106915));
#6887=CARTESIAN_POINT('',(0.0107665401257867,-0.00514954124681965,-0.00719397211635163));
#6888=CARTESIAN_POINT('',(0.0117332700628933,-0.0014090824936393,-0.00486007959103664));
#6889=CARTESIAN_POINT('',(0.0127,0.00233137625954105,-0.00252618706572166));
#6890=CARTESIAN_POINT('',(0.0127,0.0060718350127214,4.33680868994206E-19));
#6891=CARTESIAN_POINT('',(0.,-0.0165862,0.));
#6892=CARTESIAN_POINT('',(0.00898025612106916,-0.00889,-0.00898025612106915));
#6893=CARTESIAN_POINT('',(0.00719397211635163,-0.00514954124681965,-0.0107665401257867));
#6894=CARTESIAN_POINT('',(0.00486007959103664,-0.0014090824936393,-0.0117332700628933));
#6895=CARTESIAN_POINT('',(0.00252618706572166,0.00233137625954105,-0.0127));
#6896=CARTESIAN_POINT('',(3.03576608295941E-18,0.0060718350127214,-0.0127));
#6897=CARTESIAN_POINT('',(0.00898025612106916,-0.00889,-0.00898025612106915));
#6898=CARTESIAN_POINT('',(0.00898025612106916,-0.00889,-0.00898025612106915));
#6899=CARTESIAN_POINT('',(0.0107665401257867,-0.00514954124681965,-0.00719397211635163));
#6900=CARTESIAN_POINT('',(0.0117332700628933,-0.0014090824936393,-0.00486007959103664));
#6901=CARTESIAN_POINT('',(0.0127,0.00233137625954105,-0.00252618706572166));
#6902=CARTESIAN_POINT('',(0.0127,0.0060718350127214,4.33680868994206E-19));
#6903=CARTESIAN_POINT('',(0.,-0.0165862,0.));
#6904=CARTESIAN_POINT('',(0.,-0.00889,0.));
#6905=CARTESIAN_POINT('',(0.,-0.0165862,0.));
#6906=CARTESIAN_POINT('',(0.,-0.00079375,0.));
#6907=CARTESIAN_POINT('',(0.,-0.0165862,0.));
#6908=CARTESIAN_POINT('',(0.0127,-0.00889,1.55530143491714E-18));
#6909=CARTESIAN_POINT('',(0.0127,-0.00514954124681965,-0.00252618706572166));
#6910=CARTESIAN_POINT('',(0.0117332700628933,-0.0014090824936393,-0.00486007959103664));
#6911=CARTESIAN_POINT('',(0.0107665401257867,0.00233137625954105,-0.00719397211635163));
#6912=CARTESIAN_POINT('',(0.00898025612106916,0.0060718350127214,-0.00898025612106915));
#6913=CARTESIAN_POINT('',(0.0120784177569485,-0.00289600153965341,-0.00392451582856179));
#6914=CARTESIAN_POINT('',(0.00898025612106916,-0.00889,-0.00898025612106915));
#6915=CARTESIAN_POINT('',(0.0107665401257867,-0.00514954124681965,-0.00719397211635163));
#6916=CARTESIAN_POINT('',(0.0117332700628933,-0.0014090824936393,-0.00486007959103664));
#6917=CARTESIAN_POINT('',(0.0127,0.00233137625954105,-0.00252618706572166));
#6918=CARTESIAN_POINT('',(0.0127,0.0060718350127214,4.33680868994206E-19));
#6919=CARTESIAN_POINT('',(0.0118850953609227,-0.00079375,-0.00447599243316751));
#6920=CARTESIAN_POINT('',(0.,-0.00079375,0.));
#6921=CARTESIAN_POINT('',(0.0122461664683419,-0.00079375,-0.00336472983011389));
#6922=CARTESIAN_POINT('',(0.0125436419255582,-0.00889,0.00198671770601093));
#6923=CARTESIAN_POINT('',(0.012938824647776,-0.00514954124681965,-0.00050836780496459));
#6924=CARTESIAN_POINT('',(0.0123490979890505,-0.0014090824936393,-0.00296475612097));
#6925=CARTESIAN_POINT('',(0.011759371330325,0.00233137625954105,-0.00542114443697541));
#6926=CARTESIAN_POINT('',(0.0102745158285618,0.0060718350127214,-0.00746487270411441));
#6927=CARTESIAN_POINT('',(0.0123490979890505,-0.0014090824936393,-0.00296475612097));
#6928=CARTESIAN_POINT('',(0.0102745158285618,-0.00889,-0.00746487270411441));
#6929=CARTESIAN_POINT('',(0.011759371330325,-0.00514954124681965,-0.00542114443697541));
#6930=CARTESIAN_POINT('',(0.0123490979890505,-0.0014090824936393,-0.00296475612097));
#6931=CARTESIAN_POINT('',(0.012938824647776,0.00233137625954105,-0.000508367804964589));
#6932=CARTESIAN_POINT('',(0.0125436419255582,0.00607183501272139,0.00198671770601093));
#6933=CARTESIAN_POINT('',(0.,-0.0165862,0.));
#6934=CARTESIAN_POINT('',(0.0125436419255582,-0.00889,-0.00198671770601093));
#6935=CARTESIAN_POINT('',(0.0121484592033405,-0.00514954124681965,-0.00448180321698646));
#6936=CARTESIAN_POINT('',(0.010828530087297,-0.0014090824936393,-0.00663573177189255));
#6937=CARTESIAN_POINT('',(0.00950860097125342,0.00233137625954105,-0.00878966032679865));
#6938=CARTESIAN_POINT('',(0.00746487270411441,0.0060718350127214,-0.0102745158285618));
#6939=CARTESIAN_POINT('',(0.0117332700628936,-0.0043968144073409,-0.00486007959103613));
#6940=CARTESIAN_POINT('',(0.0102745158285618,-0.00889,-0.00746487270411441));
#6941=CARTESIAN_POINT('',(0.011759371330325,-0.00514954124681965,-0.00542114443697541));
#6942=CARTESIAN_POINT('',(0.0123490979890505,-0.0014090824936393,-0.00296475612097));
#6943=CARTESIAN_POINT('',(0.012938824647776,0.00233137625954105,-0.000508367804964589));
#6944=CARTESIAN_POINT('',(0.0125436419255582,0.00607183501272139,0.00198671770601093));
#6945=CARTESIAN_POINT('',(0.,-0.0165862,0.));
#6946=CARTESIAN_POINT('',(0.0120784177569485,-0.00889,-0.00392451582856183));
#6947=CARTESIAN_POINT('',(0.0112977830226703,-0.00514954124681965,-0.00632706249879695));
#6948=CARTESIAN_POINT('',(0.0096571557631204,-0.0014090824936393,-0.00824799021379333));
#6949=CARTESIAN_POINT('',(0.00801652850357052,0.00233137625954105,-0.0101689179287897));
#6950=CARTESIAN_POINT('',(0.00576567934669225,0.0060718350127214,-0.0113157828571923));
#6951=CARTESIAN_POINT('',(0.0113157828571921,-0.00590226808629877,-0.00576567934669252));
#6952=CARTESIAN_POINT('',(0.0102745158285618,-0.00889,-0.00746487270411441));
#6953=CARTESIAN_POINT('',(0.011759371330325,-0.00514954124681965,-0.00542114443697541));
#6954=CARTESIAN_POINT('',(0.0123490979890505,-0.0014090824936393,-0.00296475612097));
#6955=CARTESIAN_POINT('',(0.012938824647776,0.00233137625954105,-0.000508367804964589));
#6956=CARTESIAN_POINT('',(0.0125436419255582,0.00607183501272139,0.00198671770601093));
#6957=CARTESIAN_POINT('',(0.,-0.0165862,0.));
#6958=CARTESIAN_POINT('',(0.0113157828571923,-0.00889,-0.00576567934669224));
#6959=CARTESIAN_POINT('',(0.0101689179287897,-0.00514954124681965,-0.00801652850357051));
#6960=CARTESIAN_POINT('',(0.00824799021379333,-0.0014090824936393,-0.00965715576312039));
#6961=CARTESIAN_POINT('',(0.00632706249879695,0.00233137625954105,-0.0112977830226703));
#6962=CARTESIAN_POINT('',(0.00392451582856184,0.00607183501272139,-0.0120784177569484));
#6963=CARTESIAN_POINT('',(0.010828530087297,-0.00740308095398595,-0.00663573177189255));
#6964=CARTESIAN_POINT('',(0.0102745158285618,-0.00889,-0.00746487270411441));
#6965=CARTESIAN_POINT('',(0.011759371330325,-0.00514954124681965,-0.00542114443697541));
#6966=CARTESIAN_POINT('',(0.0123490979890505,-0.0014090824936393,-0.00296475612097));
#6967=CARTESIAN_POINT('',(0.012938824647776,0.00233137625954105,-0.000508367804964589));
#6968=CARTESIAN_POINT('',(0.0125436419255582,0.00607183501272139,0.00198671770601093));
#6969=CARTESIAN_POINT('',(0.,-0.0165862,0.));
#6970=CARTESIAN_POINT('',(0.0102745158285618,-0.00889,-0.00746487270411441));
#6971=CARTESIAN_POINT('',(0.00878966032679866,-0.00514954124681965,-0.00950860097125342));
#6972=CARTESIAN_POINT('',(0.00663573177189255,-0.0014090824936393,-0.010828530087297));
#6973=CARTESIAN_POINT('',(0.00448180321698646,0.00233137625954105,-0.0121484592033405));
#6974=CARTESIAN_POINT('',(0.00198671770601093,0.00607183501272139,-0.0125436419255582));
#6975=CARTESIAN_POINT('',(0.0102745158285618,-0.00889,-0.00746487270411441));
#6976=CARTESIAN_POINT('',(0.0102745158285618,-0.00889,-0.00746487270411441));
#6977=CARTESIAN_POINT('',(0.011759371330325,-0.00514954124681965,-0.00542114443697541));
#6978=CARTESIAN_POINT('',(0.0123490979890505,-0.0014090824936393,-0.00296475612097));
#6979=CARTESIAN_POINT('',(0.012938824647776,0.00233137625954105,-0.000508367804964589));
#6980=CARTESIAN_POINT('',(0.0125436419255582,0.00607183501272139,0.00198671770601093));
#6981=CARTESIAN_POINT('',(0.,-0.0165862,0.));
#6982=CARTESIAN_POINT('',(0.,-0.00889,0.));
#6983=CARTESIAN_POINT('',(0.,-0.0165862,0.));
#6984=CARTESIAN_POINT('',(0.,-0.00079375,0.));
#6985=CARTESIAN_POINT('',(0.,-0.0165862,0.));
#6986=CARTESIAN_POINT('',(0.0125436419255582,-0.00889,0.00198671770601093));
#6987=CARTESIAN_POINT('',(0.012938824647776,-0.00514954124681965,-0.00050836780496459));
#6988=CARTESIAN_POINT('',(0.0123490979890505,-0.0014090824936393,-0.00296475612097));
#6989=CARTESIAN_POINT('',(0.011759371330325,0.00233137625954105,-0.00542114443697541));
#6990=CARTESIAN_POINT('',(0.0102745158285618,0.0060718350127214,-0.00746487270411441));
#6991=CARTESIAN_POINT('',(0.0125436419255583,-0.00289600153965341,-0.00198671770601088));
#6992=CARTESIAN_POINT('',(0.0102745158285618,-0.00889,-0.00746487270411441));
#6993=CARTESIAN_POINT('',(0.011759371330325,-0.00514954124681965,-0.00542114443697541));
#6994=CARTESIAN_POINT('',(0.0123490979890505,-0.0014090824936393,-0.00296475612097));
#6995=CARTESIAN_POINT('',(0.012938824647776,0.00233137625954105,-0.000508367804964589));
#6996=CARTESIAN_POINT('',(0.0125436419255582,0.00607183501272139,0.00198671770601093));
#6997=CARTESIAN_POINT('',(0.0124389695966514,-0.00079375,-0.00256164700409353));
#6998=CARTESIAN_POINT('',(0.,-0.00079375,0.));
#6999=CARTESIAN_POINT('',(0.0126217555487472,-0.00079375,-0.00140758192218746));
#7000=CARTESIAN_POINT('',(0.0120784177569484,-0.00889,0.00392451582856184));
#7001=CARTESIAN_POINT('',(0.0128590524912266,-0.00514954124681965,0.00152196915832672));
#7002=CARTESIAN_POINT('',(0.0126608501384107,-0.0014090824936393,-0.00099643051574363));
#7003=CARTESIAN_POINT('',(0.0124626477855948,0.00233137625954105,-0.00351483018981398));
#7004=CARTESIAN_POINT('',(0.0113157828571923,0.0060718350127214,-0.00576567934669224));
#7005=CARTESIAN_POINT('',(0.0126608501384107,-0.0014090824936393,-0.00099643051574363));
#7006=CARTESIAN_POINT('',(0.0113157828571923,-0.00889,-0.00576567934669224));
#7007=CARTESIAN_POINT('',(0.0124626477855948,-0.00514954124681965,-0.00351483018981398));
#7008=CARTESIAN_POINT('',(0.0126608501384107,-0.0014090824936393,-0.000996430515743629));
#7009=CARTESIAN_POINT('',(0.0128590524912266,0.00233137625954105,0.00152196915832672));
#7010=CARTESIAN_POINT('',(0.0120784177569484,0.00607183501272139,0.00392451582856184));
#7011=CARTESIAN_POINT('',(0.,-0.0165862,0.));
#7012=CARTESIAN_POINT('',(0.0127,-0.00889,1.55530143491714E-18));
#7013=CARTESIAN_POINT('',(0.0127,-0.00514954124681965,-0.00252618706572166));
#7014=CARTESIAN_POINT('',(0.0117332700628933,-0.0014090824936393,-0.00486007959103664));
#7015=CARTESIAN_POINT('',(0.0107665401257867,0.00233137625954105,-0.00719397211635163));
#7016=CARTESIAN_POINT('',(0.00898025612106916,0.0060718350127214,-0.00898025612106915));
#7017=CARTESIAN_POINT('',(0.0123490979890506,-0.0043968144073409,-0.00296475612096946));
#7018=CARTESIAN_POINT('',(0.0113157828571923,-0.00889,-0.00576567934669224));
#7019=CARTESIAN_POINT('',(0.0124626477855948,-0.00514954124681965,-0.00351483018981398));
#7020=CARTESIAN_POINT('',(0.0126608501384107,-0.0014090824936393,-0.000996430515743629));
#7021=CARTESIAN_POINT('',(0.0128590524912266,0.00233137625954105,0.00152196915832672));
#7022=CARTESIAN_POINT('',(0.0120784177569484,0.00607183501272139,0.00392451582856184));
#7023=CARTESIAN_POINT('',(0.,-0.0165862,0.));
#7024=CARTESIAN_POINT('',(0.0125436419255582,-0.00889,-0.00198671770601093));
#7025=CARTESIAN_POINT('',(0.0121484592033405,-0.00514954124681965,-0.00448180321698646));
#7026=CARTESIAN_POINT('',(0.010828530087297,-0.0014090824936393,-0.00663573177189255));
#7027=CARTESIAN_POINT('',(0.00950860097125342,0.00233137625954105,-0.00878966032679865));
#7028=CARTESIAN_POINT('',(0.00746487270411441,0.0060718350127214,-0.0102745158285618));
#7029=CARTESIAN_POINT('',(0.0120784177569484,-0.00590226808629877,-0.00392451582856213));
#7030=CARTESIAN_POINT('',(0.0113157828571923,-0.00889,-0.00576567934669224));
#7031=CARTESIAN_POINT('',(0.0124626477855948,-0.00514954124681965,-0.00351483018981398));
#7032=CARTESIAN_POINT('',(0.0126608501384107,-0.0014090824936393,-0.000996430515743629));
#7033=CARTESIAN_POINT('',(0.0128590524912266,0.00233137625954105,0.00152196915832672));
#7034=CARTESIAN_POINT('',(0.0120784177569484,0.00607183501272139,0.00392451582856184));
#7035=CARTESIAN_POINT('',(0.,-0.0165862,0.));
#7036=CARTESIAN_POINT('',(0.0120784177569485,-0.00889,-0.00392451582856183));
#7037=CARTESIAN_POINT('',(0.0112977830226703,-0.00514954124681965,-0.00632706249879695));
#7038=CARTESIAN_POINT('',(0.0096571557631204,-0.0014090824936393,-0.00824799021379333));
#7039=CARTESIAN_POINT('',(0.00801652850357052,0.00233137625954105,-0.0101689179287897));
#7040=CARTESIAN_POINT('',(0.00576567934669225,0.0060718350127214,-0.0113157828571923));
#7041=CARTESIAN_POINT('',(0.0117332700628933,-0.00740308095398595,-0.00486007959103664));
#7042=CARTESIAN_POINT('',(0.0113157828571923,-0.00889,-0.00576567934669224));
#7043=CARTESIAN_POINT('',(0.0124626477855948,-0.00514954124681965,-0.00351483018981398));
#7044=CARTESIAN_POINT('',(0.0126608501384107,-0.0014090824936393,-0.000996430515743629));
#7045=CARTESIAN_POINT('',(0.0128590524912266,0.00233137625954105,0.00152196915832672));
#7046=CARTESIAN_POINT('',(0.0120784177569484,0.00607183501272139,0.00392451582856184));
#7047=CARTESIAN_POINT('',(0.,-0.0165862,0.));
#7048=CARTESIAN_POINT('',(0.0113157828571923,-0.00889,-0.00576567934669224));
#7049=CARTESIAN_POINT('',(0.0101689179287897,-0.00514954124681965,-0.00801652850357051));
#7050=CARTESIAN_POINT('',(0.00824799021379333,-0.0014090824936393,-0.00965715576312039));
#7051=CARTESIAN_POINT('',(0.00632706249879695,0.00233137625954105,-0.0112977830226703));
#7052=CARTESIAN_POINT('',(0.00392451582856184,0.00607183501272139,-0.0120784177569484));
#7053=CARTESIAN_POINT('',(0.0113157828571923,-0.00889,-0.00576567934669224));
#7054=CARTESIAN_POINT('',(0.0113157828571923,-0.00889,-0.00576567934669224));
#7055=CARTESIAN_POINT('',(0.0124626477855948,-0.00514954124681965,-0.00351483018981398));
#7056=CARTESIAN_POINT('',(0.0126608501384107,-0.0014090824936393,-0.000996430515743629));
#7057=CARTESIAN_POINT('',(0.0128590524912266,0.00233137625954105,0.00152196915832672));
#7058=CARTESIAN_POINT('',(0.0120784177569484,0.00607183501272139,0.00392451582856184));
#7059=CARTESIAN_POINT('',(0.,-0.0165862,0.));
#7060=CARTESIAN_POINT('',(0.,-0.00889,0.));
#7061=CARTESIAN_POINT('',(0.,-0.0165862,0.));
#7062=CARTESIAN_POINT('',(0.,-0.00079375,0.));
#7063=CARTESIAN_POINT('',(0.,-0.0165862,0.));
#7064=CARTESIAN_POINT('',(0.0120784177569484,-0.00889,0.00392451582856184));
#7065=CARTESIAN_POINT('',(0.0128590524912266,-0.00514954124681965,0.00152196915832672));
#7066=CARTESIAN_POINT('',(0.0126608501384107,-0.0014090824936393,-0.00099643051574363));
#7067=CARTESIAN_POINT('',(0.0124626477855948,0.00233137625954105,-0.00351483018981398));
#7068=CARTESIAN_POINT('',(0.0113157828571923,0.0060718350127214,-0.00576567934669224));
#7069=CARTESIAN_POINT('',(0.0127,-0.00289600153965341,4.61461481914262E-17));
#7070=CARTESIAN_POINT('',(0.0113157828571923,-0.00889,-0.00576567934669224));
#7071=CARTESIAN_POINT('',(0.0124626477855948,-0.00514954124681965,-0.00351483018981398));
#7072=CARTESIAN_POINT('',(0.0126608501384107,-0.0014090824936393,-0.000996430515743629));
#7073=CARTESIAN_POINT('',(0.0128590524912266,0.00233137625954105,0.00152196915832672));
#7074=CARTESIAN_POINT('',(0.0120784177569484,0.00607183501272139,0.00392451582856184));
#7075=CARTESIAN_POINT('',(0.0126865551183373,-0.00079375,-0.000584225324159787));
#7076=CARTESIAN_POINT('',(0.,-0.00079375,0.));
#7077=CARTESIAN_POINT('',(0.0126865551183373,-0.00079375,0.00058422532415979));
#7078=CARTESIAN_POINT('',(0.0113157828571923,-0.00889,0.00576567934669225));
#7079=CARTESIAN_POINT('',(0.0124626477855948,-0.00514954124681965,0.00351483018981398));
#7080=CARTESIAN_POINT('',(0.0126608501384107,-0.0014090824936393,0.000996430515743632));
#7081=CARTESIAN_POINT('',(0.0128590524912266,0.00233137625954105,-0.00152196915832672));
#7082=CARTESIAN_POINT('',(0.0120784177569485,0.0060718350127214,-0.00392451582856183));
#7083=CARTESIAN_POINT('',(0.0126608501384107,-0.0014090824936393,0.000996430515743632));
#7084=CARTESIAN_POINT('',(0.0120784177569485,-0.00889,-0.00392451582856183));
#7085=CARTESIAN_POINT('',(0.0128590524912266,-0.00514954124681965,-0.00152196915832672));
#7086=CARTESIAN_POINT('',(0.0126608501384107,-0.0014090824936393,0.000996430515743634));
#7087=CARTESIAN_POINT('',(0.0124626477855948,0.00233137625954105,0.00351483018981398));
#7088=CARTESIAN_POINT('',(0.0113157828571923,0.0060718350127214,0.00576567934669225));
#7089=CARTESIAN_POINT('',(0.,-0.0165862,0.));
#7090=CARTESIAN_POINT('',(0.0125436419255582,-0.00889,0.00198671770601093));
#7091=CARTESIAN_POINT('',(0.012938824647776,-0.00514954124681965,-0.00050836780496459));
#7092=CARTESIAN_POINT('',(0.0123490979890505,-0.0014090824936393,-0.00296475612097));
#7093=CARTESIAN_POINT('',(0.011759371330325,0.00233137625954105,-0.00542114443697541));
#7094=CARTESIAN_POINT('',(0.0102745158285618,0.0060718350127214,-0.00746487270411441));
#7095=CARTESIAN_POINT('',(0.0126608501384108,-0.0043968144073409,-0.000996430515743078));
#7096=CARTESIAN_POINT('',(0.0120784177569485,-0.00889,-0.00392451582856183));
#7097=CARTESIAN_POINT('',(0.0128590524912266,-0.00514954124681965,-0.00152196915832672));
#7098=CARTESIAN_POINT('',(0.0126608501384107,-0.0014090824936393,0.000996430515743634));
#7099=CARTESIAN_POINT('',(0.0124626477855948,0.00233137625954105,0.00351483018981398));
#7100=CARTESIAN_POINT('',(0.0113157828571923,0.0060718350127214,0.00576567934669225));
#7101=CARTESIAN_POINT('',(0.,-0.0165862,0.));
#7102=CARTESIAN_POINT('',(0.0127,-0.00889,1.55530143491714E-18));
#7103=CARTESIAN_POINT('',(0.0127,-0.00514954124681965,-0.00252618706572166));
#7104=CARTESIAN_POINT('',(0.0117332700628933,-0.0014090824936393,-0.00486007959103664));
#7105=CARTESIAN_POINT('',(0.0107665401257867,0.00233137625954105,-0.00719397211635163));
#7106=CARTESIAN_POINT('',(0.00898025612106916,0.0060718350127214,-0.00898025612106915));
#7107=CARTESIAN_POINT('',(0.0125436419255582,-0.00590226808629877,-0.00198671770601123));
#7108=CARTESIAN_POINT('',(0.0120784177569485,-0.00889,-0.00392451582856183));
#7109=CARTESIAN_POINT('',(0.0128590524912266,-0.00514954124681965,-0.00152196915832672));
#7110=CARTESIAN_POINT('',(0.0126608501384107,-0.0014090824936393,0.000996430515743634));
#7111=CARTESIAN_POINT('',(0.0124626477855948,0.00233137625954105,0.00351483018981398));
#7112=CARTESIAN_POINT('',(0.0113157828571923,0.0060718350127214,0.00576567934669225));
#7113=CARTESIAN_POINT('',(0.,-0.0165862,0.));
#7114=CARTESIAN_POINT('',(0.0125436419255582,-0.00889,-0.00198671770601093));
#7115=CARTESIAN_POINT('',(0.0121484592033405,-0.00514954124681965,-0.00448180321698646));
#7116=CARTESIAN_POINT('',(0.010828530087297,-0.0014090824936393,-0.00663573177189255));
#7117=CARTESIAN_POINT('',(0.00950860097125342,0.00233137625954105,-0.00878966032679865));
#7118=CARTESIAN_POINT('',(0.00746487270411441,0.0060718350127214,-0.0102745158285618));
#7119=CARTESIAN_POINT('',(0.0123490979890505,-0.00740308095398595,-0.00296475612097));
#7120=CARTESIAN_POINT('',(0.0120784177569485,-0.00889,-0.00392451582856183));
#7121=CARTESIAN_POINT('',(0.0128590524912266,-0.00514954124681965,-0.00152196915832672));
#7122=CARTESIAN_POINT('',(0.0126608501384107,-0.0014090824936393,0.000996430515743634));
#7123=CARTESIAN_POINT('',(0.0124626477855948,0.00233137625954105,0.00351483018981398));
#7124=CARTESIAN_POINT('',(0.0113157828571923,0.0060718350127214,0.00576567934669225));
#7125=CARTESIAN_POINT('',(0.,-0.0165862,0.));
#7126=CARTESIAN_POINT('',(0.0120784177569485,-0.00889,-0.00392451582856183));
#7127=CARTESIAN_POINT('',(0.0112977830226703,-0.00514954124681965,-0.00632706249879695));
#7128=CARTESIAN_POINT('',(0.0096571557631204,-0.0014090824936393,-0.00824799021379333));
#7129=CARTESIAN_POINT('',(0.00801652850357052,0.00233137625954105,-0.0101689179287897));
#7130=CARTESIAN_POINT('',(0.00576567934669225,0.0060718350127214,-0.0113157828571923));
#7131=CARTESIAN_POINT('',(0.0120784177569485,-0.00889,-0.00392451582856183));
#7132=CARTESIAN_POINT('',(0.0120784177569485,-0.00889,-0.00392451582856183));
#7133=CARTESIAN_POINT('',(0.0128590524912266,-0.00514954124681965,-0.00152196915832672));
#7134=CARTESIAN_POINT('',(0.0126608501384107,-0.0014090824936393,0.000996430515743634));
#7135=CARTESIAN_POINT('',(0.0124626477855948,0.00233137625954105,0.00351483018981398));
#7136=CARTESIAN_POINT('',(0.0113157828571923,0.0060718350127214,0.00576567934669225));
#7137=CARTESIAN_POINT('',(0.,-0.0165862,0.));
#7138=CARTESIAN_POINT('',(0.,-0.00889,0.));
#7139=CARTESIAN_POINT('',(0.,-0.0165862,0.));
#7140=CARTESIAN_POINT('',(0.,-0.00079375,0.));
#7141=CARTESIAN_POINT('',(0.,-0.0165862,0.));
#7142=CARTESIAN_POINT('',(0.0113157828571923,-0.00889,0.00576567934669225));
#7143=CARTESIAN_POINT('',(0.0124626477855948,-0.00514954124681965,0.00351483018981398));
#7144=CARTESIAN_POINT('',(0.0126608501384107,-0.0014090824936393,0.000996430515743632));
#7145=CARTESIAN_POINT('',(0.0128590524912266,0.00233137625954105,-0.00152196915832672));
#7146=CARTESIAN_POINT('',(0.0120784177569485,0.0060718350127214,-0.00392451582856183));
#7147=CARTESIAN_POINT('',(0.0125436419255582,-0.00289600153965341,0.00198671770601098));
#7148=CARTESIAN_POINT('',(0.0120784177569485,-0.00889,-0.00392451582856183));
#7149=CARTESIAN_POINT('',(0.0128590524912266,-0.00514954124681965,-0.00152196915832672));
#7150=CARTESIAN_POINT('',(0.0126608501384107,-0.0014090824936393,0.000996430515743634));
#7151=CARTESIAN_POINT('',(0.0124626477855948,0.00233137625954105,0.00351483018981398));
#7152=CARTESIAN_POINT('',(0.0113157828571923,0.0060718350127214,0.00576567934669225));
#7153=CARTESIAN_POINT('',(0.0126217555487472,-0.00079375,0.00140758192218746));
#7154=CARTESIAN_POINT('',(0.,-0.00079375,0.));
#7155=CARTESIAN_POINT('',(0.0124389695966514,-0.00079375,0.00256164700409354));
#7156=CARTESIAN_POINT('',(0.0102745158285618,-0.00889,0.00746487270411441));
#7157=CARTESIAN_POINT('',(0.011759371330325,-0.00514954124681965,0.00542114443697541));
#7158=CARTESIAN_POINT('',(0.0123490979890505,-0.0014090824936393,0.00296475612097));
#7159=CARTESIAN_POINT('',(0.012938824647776,0.00233137625954105,0.000508367804964593));
#7160=CARTESIAN_POINT('',(0.0125436419255582,0.0060718350127214,-0.00198671770601093));
#7161=CARTESIAN_POINT('',(0.0123490979890505,-0.0014090824936393,0.00296475612097));
#7162=CARTESIAN_POINT('',(0.0125436419255582,-0.00889,-0.00198671770601093));
#7163=CARTESIAN_POINT('',(0.012938824647776,-0.00514954124681965,0.000508367804964593));
#7164=CARTESIAN_POINT('',(0.0123490979890505,-0.0014090824936393,0.00296475612097));
#7165=CARTESIAN_POINT('',(0.011759371330325,0.00233137625954105,0.00542114443697541));
#7166=CARTESIAN_POINT('',(0.0102745158285618,0.0060718350127214,0.00746487270411441));
#7167=CARTESIAN_POINT('',(0.,-0.0165862,0.));
#7168=CARTESIAN_POINT('',(0.0120784177569484,-0.00889,0.00392451582856184));
#7169=CARTESIAN_POINT('',(0.0128590524912266,-0.00514954124681965,0.00152196915832672));
#7170=CARTESIAN_POINT('',(0.0126608501384107,-0.0014090824936393,-0.00099643051574363));
#7171=CARTESIAN_POINT('',(0.0124626477855948,0.00233137625954105,-0.00351483018981398));
#7172=CARTESIAN_POINT('',(0.0113157828571923,0.0060718350127214,-0.00576567934669224));
#7173=CARTESIAN_POINT('',(0.0126608501384107,-0.0043968144073409,0.000996430515744184));
#7174=CARTESIAN_POINT('',(0.0125436419255582,-0.00889,-0.00198671770601093));
#7175=CARTESIAN_POINT('',(0.012938824647776,-0.00514954124681965,0.000508367804964593));
#7176=CARTESIAN_POINT('',(0.0123490979890505,-0.0014090824936393,0.00296475612097));
#7177=CARTESIAN_POINT('',(0.011759371330325,0.00233137625954105,0.00542114443697541));
#7178=CARTESIAN_POINT('',(0.0102745158285618,0.0060718350127214,0.00746487270411441));
#7179=CARTESIAN_POINT('',(0.,-0.0165862,0.));
#7180=CARTESIAN_POINT('',(0.0125436419255582,-0.00889,0.00198671770601093));
#7181=CARTESIAN_POINT('',(0.012938824647776,-0.00514954124681965,-0.00050836780496459));
#7182=CARTESIAN_POINT('',(0.0123490979890505,-0.0014090824936393,-0.00296475612097));
#7183=CARTESIAN_POINT('',(0.011759371330325,0.00233137625954105,-0.00542114443697541));
#7184=CARTESIAN_POINT('',(0.0102745158285618,0.0060718350127214,-0.00746487270411441));
#7185=CARTESIAN_POINT('',(0.0127,-0.00590226808629877,-3.09357915239469E-16));
#7186=CARTESIAN_POINT('',(0.0125436419255582,-0.00889,-0.00198671770601093));
#7187=CARTESIAN_POINT('',(0.012938824647776,-0.00514954124681965,0.000508367804964593));
#7188=CARTESIAN_POINT('',(0.0123490979890505,-0.0014090824936393,0.00296475612097));
#7189=CARTESIAN_POINT('',(0.011759371330325,0.00233137625954105,0.00542114443697541));
#7190=CARTESIAN_POINT('',(0.0102745158285618,0.0060718350127214,0.00746487270411441));
#7191=CARTESIAN_POINT('',(0.,-0.0165862,0.));
#7192=CARTESIAN_POINT('',(0.0127,-0.00889,1.55530143491714E-18));
#7193=CARTESIAN_POINT('',(0.0127,-0.00514954124681965,-0.00252618706572166));
#7194=CARTESIAN_POINT('',(0.0117332700628933,-0.0014090824936393,-0.00486007959103664));
#7195=CARTESIAN_POINT('',(0.0107665401257867,0.00233137625954105,-0.00719397211635163));
#7196=CARTESIAN_POINT('',(0.00898025612106916,0.0060718350127214,-0.00898025612106915));
#7197=CARTESIAN_POINT('',(0.0126608501384107,-0.00740308095398595,-0.000996430515743634));
#7198=CARTESIAN_POINT('',(0.0125436419255582,-0.00889,-0.00198671770601093));
#7199=CARTESIAN_POINT('',(0.012938824647776,-0.00514954124681965,0.000508367804964593));
#7200=CARTESIAN_POINT('',(0.0123490979890505,-0.0014090824936393,0.00296475612097));
#7201=CARTESIAN_POINT('',(0.011759371330325,0.00233137625954105,0.00542114443697541));
#7202=CARTESIAN_POINT('',(0.0102745158285618,0.0060718350127214,0.00746487270411441));
#7203=CARTESIAN_POINT('',(0.,-0.0165862,0.));
#7204=CARTESIAN_POINT('',(0.0125436419255582,-0.00889,-0.00198671770601093));
#7205=CARTESIAN_POINT('',(0.0121484592033405,-0.00514954124681965,-0.00448180321698646));
#7206=CARTESIAN_POINT('',(0.010828530087297,-0.0014090824936393,-0.00663573177189255));
#7207=CARTESIAN_POINT('',(0.00950860097125342,0.00233137625954105,-0.00878966032679865));
#7208=CARTESIAN_POINT('',(0.00746487270411441,0.0060718350127214,-0.0102745158285618));
#7209=CARTESIAN_POINT('',(0.0125436419255582,-0.00889,-0.00198671770601093));
#7210=CARTESIAN_POINT('',(0.0125436419255582,-0.00889,-0.00198671770601093));
#7211=CARTESIAN_POINT('',(0.012938824647776,-0.00514954124681965,0.000508367804964593));
#7212=CARTESIAN_POINT('',(0.0123490979890505,-0.0014090824936393,0.00296475612097));
#7213=CARTESIAN_POINT('',(0.011759371330325,0.00233137625954105,0.00542114443697541));
#7214=CARTESIAN_POINT('',(0.0102745158285618,0.0060718350127214,0.00746487270411441));
#7215=CARTESIAN_POINT('',(0.,-0.0165862,0.));
#7216=CARTESIAN_POINT('',(0.,-0.00889,0.));
#7217=CARTESIAN_POINT('',(0.,-0.0165862,0.));
#7218=CARTESIAN_POINT('',(0.,-0.00079375,0.));
#7219=CARTESIAN_POINT('',(0.,-0.0165862,0.));
#7220=CARTESIAN_POINT('',(0.0102745158285618,-0.00889,0.00746487270411441));
#7221=CARTESIAN_POINT('',(0.011759371330325,-0.00514954124681965,0.00542114443697541));
#7222=CARTESIAN_POINT('',(0.0123490979890505,-0.0014090824936393,0.00296475612097));
#7223=CARTESIAN_POINT('',(0.012938824647776,0.00233137625954105,0.000508367804964593));
#7224=CARTESIAN_POINT('',(0.0125436419255582,0.0060718350127214,-0.00198671770601093));
#7225=CARTESIAN_POINT('',(0.0120784177569484,-0.00289600153965341,0.00392451582856188));
#7226=CARTESIAN_POINT('',(0.0125436419255582,-0.00889,-0.00198671770601093));
#7227=CARTESIAN_POINT('',(0.012938824647776,-0.00514954124681965,0.000508367804964593));
#7228=CARTESIAN_POINT('',(0.0123490979890505,-0.0014090824936393,0.00296475612097));
#7229=CARTESIAN_POINT('',(0.011759371330325,0.00233137625954105,0.00542114443697541));
#7230=CARTESIAN_POINT('',(0.0102745158285618,0.0060718350127214,0.00746487270411441));
#7231=CARTESIAN_POINT('',(0.0122461664683419,-0.00079375,0.00336472983011389));
#7232=CARTESIAN_POINT('',(0.,-0.00079375,0.));
#7233=CARTESIAN_POINT('',(0.0118850953609227,-0.00079375,0.00447599243316751));
#7234=CARTESIAN_POINT('',(0.00898025612106915,-0.00889,0.00898025612106916));
#7235=CARTESIAN_POINT('',(0.0107665401257867,-0.00514954124681965,0.00719397211635163));
#7236=CARTESIAN_POINT('',(0.0117332700628933,-0.0014090824936393,0.00486007959103664));
#7237=CARTESIAN_POINT('',(0.0127,0.00233137625954105,0.00252618706572166));
#7238=CARTESIAN_POINT('',(0.0127,0.0060718350127214,2.16840434497101E-18));
#7239=CARTESIAN_POINT('',(0.0117332700628933,-0.0014090824936393,0.00486007959103664));
#7240=CARTESIAN_POINT('',(0.0127,-0.00889,1.55530143491714E-18));
#7241=CARTESIAN_POINT('',(0.0127,-0.00514954124681965,0.00252618706572166));
#7242=CARTESIAN_POINT('',(0.0117332700628933,-0.0014090824936393,0.00486007959103664));
#7243=CARTESIAN_POINT('',(0.0107665401257867,0.00233137625954105,0.00719397211635163));
#7244=CARTESIAN_POINT('',(0.00898025612106915,0.0060718350127214,0.00898025612106916));
#7245=CARTESIAN_POINT('',(0.,-0.0165862,0.));
#7246=CARTESIAN_POINT('',(0.0113157828571923,-0.00889,0.00576567934669225));
#7247=CARTESIAN_POINT('',(0.0124626477855948,-0.00514954124681965,0.00351483018981398));
#7248=CARTESIAN_POINT('',(0.0126608501384107,-0.0014090824936393,0.000996430515743632));
#7249=CARTESIAN_POINT('',(0.0128590524912266,0.00233137625954105,-0.00152196915832672));
#7250=CARTESIAN_POINT('',(0.0120784177569485,0.0060718350127214,-0.00392451582856183));
#7251=CARTESIAN_POINT('',(0.0123490979890504,-0.0043968144073409,0.00296475612097054));
#7252=CARTESIAN_POINT('',(0.0127,-0.00889,1.55530143491714E-18));
#7253=CARTESIAN_POINT('',(0.0127,-0.00514954124681965,0.00252618706572166));
#7254=CARTESIAN_POINT('',(0.0117332700628933,-0.0014090824936393,0.00486007959103664));
#7255=CARTESIAN_POINT('',(0.0107665401257867,0.00233137625954105,0.00719397211635163));
#7256=CARTESIAN_POINT('',(0.00898025612106915,0.0060718350127214,0.00898025612106916));
#7257=CARTESIAN_POINT('',(0.,-0.0165862,0.));
#7258=CARTESIAN_POINT('',(0.0120784177569484,-0.00889,0.00392451582856184));
#7259=CARTESIAN_POINT('',(0.0128590524912266,-0.00514954124681965,0.00152196915832672));
#7260=CARTESIAN_POINT('',(0.0126608501384107,-0.0014090824936393,-0.00099643051574363));
#7261=CARTESIAN_POINT('',(0.0124626477855948,0.00233137625954105,-0.00351483018981398));
#7262=CARTESIAN_POINT('',(0.0113157828571923,0.0060718350127214,-0.00576567934669224));
#7263=CARTESIAN_POINT('',(0.0125436419255583,-0.00590226808629877,0.00198671770601063));
#7264=CARTESIAN_POINT('',(0.0127,-0.00889,1.55530143491714E-18));
#7265=CARTESIAN_POINT('',(0.0127,-0.00514954124681965,0.00252618706572166));
#7266=CARTESIAN_POINT('',(0.0117332700628933,-0.0014090824936393,0.00486007959103664));
#7267=CARTESIAN_POINT('',(0.0107665401257867,0.00233137625954105,0.00719397211635163));
#7268=CARTESIAN_POINT('',(0.00898025612106915,0.0060718350127214,0.00898025612106916));
#7269=CARTESIAN_POINT('',(0.,-0.0165862,0.));
#7270=CARTESIAN_POINT('',(0.0125436419255582,-0.00889,0.00198671770601093));
#7271=CARTESIAN_POINT('',(0.012938824647776,-0.00514954124681965,-0.00050836780496459));
#7272=CARTESIAN_POINT('',(0.0123490979890505,-0.0014090824936393,-0.00296475612097));
#7273=CARTESIAN_POINT('',(0.011759371330325,0.00233137625954105,-0.00542114443697541));
#7274=CARTESIAN_POINT('',(0.0102745158285618,0.0060718350127214,-0.00746487270411441));
#7275=CARTESIAN_POINT('',(0.0126608501384107,-0.00740308095398595,0.000996430515743629));
#7276=CARTESIAN_POINT('',(0.0127,-0.00889,1.55530143491714E-18));
#7277=CARTESIAN_POINT('',(0.0127,-0.00514954124681965,0.00252618706572166));
#7278=CARTESIAN_POINT('',(0.0117332700628933,-0.0014090824936393,0.00486007959103664));
#7279=CARTESIAN_POINT('',(0.0107665401257867,0.00233137625954105,0.00719397211635163));
#7280=CARTESIAN_POINT('',(0.00898025612106915,0.0060718350127214,0.00898025612106916));
#7281=CARTESIAN_POINT('',(0.,-0.0165862,0.));
#7282=CARTESIAN_POINT('',(0.0127,-0.00889,1.55530143491714E-18));
#7283=CARTESIAN_POINT('',(0.0127,-0.00514954124681965,-0.00252618706572166));
#7284=CARTESIAN_POINT('',(0.0117332700628933,-0.0014090824936393,-0.00486007959103664));
#7285=CARTESIAN_POINT('',(0.0107665401257867,0.00233137625954105,-0.00719397211635163));
#7286=CARTESIAN_POINT('',(0.00898025612106916,0.0060718350127214,-0.00898025612106915));
#7287=CARTESIAN_POINT('',(0.0127,-0.00889,1.55530143491714E-18));
#7288=CARTESIAN_POINT('',(0.0127,-0.00889,1.55530143491714E-18));
#7289=CARTESIAN_POINT('',(0.0127,-0.00514954124681965,0.00252618706572166));
#7290=CARTESIAN_POINT('',(0.0117332700628933,-0.0014090824936393,0.00486007959103664));
#7291=CARTESIAN_POINT('',(0.0107665401257867,0.00233137625954105,0.00719397211635163));
#7292=CARTESIAN_POINT('',(0.00898025612106915,0.0060718350127214,0.00898025612106916));
#7293=CARTESIAN_POINT('',(0.,-0.0165862,0.));
#7294=CARTESIAN_POINT('',(0.,-0.00889,0.));
#7295=CARTESIAN_POINT('',(0.,-0.0165862,0.));
#7296=CARTESIAN_POINT('',(0.,-0.00079375,0.));
#7297=CARTESIAN_POINT('',(0.,-0.0165862,0.));
#7298=CARTESIAN_POINT('',(0.00898025612106915,-0.00889,0.00898025612106916));
#7299=CARTESIAN_POINT('',(0.0107665401257867,-0.00514954124681965,0.00719397211635163));
#7300=CARTESIAN_POINT('',(0.0117332700628933,-0.0014090824936393,0.00486007959103664));
#7301=CARTESIAN_POINT('',(0.0127,0.00233137625954105,0.00252618706572166));
#7302=CARTESIAN_POINT('',(0.0127,0.0060718350127214,2.16840434497101E-18));
#7303=CARTESIAN_POINT('',(0.0113157828571922,-0.00289600153965341,0.00576567934669229));
#7304=CARTESIAN_POINT('',(0.0127,-0.00889,1.55530143491714E-18));
#7305=CARTESIAN_POINT('',(0.0127,-0.00514954124681965,0.00252618706572166));
#7306=CARTESIAN_POINT('',(0.0117332700628933,-0.0014090824936393,0.00486007959103664));
#7307=CARTESIAN_POINT('',(0.0107665401257867,0.00233137625954105,0.00719397211635163));
#7308=CARTESIAN_POINT('',(0.00898025612106915,0.0060718350127214,0.00898025612106916));
#7309=CARTESIAN_POINT('',(0.0115690361267897,-0.00079375,0.00523902692272482));
#7310=CARTESIAN_POINT('',(0.,-0.00079375,0.));
#7311=CARTESIAN_POINT('',(0.0110385706330381,-0.00079375,0.00628012407356969));
#7312=CARTESIAN_POINT('',(0.00746487270411441,-0.00889,0.0102745158285618));
#7313=CARTESIAN_POINT('',(0.00950860097125342,-0.00514954124681965,0.00878966032679865));
#7314=CARTESIAN_POINT('',(0.010828530087297,-0.0014090824936393,0.00663573177189255));
#7315=CARTESIAN_POINT('',(0.0121484592033405,0.00233137625954105,0.00448180321698646));
#7316=CARTESIAN_POINT('',(0.0125436419255582,0.0060718350127214,0.00198671770601093));
#7317=CARTESIAN_POINT('',(0.010828530087297,-0.0014090824936393,0.00663573177189255));
#7318=CARTESIAN_POINT('',(0.0125436419255582,-0.00889,0.00198671770601093));
#7319=CARTESIAN_POINT('',(0.0121484592033405,-0.00514954124681965,0.00448180321698646));
#7320=CARTESIAN_POINT('',(0.010828530087297,-0.0014090824936393,0.00663573177189255));
#7321=CARTESIAN_POINT('',(0.00950860097125342,0.00233137625954105,0.00878966032679865));
#7322=CARTESIAN_POINT('',(0.00746487270411441,0.0060718350127214,0.0102745158285618));
#7323=CARTESIAN_POINT('',(0.,-0.0165862,0.));
#7324=CARTESIAN_POINT('',(0.0102745158285618,-0.00889,0.00746487270411441));
#7325=CARTESIAN_POINT('',(0.011759371330325,-0.00514954124681965,0.00542114443697541));
#7326=CARTESIAN_POINT('',(0.0123490979890505,-0.0014090824936393,0.00296475612097));
#7327=CARTESIAN_POINT('',(0.012938824647776,0.00233137625954105,0.000508367804964593));
#7328=CARTESIAN_POINT('',(0.0125436419255582,0.0060718350127214,-0.00198671770601093));
#7329=CARTESIAN_POINT('',(0.0117332700628931,-0.0043968144073409,0.00486007959103715));
#7330=CARTESIAN_POINT('',(0.0125436419255582,-0.00889,0.00198671770601093));
#7331=CARTESIAN_POINT('',(0.0121484592033405,-0.00514954124681965,0.00448180321698646));
#7332=CARTESIAN_POINT('',(0.010828530087297,-0.0014090824936393,0.00663573177189255));
#7333=CARTESIAN_POINT('',(0.00950860097125342,0.00233137625954105,0.00878966032679865));
#7334=CARTESIAN_POINT('',(0.00746487270411441,0.0060718350127214,0.0102745158285618));
#7335=CARTESIAN_POINT('',(0.,-0.0165862,0.));
#7336=CARTESIAN_POINT('',(0.0113157828571923,-0.00889,0.00576567934669225));
#7337=CARTESIAN_POINT('',(0.0124626477855948,-0.00514954124681965,0.00351483018981398));
#7338=CARTESIAN_POINT('',(0.0126608501384107,-0.0014090824936393,0.000996430515743632));
#7339=CARTESIAN_POINT('',(0.0128590524912266,0.00233137625954105,-0.00152196915832672));
#7340=CARTESIAN_POINT('',(0.0120784177569485,0.0060718350127214,-0.00392451582856183));
#7341=CARTESIAN_POINT('',(0.0120784177569485,-0.00590226808629877,0.00392451582856154));
#7342=CARTESIAN_POINT('',(0.0125436419255582,-0.00889,0.00198671770601093));
#7343=CARTESIAN_POINT('',(0.0121484592033405,-0.00514954124681965,0.00448180321698646));
#7344=CARTESIAN_POINT('',(0.010828530087297,-0.0014090824936393,0.00663573177189255));
#7345=CARTESIAN_POINT('',(0.00950860097125342,0.00233137625954105,0.00878966032679865));
#7346=CARTESIAN_POINT('',(0.00746487270411441,0.0060718350127214,0.0102745158285618));
#7347=CARTESIAN_POINT('',(0.,-0.0165862,0.));
#7348=CARTESIAN_POINT('',(0.0120784177569484,-0.00889,0.00392451582856184));
#7349=CARTESIAN_POINT('',(0.0128590524912266,-0.00514954124681965,0.00152196915832672));
#7350=CARTESIAN_POINT('',(0.0126608501384107,-0.0014090824936393,-0.00099643051574363));
#7351=CARTESIAN_POINT('',(0.0124626477855948,0.00233137625954105,-0.00351483018981398));
#7352=CARTESIAN_POINT('',(0.0113157828571923,0.0060718350127214,-0.00576567934669224));
#7353=CARTESIAN_POINT('',(0.0123490979890505,-0.00740308095398595,0.00296475612097));
#7354=CARTESIAN_POINT('',(0.0125436419255582,-0.00889,0.00198671770601093));
#7355=CARTESIAN_POINT('',(0.0121484592033405,-0.00514954124681965,0.00448180321698646));
#7356=CARTESIAN_POINT('',(0.010828530087297,-0.0014090824936393,0.00663573177189255));
#7357=CARTESIAN_POINT('',(0.00950860097125342,0.00233137625954105,0.00878966032679865));
#7358=CARTESIAN_POINT('',(0.00746487270411441,0.0060718350127214,0.0102745158285618));
#7359=CARTESIAN_POINT('',(0.,-0.0165862,0.));
#7360=CARTESIAN_POINT('',(0.0125436419255582,-0.00889,0.00198671770601093));
#7361=CARTESIAN_POINT('',(0.012938824647776,-0.00514954124681965,-0.00050836780496459));
#7362=CARTESIAN_POINT('',(0.0123490979890505,-0.0014090824936393,-0.00296475612097));
#7363=CARTESIAN_POINT('',(0.011759371330325,0.00233137625954105,-0.00542114443697541));
#7364=CARTESIAN_POINT('',(0.0102745158285618,0.0060718350127214,-0.00746487270411441));
#7365=CARTESIAN_POINT('',(0.0125436419255582,-0.00889,0.00198671770601093));
#7366=CARTESIAN_POINT('',(0.0125436419255582,-0.00889,0.00198671770601093));
#7367=CARTESIAN_POINT('',(0.0121484592033405,-0.00514954124681965,0.00448180321698646));
#7368=CARTESIAN_POINT('',(0.010828530087297,-0.0014090824936393,0.00663573177189255));
#7369=CARTESIAN_POINT('',(0.00950860097125342,0.00233137625954105,0.00878966032679865));
#7370=CARTESIAN_POINT('',(0.00746487270411441,0.0060718350127214,0.0102745158285618));
#7371=CARTESIAN_POINT('',(0.,-0.0165862,0.));
#7372=CARTESIAN_POINT('',(0.,-0.00889,0.));
#7373=CARTESIAN_POINT('',(0.,-0.0165862,0.));
#7374=CARTESIAN_POINT('',(0.,-0.00079375,0.));
#7375=CARTESIAN_POINT('',(0.,-0.0165862,0.));
#7376=CARTESIAN_POINT('',(0.00746487270411441,-0.00889,0.0102745158285618));
#7377=CARTESIAN_POINT('',(0.00950860097125342,-0.00514954124681965,0.00878966032679865));
#7378=CARTESIAN_POINT('',(0.010828530087297,-0.0014090824936393,0.00663573177189255));
#7379=CARTESIAN_POINT('',(0.0121484592033405,0.00233137625954105,0.00448180321698646));
#7380=CARTESIAN_POINT('',(0.0125436419255582,0.0060718350127214,0.00198671770601093));
#7381=CARTESIAN_POINT('',(0.0102745158285618,-0.00289600153965341,0.00746487270411445));
#7382=CARTESIAN_POINT('',(0.0125436419255582,-0.00889,0.00198671770601093));
#7383=CARTESIAN_POINT('',(0.0121484592033405,-0.00514954124681965,0.00448180321698646));
#7384=CARTESIAN_POINT('',(0.010828530087297,-0.0014090824936393,0.00663573177189255));
#7385=CARTESIAN_POINT('',(0.00950860097125342,0.00233137625954105,0.00878966032679865));
#7386=CARTESIAN_POINT('',(0.00746487270411441,0.0060718350127214,0.0102745158285618));
#7387=CARTESIAN_POINT('',(0.0106070377203663,-0.00079375,0.00698432178516478));
#7388=CARTESIAN_POINT('',(0.,-0.00079375,0.));
#7389=CARTESIAN_POINT('',(0.00992023966125244,-0.00079375,0.00792961821674374));
#7390=CARTESIAN_POINT('',(0.00576567934669224,-0.00889,0.0113157828571923));
#7391=CARTESIAN_POINT('',(0.00801652850357051,-0.00514954124681965,0.0101689179287897));
#7392=CARTESIAN_POINT('',(0.00965715576312039,-0.0014090824936393,0.00824799021379333));
#7393=CARTESIAN_POINT('',(0.0112977830226703,0.00233137625954105,0.00632706249879695));
#7394=CARTESIAN_POINT('',(0.0120784177569484,0.0060718350127214,0.00392451582856184));
#7395=CARTESIAN_POINT('',(0.00965715576312039,-0.0014090824936393,0.00824799021379333));
#7396=CARTESIAN_POINT('',(0.0120784177569484,-0.00889,0.00392451582856184));
#7397=CARTESIAN_POINT('',(0.0112977830226703,-0.00514954124681965,0.00632706249879695));
#7398=CARTESIAN_POINT('',(0.00965715576312039,-0.0014090824936393,0.00824799021379333));
#7399=CARTESIAN_POINT('',(0.00801652850357051,0.00233137625954105,0.0101689179287897));
#7400=CARTESIAN_POINT('',(0.00576567934669225,0.0060718350127214,0.0113157828571923));
#7401=CARTESIAN_POINT('',(0.,-0.0165862,0.));
#7402=CARTESIAN_POINT('',(0.00898025612106915,-0.00889,0.00898025612106916));
#7403=CARTESIAN_POINT('',(0.0107665401257867,-0.00514954124681965,0.00719397211635163));
#7404=CARTESIAN_POINT('',(0.0117332700628933,-0.0014090824936393,0.00486007959103664));
#7405=CARTESIAN_POINT('',(0.0127,0.00233137625954105,0.00252618706572166));
#7406=CARTESIAN_POINT('',(0.0127,0.0060718350127214,2.16840434497101E-18));
#7407=CARTESIAN_POINT('',(0.0108285300872967,-0.0043968144073409,0.00663573177189302));
#7408=CARTESIAN_POINT('',(0.0120784177569484,-0.00889,0.00392451582856184));
#7409=CARTESIAN_POINT('',(0.0112977830226703,-0.00514954124681965,0.00632706249879695));
#7410=CARTESIAN_POINT('',(0.00965715576312039,-0.0014090824936393,0.00824799021379333));
#7411=CARTESIAN_POINT('',(0.00801652850357051,0.00233137625954105,0.0101689179287897));
#7412=CARTESIAN_POINT('',(0.00576567934669225,0.0060718350127214,0.0113157828571923));
#7413=CARTESIAN_POINT('',(0.,-0.0165862,0.));
#7414=CARTESIAN_POINT('',(0.0102745158285618,-0.00889,0.00746487270411441));
#7415=CARTESIAN_POINT('',(0.011759371330325,-0.00514954124681965,0.00542114443697541));
#7416=CARTESIAN_POINT('',(0.0123490979890505,-0.0014090824936393,0.00296475612097));
#7417=CARTESIAN_POINT('',(0.012938824647776,0.00233137625954105,0.000508367804964593));
#7418=CARTESIAN_POINT('',(0.0125436419255582,0.0060718350127214,-0.00198671770601093));
#7419=CARTESIAN_POINT('',(0.0113157828571924,-0.00590226808629877,0.00576567934669197));
#7420=CARTESIAN_POINT('',(0.0120784177569484,-0.00889,0.00392451582856184));
#7421=CARTESIAN_POINT('',(0.0112977830226703,-0.00514954124681965,0.00632706249879695));
#7422=CARTESIAN_POINT('',(0.00965715576312039,-0.0014090824936393,0.00824799021379333));
#7423=CARTESIAN_POINT('',(0.00801652850357051,0.00233137625954105,0.0101689179287897));
#7424=CARTESIAN_POINT('',(0.00576567934669225,0.0060718350127214,0.0113157828571923));
#7425=CARTESIAN_POINT('',(0.,-0.0165862,0.));
#7426=CARTESIAN_POINT('',(0.0113157828571923,-0.00889,0.00576567934669225));
#7427=CARTESIAN_POINT('',(0.0124626477855948,-0.00514954124681965,0.00351483018981398));
#7428=CARTESIAN_POINT('',(0.0126608501384107,-0.0014090824936393,0.000996430515743632));
#7429=CARTESIAN_POINT('',(0.0128590524912266,0.00233137625954105,-0.00152196915832672));
#7430=CARTESIAN_POINT('',(0.0120784177569485,0.0060718350127214,-0.00392451582856183));
#7431=CARTESIAN_POINT('',(0.0117332700628933,-0.00740308095398595,0.00486007959103664));
#7432=CARTESIAN_POINT('',(0.0120784177569484,-0.00889,0.00392451582856184));
#7433=CARTESIAN_POINT('',(0.0112977830226703,-0.00514954124681965,0.00632706249879695));
#7434=CARTESIAN_POINT('',(0.00965715576312039,-0.0014090824936393,0.00824799021379333));
#7435=CARTESIAN_POINT('',(0.00801652850357051,0.00233137625954105,0.0101689179287897));
#7436=CARTESIAN_POINT('',(0.00576567934669225,0.0060718350127214,0.0113157828571923));
#7437=CARTESIAN_POINT('',(0.,-0.0165862,0.));
#7438=CARTESIAN_POINT('',(0.0120784177569484,-0.00889,0.00392451582856184));
#7439=CARTESIAN_POINT('',(0.0128590524912266,-0.00514954124681965,0.00152196915832672));
#7440=CARTESIAN_POINT('',(0.0126608501384107,-0.0014090824936393,-0.00099643051574363));
#7441=CARTESIAN_POINT('',(0.0124626477855948,0.00233137625954105,-0.00351483018981398));
#7442=CARTESIAN_POINT('',(0.0113157828571923,0.0060718350127214,-0.00576567934669224));
#7443=CARTESIAN_POINT('',(0.0120784177569484,-0.00889,0.00392451582856184));
#7444=CARTESIAN_POINT('',(0.0120784177569484,-0.00889,0.00392451582856184));
#7445=CARTESIAN_POINT('',(0.0112977830226703,-0.00514954124681965,0.00632706249879695));
#7446=CARTESIAN_POINT('',(0.00965715576312039,-0.0014090824936393,0.00824799021379333));
#7447=CARTESIAN_POINT('',(0.00801652850357051,0.00233137625954105,0.0101689179287897));
#7448=CARTESIAN_POINT('',(0.00576567934669225,0.0060718350127214,0.0113157828571923));
#7449=CARTESIAN_POINT('',(0.,-0.0165862,0.));
#7450=CARTESIAN_POINT('',(0.,-0.00889,0.));
#7451=CARTESIAN_POINT('',(0.,-0.0165862,0.));
#7452=CARTESIAN_POINT('',(0.,-0.00079375,0.));
#7453=CARTESIAN_POINT('',(0.,-0.0165862,0.));
#7454=CARTESIAN_POINT('',(0.00576567934669224,-0.00889,0.0113157828571923));
#7455=CARTESIAN_POINT('',(0.00801652850357051,-0.00514954124681965,0.0101689179287897));
#7456=CARTESIAN_POINT('',(0.00965715576312039,-0.0014090824936393,0.00824799021379333));
#7457=CARTESIAN_POINT('',(0.0112977830226703,0.00233137625954105,0.00632706249879695));
#7458=CARTESIAN_POINT('',(0.0120784177569484,0.0060718350127214,0.00392451582856184));
#7459=CARTESIAN_POINT('',(0.00898025612106912,-0.00289600153965341,0.00898025612106919));
#7460=CARTESIAN_POINT('',(0.0120784177569484,-0.00889,0.00392451582856184));
#7461=CARTESIAN_POINT('',(0.0112977830226703,-0.00514954124681965,0.00632706249879695));
#7462=CARTESIAN_POINT('',(0.00965715576312039,-0.0014090824936393,0.00824799021379333));
#7463=CARTESIAN_POINT('',(0.00801652850357051,0.00233137625954105,0.0101689179287897));
#7464=CARTESIAN_POINT('',(0.00576567934669225,0.0060718350127214,0.0113157828571923));
#7465=CARTESIAN_POINT('',(0.00938385884252751,-0.00079375,0.00855763946561892));
#7466=CARTESIAN_POINT('',(0.,-0.00079375,0.));
#7467=CARTESIAN_POINT('',(0.00855763946561892,-0.00079375,0.00938385884252751));
#7468=CARTESIAN_POINT('',(0.00392451582856183,-0.00889,0.0120784177569485));
#7469=CARTESIAN_POINT('',(0.00632706249879695,-0.00514954124681965,0.0112977830226703));
#7470=CARTESIAN_POINT('',(0.00824799021379333,-0.0014090824936393,0.0096571557631204));
#7471=CARTESIAN_POINT('',(0.0101689179287897,0.00233137625954105,0.00801652850357052));
#7472=CARTESIAN_POINT('',(0.0113157828571923,0.0060718350127214,0.00576567934669225));
#7473=CARTESIAN_POINT('',(0.00824799021379333,-0.0014090824936393,0.0096571557631204));
#7474=CARTESIAN_POINT('',(0.0113157828571923,-0.00889,0.00576567934669225));
#7475=CARTESIAN_POINT('',(0.0101689179287897,-0.00514954124681965,0.00801652850357052));
#7476=CARTESIAN_POINT('',(0.00824799021379333,-0.0014090824936393,0.0096571557631204));
#7477=CARTESIAN_POINT('',(0.00632706249879695,0.00233137625954105,0.0112977830226703));
#7478=CARTESIAN_POINT('',(0.00392451582856184,0.0060718350127214,0.0120784177569484));
#7479=CARTESIAN_POINT('',(0.,-0.0165862,0.));
#7480=CARTESIAN_POINT('',(0.00746487270411441,-0.00889,0.0102745158285618));
#7481=CARTESIAN_POINT('',(0.00950860097125342,-0.00514954124681965,0.00878966032679865));
#7482=CARTESIAN_POINT('',(0.010828530087297,-0.0014090824936393,0.00663573177189255));
#7483=CARTESIAN_POINT('',(0.0121484592033405,0.00233137625954105,0.00448180321698646));
#7484=CARTESIAN_POINT('',(0.0125436419255582,0.0060718350127214,0.00198671770601093));
#7485=CARTESIAN_POINT('',(0.00965715576312003,-0.0043968144073409,0.00824799021379376));
#7486=CARTESIAN_POINT('',(0.0113157828571923,-0.00889,0.00576567934669225));
#7487=CARTESIAN_POINT('',(0.0101689179287897,-0.00514954124681965,0.00801652850357052));
#7488=CARTESIAN_POINT('',(0.00824799021379333,-0.0014090824936393,0.0096571557631204));
#7489=CARTESIAN_POINT('',(0.00632706249879695,0.00233137625954105,0.0112977830226703));
#7490=CARTESIAN_POINT('',(0.00392451582856184,0.0060718350127214,0.0120784177569484));
#7491=CARTESIAN_POINT('',(0.,-0.0165862,0.));
#7492=CARTESIAN_POINT('',(0.00898025612106915,-0.00889,0.00898025612106916));
#7493=CARTESIAN_POINT('',(0.0107665401257867,-0.00514954124681965,0.00719397211635163));
#7494=CARTESIAN_POINT('',(0.0117332700628933,-0.0014090824936393,0.00486007959103664));
#7495=CARTESIAN_POINT('',(0.0127,0.00233137625954105,0.00252618706572166));
#7496=CARTESIAN_POINT('',(0.0127,0.0060718350127214,2.16840434497101E-18));
#7497=CARTESIAN_POINT('',(0.010274515828562,-0.00590226808629877,0.00746487270411416));
#7498=CARTESIAN_POINT('',(0.0113157828571923,-0.00889,0.00576567934669225));
#7499=CARTESIAN_POINT('',(0.0101689179287897,-0.00514954124681965,0.00801652850357052));
#7500=CARTESIAN_POINT('',(0.00824799021379333,-0.0014090824936393,0.0096571557631204));
#7501=CARTESIAN_POINT('',(0.00632706249879695,0.00233137625954105,0.0112977830226703));
#7502=CARTESIAN_POINT('',(0.00392451582856184,0.0060718350127214,0.0120784177569484));
#7503=CARTESIAN_POINT('',(0.,-0.0165862,0.));
#7504=CARTESIAN_POINT('',(0.0102745158285618,-0.00889,0.00746487270411441));
#7505=CARTESIAN_POINT('',(0.011759371330325,-0.00514954124681965,0.00542114443697541));
#7506=CARTESIAN_POINT('',(0.0123490979890505,-0.0014090824936393,0.00296475612097));
#7507=CARTESIAN_POINT('',(0.012938824647776,0.00233137625954105,0.000508367804964593));
#7508=CARTESIAN_POINT('',(0.0125436419255582,0.0060718350127214,-0.00198671770601093));
#7509=CARTESIAN_POINT('',(0.010828530087297,-0.00740308095398595,0.00663573177189255));
#7510=CARTESIAN_POINT('',(0.0113157828571923,-0.00889,0.00576567934669225));
#7511=CARTESIAN_POINT('',(0.0101689179287897,-0.00514954124681965,0.00801652850357052));
#7512=CARTESIAN_POINT('',(0.00824799021379333,-0.0014090824936393,0.0096571557631204));
#7513=CARTESIAN_POINT('',(0.00632706249879695,0.00233137625954105,0.0112977830226703));
#7514=CARTESIAN_POINT('',(0.00392451582856184,0.0060718350127214,0.0120784177569484));
#7515=CARTESIAN_POINT('',(0.,-0.0165862,0.));
#7516=CARTESIAN_POINT('',(0.0113157828571923,-0.00889,0.00576567934669225));
#7517=CARTESIAN_POINT('',(0.0124626477855948,-0.00514954124681965,0.00351483018981398));
#7518=CARTESIAN_POINT('',(0.0126608501384107,-0.0014090824936393,0.000996430515743632));
#7519=CARTESIAN_POINT('',(0.0128590524912266,0.00233137625954105,-0.00152196915832672));
#7520=CARTESIAN_POINT('',(0.0120784177569485,0.0060718350127214,-0.00392451582856183));
#7521=CARTESIAN_POINT('',(0.0113157828571923,-0.00889,0.00576567934669225));
#7522=CARTESIAN_POINT('',(0.0113157828571923,-0.00889,0.00576567934669225));
#7523=CARTESIAN_POINT('',(0.0101689179287897,-0.00514954124681965,0.00801652850357052));
#7524=CARTESIAN_POINT('',(0.00824799021379333,-0.0014090824936393,0.0096571557631204));
#7525=CARTESIAN_POINT('',(0.00632706249879695,0.00233137625954105,0.0112977830226703));
#7526=CARTESIAN_POINT('',(0.00392451582856184,0.0060718350127214,0.0120784177569484));
#7527=CARTESIAN_POINT('',(0.,-0.0165862,0.));
#7528=CARTESIAN_POINT('',(0.,-0.00889,0.));
#7529=CARTESIAN_POINT('',(0.,-0.0165862,0.));
#7530=CARTESIAN_POINT('',(0.,-0.00079375,0.));
#7531=CARTESIAN_POINT('',(0.,-0.0165862,0.));
#7532=CARTESIAN_POINT('',(0.00392451582856183,-0.00889,0.0120784177569485));
#7533=CARTESIAN_POINT('',(0.00632706249879695,-0.00514954124681965,0.0112977830226703));
#7534=CARTESIAN_POINT('',(0.00824799021379333,-0.0014090824936393,0.0096571557631204));
#7535=CARTESIAN_POINT('',(0.0101689179287897,0.00233137625954105,0.00801652850357052));
#7536=CARTESIAN_POINT('',(0.0113157828571923,0.0060718350127214,0.00576567934669225));
#7537=CARTESIAN_POINT('',(0.00746487270411437,-0.00289600153965341,0.0102745158285619));
#7538=CARTESIAN_POINT('',(0.0113157828571923,-0.00889,0.00576567934669225));
#7539=CARTESIAN_POINT('',(0.0101689179287897,-0.00514954124681965,0.00801652850357052));
#7540=CARTESIAN_POINT('',(0.00824799021379333,-0.0014090824936393,0.0096571557631204));
#7541=CARTESIAN_POINT('',(0.00632706249879695,0.00233137625954105,0.0112977830226703));
#7542=CARTESIAN_POINT('',(0.00392451582856184,0.0060718350127214,0.0120784177569484));
#7543=CARTESIAN_POINT('',(0.00792961821674374,-0.00079375,0.00992023966125244));
#7544=CARTESIAN_POINT('',(0.,-0.00079375,0.));
#7545=CARTESIAN_POINT('',(0.00698432178516478,-0.00079375,0.0106070377203663));
#7546=CARTESIAN_POINT('',(0.00198671770601093,-0.00889,0.0125436419255582));
#7547=CARTESIAN_POINT('',(0.00448180321698646,-0.00514954124681965,0.0121484592033405));
#7548=CARTESIAN_POINT('',(0.00663573177189255,-0.0014090824936393,0.010828530087297));
#7549=CARTESIAN_POINT('',(0.00878966032679865,0.00233137625954105,0.00950860097125342));
#7550=CARTESIAN_POINT('',(0.0102745158285618,0.00607183501272139,0.00746487270411441));
#7551=CARTESIAN_POINT('',(0.00663573177189255,-0.0014090824936393,0.010828530087297));
#7552=CARTESIAN_POINT('',(0.0102745158285618,-0.00889,0.00746487270411441));
#7553=CARTESIAN_POINT('',(0.00878966032679865,-0.00514954124681965,0.00950860097125342));
#7554=CARTESIAN_POINT('',(0.00663573177189255,-0.0014090824936393,0.010828530087297));
#7555=CARTESIAN_POINT('',(0.00448180321698646,0.00233137625954105,0.0121484592033405));
#7556=CARTESIAN_POINT('',(0.00198671770601093,0.0060718350127214,0.0125436419255582));
#7557=CARTESIAN_POINT('',(0.,-0.0165862,0.));
#7558=CARTESIAN_POINT('',(0.00576567934669224,-0.00889,0.0113157828571923));
#7559=CARTESIAN_POINT('',(0.00801652850357051,-0.00514954124681965,0.0101689179287897));
#7560=CARTESIAN_POINT('',(0.00965715576312039,-0.0014090824936393,0.00824799021379333));
#7561=CARTESIAN_POINT('',(0.0112977830226703,0.00233137625954105,0.00632706249879695));
#7562=CARTESIAN_POINT('',(0.0120784177569484,0.0060718350127214,0.00392451582856184));
#7563=CARTESIAN_POINT('',(0.00824799021379291,-0.0043968144073409,0.00965715576312076));
#7564=CARTESIAN_POINT('',(0.0102745158285618,-0.00889,0.00746487270411441));
#7565=CARTESIAN_POINT('',(0.00878966032679865,-0.00514954124681965,0.00950860097125342));
#7566=CARTESIAN_POINT('',(0.00663573177189255,-0.0014090824936393,0.010828530087297));
#7567=CARTESIAN_POINT('',(0.00448180321698646,0.00233137625954105,0.0121484592033405));
#7568=CARTESIAN_POINT('',(0.00198671770601093,0.0060718350127214,0.0125436419255582));
#7569=CARTESIAN_POINT('',(0.,-0.0165862,0.));
#7570=CARTESIAN_POINT('',(0.00746487270411441,-0.00889,0.0102745158285618));
#7571=CARTESIAN_POINT('',(0.00950860097125342,-0.00514954124681965,0.00878966032679865));
#7572=CARTESIAN_POINT('',(0.010828530087297,-0.0014090824936393,0.00663573177189255));
#7573=CARTESIAN_POINT('',(0.0121484592033405,0.00233137625954105,0.00448180321698646));
#7574=CARTESIAN_POINT('',(0.0125436419255582,0.0060718350127214,0.00198671770601093));
#7575=CARTESIAN_POINT('',(0.00898025612106937,-0.00590226808629877,0.00898025612106894));
#7576=CARTESIAN_POINT('',(0.0102745158285618,-0.00889,0.00746487270411441));
#7577=CARTESIAN_POINT('',(0.00878966032679865,-0.00514954124681965,0.00950860097125342));
#7578=CARTESIAN_POINT('',(0.00663573177189255,-0.0014090824936393,0.010828530087297));
#7579=CARTESIAN_POINT('',(0.00448180321698646,0.00233137625954105,0.0121484592033405));
#7580=CARTESIAN_POINT('',(0.00198671770601093,0.0060718350127214,0.0125436419255582));
#7581=CARTESIAN_POINT('',(0.,-0.0165862,0.));
#7582=CARTESIAN_POINT('',(0.00898025612106915,-0.00889,0.00898025612106916));
#7583=CARTESIAN_POINT('',(0.0107665401257867,-0.00514954124681965,0.00719397211635163));
#7584=CARTESIAN_POINT('',(0.0117332700628933,-0.0014090824936393,0.00486007959103664));
#7585=CARTESIAN_POINT('',(0.0127,0.00233137625954105,0.00252618706572166));
#7586=CARTESIAN_POINT('',(0.0127,0.0060718350127214,2.16840434497101E-18));
#7587=CARTESIAN_POINT('',(0.0096571557631204,-0.00740308095398595,0.00824799021379333));
#7588=CARTESIAN_POINT('',(0.0102745158285618,-0.00889,0.00746487270411441));
#7589=CARTESIAN_POINT('',(0.00878966032679865,-0.00514954124681965,0.00950860097125342));
#7590=CARTESIAN_POINT('',(0.00663573177189255,-0.0014090824936393,0.010828530087297));
#7591=CARTESIAN_POINT('',(0.00448180321698646,0.00233137625954105,0.0121484592033405));
#7592=CARTESIAN_POINT('',(0.00198671770601093,0.0060718350127214,0.0125436419255582));
#7593=CARTESIAN_POINT('',(0.,-0.0165862,0.));
#7594=CARTESIAN_POINT('',(0.0102745158285618,-0.00889,0.00746487270411441));
#7595=CARTESIAN_POINT('',(0.011759371330325,-0.00514954124681965,0.00542114443697541));
#7596=CARTESIAN_POINT('',(0.0123490979890505,-0.0014090824936393,0.00296475612097));
#7597=CARTESIAN_POINT('',(0.012938824647776,0.00233137625954105,0.000508367804964593));
#7598=CARTESIAN_POINT('',(0.0125436419255582,0.0060718350127214,-0.00198671770601093));
#7599=CARTESIAN_POINT('',(0.0102745158285618,-0.00889,0.00746487270411441));
#7600=CARTESIAN_POINT('',(0.0102745158285618,-0.00889,0.00746487270411441));
#7601=CARTESIAN_POINT('',(0.00878966032679865,-0.00514954124681965,0.00950860097125342));
#7602=CARTESIAN_POINT('',(0.00663573177189255,-0.0014090824936393,0.010828530087297));
#7603=CARTESIAN_POINT('',(0.00448180321698646,0.00233137625954105,0.0121484592033405));
#7604=CARTESIAN_POINT('',(0.00198671770601093,0.0060718350127214,0.0125436419255582));
#7605=CARTESIAN_POINT('',(0.,-0.0165862,0.));
#7606=CARTESIAN_POINT('',(0.,-0.00889,0.));
#7607=CARTESIAN_POINT('',(0.,-0.0165862,0.));
#7608=CARTESIAN_POINT('',(0.,-0.00079375,0.));
#7609=CARTESIAN_POINT('',(0.,-0.0165862,0.));
#7610=CARTESIAN_POINT('',(0.00198671770601093,-0.00889,0.0125436419255582));
#7611=CARTESIAN_POINT('',(0.00448180321698646,-0.00514954124681965,0.0121484592033405));
#7612=CARTESIAN_POINT('',(0.00663573177189255,-0.0014090824936393,0.010828530087297));
#7613=CARTESIAN_POINT('',(0.00878966032679865,0.00233137625954105,0.00950860097125342));
#7614=CARTESIAN_POINT('',(0.0102745158285618,0.00607183501272139,0.00746487270411441));
#7615=CARTESIAN_POINT('',(0.00576567934669221,-0.00289600153965341,0.0113157828571923));
#7616=CARTESIAN_POINT('',(0.0102745158285618,-0.00889,0.00746487270411441));
#7617=CARTESIAN_POINT('',(0.00878966032679865,-0.00514954124681965,0.00950860097125342));
#7618=CARTESIAN_POINT('',(0.00663573177189255,-0.0014090824936393,0.010828530087297));
#7619=CARTESIAN_POINT('',(0.00448180321698646,0.00233137625954105,0.0121484592033405));
#7620=CARTESIAN_POINT('',(0.00198671770601093,0.0060718350127214,0.0125436419255582));
#7621=CARTESIAN_POINT('',(0.00628012407356969,-0.00079375,0.0110385706330381));
#7622=CARTESIAN_POINT('',(0.,-0.00079375,0.));
#7623=CARTESIAN_POINT('',(0.00523902692272482,-0.00079375,0.0115690361267897));
#7624=CARTESIAN_POINT('',(-7.77650717458569E-19,-0.00889,0.0127));
#7625=CARTESIAN_POINT('',(0.00252618706572166,-0.00514954124681965,0.0127));
#7626=CARTESIAN_POINT('',(0.00486007959103664,-0.0014090824936393,0.0117332700628933));
#7627=CARTESIAN_POINT('',(0.00719397211635163,0.00233137625954105,0.0107665401257867));
#7628=CARTESIAN_POINT('',(0.00898025612106915,0.0060718350127214,0.00898025612106916));
#7629=CARTESIAN_POINT('',(0.00486007959103664,-0.0014090824936393,0.0117332700628933));
#7630=CARTESIAN_POINT('',(0.00898025612106915,-0.00889,0.00898025612106916));
#7631=CARTESIAN_POINT('',(0.00719397211635163,-0.00514954124681965,0.0107665401257867));
#7632=CARTESIAN_POINT('',(0.00486007959103664,-0.0014090824936393,0.0117332700628933));
#7633=CARTESIAN_POINT('',(0.00252618706572166,0.00233137625954105,0.0127));
#7634=CARTESIAN_POINT('',(4.33680868994198E-19,0.0060718350127214,0.0127));
#7635=CARTESIAN_POINT('',(0.,-0.0165862,0.));
#7636=CARTESIAN_POINT('',(0.00392451582856183,-0.00889,0.0120784177569485));
#7637=CARTESIAN_POINT('',(0.00632706249879695,-0.00514954124681965,0.0112977830226703));
#7638=CARTESIAN_POINT('',(0.00824799021379333,-0.0014090824936393,0.0096571557631204));
#7639=CARTESIAN_POINT('',(0.0101689179287897,0.00233137625954105,0.00801652850357052));
#7640=CARTESIAN_POINT('',(0.0113157828571923,0.0060718350127214,0.00576567934669225));
#7641=CARTESIAN_POINT('',(0.00663573177189208,-0.00439681440734089,0.0108285300872973));
#7642=CARTESIAN_POINT('',(0.00898025612106915,-0.00889,0.00898025612106916));
#7643=CARTESIAN_POINT('',(0.00719397211635163,-0.00514954124681965,0.0107665401257867));
#7644=CARTESIAN_POINT('',(0.00486007959103664,-0.0014090824936393,0.0117332700628933));
#7645=CARTESIAN_POINT('',(0.00252618706572166,0.00233137625954105,0.0127));
#7646=CARTESIAN_POINT('',(4.33680868994198E-19,0.0060718350127214,0.0127));
#7647=CARTESIAN_POINT('',(0.,-0.0165862,0.));
#7648=CARTESIAN_POINT('',(0.00576567934669224,-0.00889,0.0113157828571923));
#7649=CARTESIAN_POINT('',(0.00801652850357051,-0.00514954124681965,0.0101689179287897));
#7650=CARTESIAN_POINT('',(0.00965715576312039,-0.0014090824936393,0.00824799021379333));
#7651=CARTESIAN_POINT('',(0.0112977830226703,0.00233137625954105,0.00632706249879695));
#7652=CARTESIAN_POINT('',(0.0120784177569484,0.0060718350127214,0.00392451582856184));
#7653=CARTESIAN_POINT('',(0.00746487270411466,-0.00590226808629877,0.0102745158285616));
#7654=CARTESIAN_POINT('',(0.00898025612106915,-0.00889,0.00898025612106916));
#7655=CARTESIAN_POINT('',(0.00719397211635163,-0.00514954124681965,0.0107665401257867));
#7656=CARTESIAN_POINT('',(0.00486007959103664,-0.0014090824936393,0.0117332700628933));
#7657=CARTESIAN_POINT('',(0.00252618706572166,0.00233137625954105,0.0127));
#7658=CARTESIAN_POINT('',(4.33680868994198E-19,0.0060718350127214,0.0127));
#7659=CARTESIAN_POINT('',(0.,-0.0165862,0.));
#7660=CARTESIAN_POINT('',(0.00746487270411441,-0.00889,0.0102745158285618));
#7661=CARTESIAN_POINT('',(0.00950860097125342,-0.00514954124681965,0.00878966032679865));
#7662=CARTESIAN_POINT('',(0.010828530087297,-0.0014090824936393,0.00663573177189255));
#7663=CARTESIAN_POINT('',(0.0121484592033405,0.00233137625954105,0.00448180321698646));
#7664=CARTESIAN_POINT('',(0.0125436419255582,0.0060718350127214,0.00198671770601093));
#7665=CARTESIAN_POINT('',(0.00824799021379334,-0.00740308095398595,0.00965715576312039));
#7666=CARTESIAN_POINT('',(0.00898025612106915,-0.00889,0.00898025612106916));
#7667=CARTESIAN_POINT('',(0.00719397211635163,-0.00514954124681965,0.0107665401257867));
#7668=CARTESIAN_POINT('',(0.00486007959103664,-0.0014090824936393,0.0117332700628933));
#7669=CARTESIAN_POINT('',(0.00252618706572166,0.00233137625954105,0.0127));
#7670=CARTESIAN_POINT('',(4.33680868994198E-19,0.0060718350127214,0.0127));
#7671=CARTESIAN_POINT('',(0.,-0.0165862,0.));
#7672=CARTESIAN_POINT('',(0.00898025612106915,-0.00889,0.00898025612106916));
#7673=CARTESIAN_POINT('',(0.0107665401257867,-0.00514954124681965,0.00719397211635163));
#7674=CARTESIAN_POINT('',(0.0117332700628933,-0.0014090824936393,0.00486007959103664));
#7675=CARTESIAN_POINT('',(0.0127,0.00233137625954105,0.00252618706572166));
#7676=CARTESIAN_POINT('',(0.0127,0.0060718350127214,2.16840434497101E-18));
#7677=CARTESIAN_POINT('',(0.00898025612106915,-0.00889,0.00898025612106916));
#7678=CARTESIAN_POINT('',(0.00898025612106915,-0.00889,0.00898025612106916));
#7679=CARTESIAN_POINT('',(0.00719397211635163,-0.00514954124681965,0.0107665401257867));
#7680=CARTESIAN_POINT('',(0.00486007959103664,-0.0014090824936393,0.0117332700628933));
#7681=CARTESIAN_POINT('',(0.00252618706572166,0.00233137625954105,0.0127));
#7682=CARTESIAN_POINT('',(4.33680868994198E-19,0.0060718350127214,0.0127));
#7683=CARTESIAN_POINT('',(0.,-0.0165862,0.));
#7684=CARTESIAN_POINT('',(0.,-0.00889,0.));
#7685=CARTESIAN_POINT('',(0.,-0.0165862,0.));
#7686=CARTESIAN_POINT('',(0.,-0.00079375,0.));
#7687=CARTESIAN_POINT('',(0.,-0.0165862,0.));
#7688=CARTESIAN_POINT('',(-7.77650717458569E-19,-0.00889,0.0127));
#7689=CARTESIAN_POINT('',(0.00252618706572166,-0.00514954124681965,0.0127));
#7690=CARTESIAN_POINT('',(0.00486007959103664,-0.0014090824936393,0.0117332700628933));
#7691=CARTESIAN_POINT('',(0.00719397211635163,0.00233137625954105,0.0107665401257867));
#7692=CARTESIAN_POINT('',(0.00898025612106915,0.0060718350127214,0.00898025612106916));
#7693=CARTESIAN_POINT('',(0.00392451582856179,-0.00289600153965341,0.0120784177569485));
#7694=CARTESIAN_POINT('',(0.00898025612106915,-0.00889,0.00898025612106916));
#7695=CARTESIAN_POINT('',(0.00719397211635163,-0.00514954124681965,0.0107665401257867));
#7696=CARTESIAN_POINT('',(0.00486007959103664,-0.0014090824936393,0.0117332700628933));
#7697=CARTESIAN_POINT('',(0.00252618706572166,0.00233137625954105,0.0127));
#7698=CARTESIAN_POINT('',(4.33680868994198E-19,0.0060718350127214,0.0127));
#7699=CARTESIAN_POINT('',(0.00447599243316751,-0.00079375,0.0118850953609227));
#7700=CARTESIAN_POINT('',(0.,-0.00079375,0.));
#7701=CARTESIAN_POINT('',(0.00336472983011389,-0.00079375,0.0122461664683419));
#7702=CARTESIAN_POINT('',(-0.00198671770601093,-0.00889,0.0125436419255582));
#7703=CARTESIAN_POINT('',(0.000508367804964591,-0.00514954124681965,0.012938824647776));
#7704=CARTESIAN_POINT('',(0.00296475612097,-0.0014090824936393,0.0123490979890505));
#7705=CARTESIAN_POINT('',(0.00542114443697541,0.00233137625954105,0.011759371330325));
#7706=CARTESIAN_POINT('',(0.00746487270411441,0.0060718350127214,0.0102745158285618));
#7707=CARTESIAN_POINT('',(0.00296475612097,-0.0014090824936393,0.0123490979890505));
#7708=CARTESIAN_POINT('',(0.00746487270411441,-0.00889,0.0102745158285618));
#7709=CARTESIAN_POINT('',(0.00542114443697541,-0.00514954124681965,0.011759371330325));
#7710=CARTESIAN_POINT('',(0.00296475612097,-0.0014090824936393,0.0123490979890505));
#7711=CARTESIAN_POINT('',(0.000508367804964591,0.00233137625954105,0.012938824647776));
#7712=CARTESIAN_POINT('',(-0.00198671770601093,0.0060718350127214,0.0125436419255582));
#7713=CARTESIAN_POINT('',(0.,-0.0165862,0.));
#7714=CARTESIAN_POINT('',(0.00198671770601093,-0.00889,0.0125436419255582));
#7715=CARTESIAN_POINT('',(0.00448180321698646,-0.00514954124681965,0.0121484592033405));
#7716=CARTESIAN_POINT('',(0.00663573177189255,-0.0014090824936393,0.010828530087297));
#7717=CARTESIAN_POINT('',(0.00878966032679865,0.00233137625954105,0.00950860097125342));
#7718=CARTESIAN_POINT('',(0.0102745158285618,0.00607183501272139,0.00746487270411441));
#7719=CARTESIAN_POINT('',(0.00486007959103613,-0.0043968144073409,0.0117332700628936));
#7720=CARTESIAN_POINT('',(0.00746487270411441,-0.00889,0.0102745158285618));
#7721=CARTESIAN_POINT('',(0.00542114443697541,-0.00514954124681965,0.011759371330325));
#7722=CARTESIAN_POINT('',(0.00296475612097,-0.0014090824936393,0.0123490979890505));
#7723=CARTESIAN_POINT('',(0.000508367804964591,0.00233137625954105,0.012938824647776));
#7724=CARTESIAN_POINT('',(-0.00198671770601093,0.0060718350127214,0.0125436419255582));
#7725=CARTESIAN_POINT('',(0.,-0.0165862,0.));
#7726=CARTESIAN_POINT('',(0.00392451582856183,-0.00889,0.0120784177569485));
#7727=CARTESIAN_POINT('',(0.00632706249879695,-0.00514954124681965,0.0112977830226703));
#7728=CARTESIAN_POINT('',(0.00824799021379333,-0.0014090824936393,0.0096571557631204));
#7729=CARTESIAN_POINT('',(0.0101689179287897,0.00233137625954105,0.00801652850357052));
#7730=CARTESIAN_POINT('',(0.0113157828571923,0.0060718350127214,0.00576567934669225));
#7731=CARTESIAN_POINT('',(0.00576567934669252,-0.00590226808629877,0.0113157828571921));
#7732=CARTESIAN_POINT('',(0.00746487270411441,-0.00889,0.0102745158285618));
#7733=CARTESIAN_POINT('',(0.00542114443697541,-0.00514954124681965,0.011759371330325));
#7734=CARTESIAN_POINT('',(0.00296475612097,-0.0014090824936393,0.0123490979890505));
#7735=CARTESIAN_POINT('',(0.000508367804964591,0.00233137625954105,0.012938824647776));
#7736=CARTESIAN_POINT('',(-0.00198671770601093,0.0060718350127214,0.0125436419255582));
#7737=CARTESIAN_POINT('',(0.,-0.0165862,0.));
#7738=CARTESIAN_POINT('',(0.00576567934669224,-0.00889,0.0113157828571923));
#7739=CARTESIAN_POINT('',(0.00801652850357051,-0.00514954124681965,0.0101689179287897));
#7740=CARTESIAN_POINT('',(0.00965715576312039,-0.0014090824936393,0.00824799021379333));
#7741=CARTESIAN_POINT('',(0.0112977830226703,0.00233137625954105,0.00632706249879695));
#7742=CARTESIAN_POINT('',(0.0120784177569484,0.0060718350127214,0.00392451582856184));
#7743=CARTESIAN_POINT('',(0.00663573177189255,-0.00740308095398595,0.010828530087297));
#7744=CARTESIAN_POINT('',(0.00746487270411441,-0.00889,0.0102745158285618));
#7745=CARTESIAN_POINT('',(0.00542114443697541,-0.00514954124681965,0.011759371330325));
#7746=CARTESIAN_POINT('',(0.00296475612097,-0.0014090824936393,0.0123490979890505));
#7747=CARTESIAN_POINT('',(0.000508367804964591,0.00233137625954105,0.012938824647776));
#7748=CARTESIAN_POINT('',(-0.00198671770601093,0.0060718350127214,0.0125436419255582));
#7749=CARTESIAN_POINT('',(0.,-0.0165862,0.));
#7750=CARTESIAN_POINT('',(0.00746487270411441,-0.00889,0.0102745158285618));
#7751=CARTESIAN_POINT('',(0.00950860097125342,-0.00514954124681965,0.00878966032679865));
#7752=CARTESIAN_POINT('',(0.010828530087297,-0.0014090824936393,0.00663573177189255));
#7753=CARTESIAN_POINT('',(0.0121484592033405,0.00233137625954105,0.00448180321698646));
#7754=CARTESIAN_POINT('',(0.0125436419255582,0.0060718350127214,0.00198671770601093));
#7755=CARTESIAN_POINT('',(0.00746487270411441,-0.00889,0.0102745158285618));
#7756=CARTESIAN_POINT('',(0.00746487270411441,-0.00889,0.0102745158285618));
#7757=CARTESIAN_POINT('',(0.00542114443697541,-0.00514954124681965,0.011759371330325));
#7758=CARTESIAN_POINT('',(0.00296475612097,-0.0014090824936393,0.0123490979890505));
#7759=CARTESIAN_POINT('',(0.000508367804964591,0.00233137625954105,0.012938824647776));
#7760=CARTESIAN_POINT('',(-0.00198671770601093,0.0060718350127214,0.0125436419255582));
#7761=CARTESIAN_POINT('',(0.,-0.0165862,0.));
#7762=CARTESIAN_POINT('',(0.,-0.00889,0.));
#7763=CARTESIAN_POINT('',(0.,-0.0165862,0.));
#7764=CARTESIAN_POINT('',(0.,-0.00079375,0.));
#7765=CARTESIAN_POINT('',(0.,-0.0165862,0.));
#7766=CARTESIAN_POINT('',(-0.00198671770601093,-0.00889,0.0125436419255582));
#7767=CARTESIAN_POINT('',(0.000508367804964591,-0.00514954124681965,0.012938824647776));
#7768=CARTESIAN_POINT('',(0.00296475612097,-0.0014090824936393,0.0123490979890505));
#7769=CARTESIAN_POINT('',(0.00542114443697541,0.00233137625954105,0.011759371330325));
#7770=CARTESIAN_POINT('',(0.00746487270411441,0.0060718350127214,0.0102745158285618));
#7771=CARTESIAN_POINT('',(0.00198671770601088,-0.00289600153965341,0.0125436419255583));
#7772=CARTESIAN_POINT('',(0.00746487270411441,-0.00889,0.0102745158285618));
#7773=CARTESIAN_POINT('',(0.00542114443697541,-0.00514954124681965,0.011759371330325));
#7774=CARTESIAN_POINT('',(0.00296475612097,-0.0014090824936393,0.0123490979890505));
#7775=CARTESIAN_POINT('',(0.000508367804964591,0.00233137625954105,0.012938824647776));
#7776=CARTESIAN_POINT('',(-0.00198671770601093,0.0060718350127214,0.0125436419255582));
#7777=CARTESIAN_POINT('',(0.00256164700409353,-0.00079375,0.0124389695966514));
#7778=CARTESIAN_POINT('',(0.,-0.00079375,0.));
#7779=CARTESIAN_POINT('',(0.00140758192218746,-0.00079375,0.0126217555487472));
#7780=CARTESIAN_POINT('',(-0.00392451582856184,-0.00889,0.0120784177569484));
#7781=CARTESIAN_POINT('',(-0.00152196915832672,-0.00514954124681965,0.0128590524912266));
#7782=CARTESIAN_POINT('',(0.000996430515743631,-0.0014090824936393,0.0126608501384107));
#7783=CARTESIAN_POINT('',(0.00351483018981398,0.00233137625954105,0.0124626477855948));
#7784=CARTESIAN_POINT('',(0.00576567934669224,0.0060718350127214,0.0113157828571923));
#7785=CARTESIAN_POINT('',(0.000996430515743631,-0.0014090824936393,0.0126608501384107));
#7786=CARTESIAN_POINT('',(0.00576567934669224,-0.00889,0.0113157828571923));
#7787=CARTESIAN_POINT('',(0.00351483018981398,-0.00514954124681965,0.0124626477855948));
#7788=CARTESIAN_POINT('',(0.000996430515743629,-0.0014090824936393,0.0126608501384107));
#7789=CARTESIAN_POINT('',(-0.00152196915832672,0.00233137625954105,0.0128590524912266));
#7790=CARTESIAN_POINT('',(-0.00392451582856184,0.0060718350127214,0.0120784177569484));
#7791=CARTESIAN_POINT('',(0.,-0.0165862,0.));
#7792=CARTESIAN_POINT('',(-7.77650717458569E-19,-0.00889,0.0127));
#7793=CARTESIAN_POINT('',(0.00252618706572166,-0.00514954124681965,0.0127));
#7794=CARTESIAN_POINT('',(0.00486007959103664,-0.0014090824936393,0.0117332700628933));
#7795=CARTESIAN_POINT('',(0.00719397211635163,0.00233137625954105,0.0107665401257867));
#7796=CARTESIAN_POINT('',(0.00898025612106915,0.0060718350127214,0.00898025612106916));
#7797=CARTESIAN_POINT('',(0.00296475612096946,-0.0043968144073409,0.0123490979890506));
#7798=CARTESIAN_POINT('',(0.00576567934669224,-0.00889,0.0113157828571923));
#7799=CARTESIAN_POINT('',(0.00351483018981398,-0.00514954124681965,0.0124626477855948));
#7800=CARTESIAN_POINT('',(0.000996430515743629,-0.0014090824936393,0.0126608501384107));
#7801=CARTESIAN_POINT('',(-0.00152196915832672,0.00233137625954105,0.0128590524912266));
#7802=CARTESIAN_POINT('',(-0.00392451582856184,0.0060718350127214,0.0120784177569484));
#7803=CARTESIAN_POINT('',(0.,-0.0165862,0.));
#7804=CARTESIAN_POINT('',(0.00198671770601093,-0.00889,0.0125436419255582));
#7805=CARTESIAN_POINT('',(0.00448180321698646,-0.00514954124681965,0.0121484592033405));
#7806=CARTESIAN_POINT('',(0.00663573177189255,-0.0014090824936393,0.010828530087297));
#7807=CARTESIAN_POINT('',(0.00878966032679865,0.00233137625954105,0.00950860097125342));
#7808=CARTESIAN_POINT('',(0.0102745158285618,0.00607183501272139,0.00746487270411441));
#7809=CARTESIAN_POINT('',(0.00392451582856213,-0.00590226808629877,0.0120784177569484));
#7810=CARTESIAN_POINT('',(0.00576567934669224,-0.00889,0.0113157828571923));
#7811=CARTESIAN_POINT('',(0.00351483018981398,-0.00514954124681965,0.0124626477855948));
#7812=CARTESIAN_POINT('',(0.000996430515743629,-0.0014090824936393,0.0126608501384107));
#7813=CARTESIAN_POINT('',(-0.00152196915832672,0.00233137625954105,0.0128590524912266));
#7814=CARTESIAN_POINT('',(-0.00392451582856184,0.0060718350127214,0.0120784177569484));
#7815=CARTESIAN_POINT('',(0.,-0.0165862,0.));
#7816=CARTESIAN_POINT('',(0.00392451582856183,-0.00889,0.0120784177569485));
#7817=CARTESIAN_POINT('',(0.00632706249879695,-0.00514954124681965,0.0112977830226703));
#7818=CARTESIAN_POINT('',(0.00824799021379333,-0.0014090824936393,0.0096571557631204));
#7819=CARTESIAN_POINT('',(0.0101689179287897,0.00233137625954105,0.00801652850357052));
#7820=CARTESIAN_POINT('',(0.0113157828571923,0.0060718350127214,0.00576567934669225));
#7821=CARTESIAN_POINT('',(0.00486007959103664,-0.00740308095398595,0.0117332700628933));
#7822=CARTESIAN_POINT('',(0.00576567934669224,-0.00889,0.0113157828571923));
#7823=CARTESIAN_POINT('',(0.00351483018981398,-0.00514954124681965,0.0124626477855948));
#7824=CARTESIAN_POINT('',(0.000996430515743629,-0.0014090824936393,0.0126608501384107));
#7825=CARTESIAN_POINT('',(-0.00152196915832672,0.00233137625954105,0.0128590524912266));
#7826=CARTESIAN_POINT('',(-0.00392451582856184,0.0060718350127214,0.0120784177569484));
#7827=CARTESIAN_POINT('',(0.,-0.0165862,0.));
#7828=CARTESIAN_POINT('',(0.00576567934669224,-0.00889,0.0113157828571923));
#7829=CARTESIAN_POINT('',(0.00801652850357051,-0.00514954124681965,0.0101689179287897));
#7830=CARTESIAN_POINT('',(0.00965715576312039,-0.0014090824936393,0.00824799021379333));
#7831=CARTESIAN_POINT('',(0.0112977830226703,0.00233137625954105,0.00632706249879695));
#7832=CARTESIAN_POINT('',(0.0120784177569484,0.0060718350127214,0.00392451582856184));
#7833=CARTESIAN_POINT('',(0.00576567934669224,-0.00889,0.0113157828571923));
#7834=CARTESIAN_POINT('',(0.00576567934669224,-0.00889,0.0113157828571923));
#7835=CARTESIAN_POINT('',(0.00351483018981398,-0.00514954124681965,0.0124626477855948));
#7836=CARTESIAN_POINT('',(0.000996430515743629,-0.0014090824936393,0.0126608501384107));
#7837=CARTESIAN_POINT('',(-0.00152196915832672,0.00233137625954105,0.0128590524912266));
#7838=CARTESIAN_POINT('',(-0.00392451582856184,0.0060718350127214,0.0120784177569484));
#7839=CARTESIAN_POINT('',(0.,-0.0165862,0.));
#7840=CARTESIAN_POINT('',(0.,-0.00889,0.));
#7841=CARTESIAN_POINT('',(0.,-0.0165862,0.));
#7842=CARTESIAN_POINT('',(0.,-0.00079375,0.));
#7843=CARTESIAN_POINT('',(0.,-0.0165862,0.));
#7844=CARTESIAN_POINT('',(-0.00392451582856184,-0.00889,0.0120784177569484));
#7845=CARTESIAN_POINT('',(-0.00152196915832672,-0.00514954124681965,0.0128590524912266));
#7846=CARTESIAN_POINT('',(0.000996430515743631,-0.0014090824936393,0.0126608501384107));
#7847=CARTESIAN_POINT('',(0.00351483018981398,0.00233137625954105,0.0124626477855948));
#7848=CARTESIAN_POINT('',(0.00576567934669224,0.0060718350127214,0.0113157828571923));
#7849=CARTESIAN_POINT('',(-4.57097779957626E-17,-0.00289600153965341,0.0127));
#7850=CARTESIAN_POINT('',(0.00576567934669224,-0.00889,0.0113157828571923));
#7851=CARTESIAN_POINT('',(0.00351483018981398,-0.00514954124681965,0.0124626477855948));
#7852=CARTESIAN_POINT('',(0.000996430515743629,-0.0014090824936393,0.0126608501384107));
#7853=CARTESIAN_POINT('',(-0.00152196915832672,0.00233137625954105,0.0128590524912266));
#7854=CARTESIAN_POINT('',(-0.00392451582856184,0.0060718350127214,0.0120784177569484));
#7855=CARTESIAN_POINT('',(0.000584225324159787,-0.00079375,0.0126865551183373));
#7856=CARTESIAN_POINT('',(0.,-0.00079375,0.));
#7857=CARTESIAN_POINT('',(-0.000584225324159789,-0.00079375,0.0126865551183373));
#7858=CARTESIAN_POINT('',(-0.00576567934669225,-0.00889,0.0113157828571923));
#7859=CARTESIAN_POINT('',(-0.00351483018981398,-0.00514954124681965,0.0124626477855948));
#7860=CARTESIAN_POINT('',(-0.000996430515743631,-0.0014090824936393,0.0126608501384107));
#7861=CARTESIAN_POINT('',(0.00152196915832672,0.00233137625954105,0.0128590524912266));
#7862=CARTESIAN_POINT('',(0.00392451582856183,0.0060718350127214,0.0120784177569484));
#7863=CARTESIAN_POINT('',(-0.000996430515743631,-0.0014090824936393,0.0126608501384107));
#7864=CARTESIAN_POINT('',(0.00392451582856183,-0.00889,0.0120784177569485));
#7865=CARTESIAN_POINT('',(0.00152196915832672,-0.00514954124681965,0.0128590524912266));
#7866=CARTESIAN_POINT('',(-0.000996430515743633,-0.0014090824936393,0.0126608501384107));
#7867=CARTESIAN_POINT('',(-0.00351483018981398,0.00233137625954105,0.0124626477855948));
#7868=CARTESIAN_POINT('',(-0.00576567934669225,0.0060718350127214,0.0113157828571923));
#7869=CARTESIAN_POINT('',(0.,-0.0165862,0.));
#7870=CARTESIAN_POINT('',(-0.00198671770601093,-0.00889,0.0125436419255582));
#7871=CARTESIAN_POINT('',(0.000508367804964591,-0.00514954124681965,0.012938824647776));
#7872=CARTESIAN_POINT('',(0.00296475612097,-0.0014090824936393,0.0123490979890505));
#7873=CARTESIAN_POINT('',(0.00542114443697541,0.00233137625954105,0.011759371330325));
#7874=CARTESIAN_POINT('',(0.00746487270411441,0.0060718350127214,0.0102745158285618));
#7875=CARTESIAN_POINT('',(0.000996430515743079,-0.0043968144073409,0.0126608501384108));
#7876=CARTESIAN_POINT('',(0.00392451582856183,-0.00889,0.0120784177569485));
#7877=CARTESIAN_POINT('',(0.00152196915832672,-0.00514954124681965,0.0128590524912266));
#7878=CARTESIAN_POINT('',(-0.000996430515743633,-0.0014090824936393,0.0126608501384107));
#7879=CARTESIAN_POINT('',(-0.00351483018981398,0.00233137625954105,0.0124626477855948));
#7880=CARTESIAN_POINT('',(-0.00576567934669225,0.0060718350127214,0.0113157828571923));
#7881=CARTESIAN_POINT('',(0.,-0.0165862,0.));
#7882=CARTESIAN_POINT('',(-7.77650717458569E-19,-0.00889,0.0127));
#7883=CARTESIAN_POINT('',(0.00252618706572166,-0.00514954124681965,0.0127));
#7884=CARTESIAN_POINT('',(0.00486007959103664,-0.0014090824936393,0.0117332700628933));
#7885=CARTESIAN_POINT('',(0.00719397211635163,0.00233137625954105,0.0107665401257867));
#7886=CARTESIAN_POINT('',(0.00898025612106915,0.0060718350127214,0.00898025612106916));
#7887=CARTESIAN_POINT('',(0.00198671770601124,-0.00590226808629877,0.0125436419255582));
#7888=CARTESIAN_POINT('',(0.00392451582856183,-0.00889,0.0120784177569485));
#7889=CARTESIAN_POINT('',(0.00152196915832672,-0.00514954124681965,0.0128590524912266));
#7890=CARTESIAN_POINT('',(-0.000996430515743633,-0.0014090824936393,0.0126608501384107));
#7891=CARTESIAN_POINT('',(-0.00351483018981398,0.00233137625954105,0.0124626477855948));
#7892=CARTESIAN_POINT('',(-0.00576567934669225,0.0060718350127214,0.0113157828571923));
#7893=CARTESIAN_POINT('',(0.,-0.0165862,0.));
#7894=CARTESIAN_POINT('',(0.00198671770601093,-0.00889,0.0125436419255582));
#7895=CARTESIAN_POINT('',(0.00448180321698646,-0.00514954124681965,0.0121484592033405));
#7896=CARTESIAN_POINT('',(0.00663573177189255,-0.0014090824936393,0.010828530087297));
#7897=CARTESIAN_POINT('',(0.00878966032679865,0.00233137625954105,0.00950860097125342));
#7898=CARTESIAN_POINT('',(0.0102745158285618,0.00607183501272139,0.00746487270411441));
#7899=CARTESIAN_POINT('',(0.00296475612097001,-0.00740308095398595,0.0123490979890505));
#7900=CARTESIAN_POINT('',(0.00392451582856183,-0.00889,0.0120784177569485));
#7901=CARTESIAN_POINT('',(0.00152196915832672,-0.00514954124681965,0.0128590524912266));
#7902=CARTESIAN_POINT('',(-0.000996430515743633,-0.0014090824936393,0.0126608501384107));
#7903=CARTESIAN_POINT('',(-0.00351483018981398,0.00233137625954105,0.0124626477855948));
#7904=CARTESIAN_POINT('',(-0.00576567934669225,0.0060718350127214,0.0113157828571923));
#7905=CARTESIAN_POINT('',(0.,-0.0165862,0.));
#7906=CARTESIAN_POINT('',(0.00392451582856183,-0.00889,0.0120784177569485));
#7907=CARTESIAN_POINT('',(0.00632706249879695,-0.00514954124681965,0.0112977830226703));
#7908=CARTESIAN_POINT('',(0.00824799021379333,-0.0014090824936393,0.0096571557631204));
#7909=CARTESIAN_POINT('',(0.0101689179287897,0.00233137625954105,0.00801652850357052));
#7910=CARTESIAN_POINT('',(0.0113157828571923,0.0060718350127214,0.00576567934669225));
#7911=CARTESIAN_POINT('',(0.00392451582856183,-0.00889,0.0120784177569485));
#7912=CARTESIAN_POINT('',(0.00392451582856183,-0.00889,0.0120784177569485));
#7913=CARTESIAN_POINT('',(0.00152196915832672,-0.00514954124681965,0.0128590524912266));
#7914=CARTESIAN_POINT('',(-0.000996430515743633,-0.0014090824936393,0.0126608501384107));
#7915=CARTESIAN_POINT('',(-0.00351483018981398,0.00233137625954105,0.0124626477855948));
#7916=CARTESIAN_POINT('',(-0.00576567934669225,0.0060718350127214,0.0113157828571923));
#7917=CARTESIAN_POINT('',(0.,-0.0165862,0.));
#7918=CARTESIAN_POINT('',(0.,-0.00889,0.));
#7919=CARTESIAN_POINT('',(0.,-0.0165862,0.));
#7920=CARTESIAN_POINT('',(0.,-0.00079375,0.));
#7921=CARTESIAN_POINT('',(0.,-0.0165862,0.));
#7922=CARTESIAN_POINT('',(-0.00576567934669225,-0.00889,0.0113157828571923));
#7923=CARTESIAN_POINT('',(-0.00351483018981398,-0.00514954124681965,0.0124626477855948));
#7924=CARTESIAN_POINT('',(-0.000996430515743631,-0.0014090824936393,0.0126608501384107));
#7925=CARTESIAN_POINT('',(0.00152196915832672,0.00233137625954105,0.0128590524912266));
#7926=CARTESIAN_POINT('',(0.00392451582856183,0.0060718350127214,0.0120784177569484));
#7927=CARTESIAN_POINT('',(-0.00198671770601098,-0.00289600153965341,0.0125436419255582));
#7928=CARTESIAN_POINT('',(0.00392451582856183,-0.00889,0.0120784177569485));
#7929=CARTESIAN_POINT('',(0.00152196915832672,-0.00514954124681965,0.0128590524912266));
#7930=CARTESIAN_POINT('',(-0.000996430515743633,-0.0014090824936393,0.0126608501384107));
#7931=CARTESIAN_POINT('',(-0.00351483018981398,0.00233137625954105,0.0124626477855948));
#7932=CARTESIAN_POINT('',(-0.00576567934669225,0.0060718350127214,0.0113157828571923));
#7933=CARTESIAN_POINT('',(-0.00140758192218746,-0.00079375,0.0126217555487472));
#7934=CARTESIAN_POINT('',(0.,-0.00079375,0.));
#7935=CARTESIAN_POINT('',(-0.00256164700409353,-0.00079375,0.0124389695966514));
#7936=CARTESIAN_POINT('',(-0.00746487270411441,-0.00889,0.0102745158285618));
#7937=CARTESIAN_POINT('',(-0.00542114443697541,-0.00514954124681965,0.011759371330325));
#7938=CARTESIAN_POINT('',(-0.00296475612097,-0.0014090824936393,0.0123490979890505));
#7939=CARTESIAN_POINT('',(-0.000508367804964591,0.00233137625954105,0.012938824647776));
#7940=CARTESIAN_POINT('',(0.00198671770601093,0.0060718350127214,0.0125436419255582));
#7941=CARTESIAN_POINT('',(-0.00296475612097,-0.0014090824936393,0.0123490979890505));
#7942=CARTESIAN_POINT('',(0.00198671770601093,-0.00889,0.0125436419255582));
#7943=CARTESIAN_POINT('',(-0.000508367804964592,-0.00514954124681965,0.012938824647776));
#7944=CARTESIAN_POINT('',(-0.00296475612097,-0.0014090824936393,0.0123490979890505));
#7945=CARTESIAN_POINT('',(-0.00542114443697541,0.00233137625954105,0.011759371330325));
#7946=CARTESIAN_POINT('',(-0.00746487270411441,0.00607183501272139,0.0102745158285618));
#7947=CARTESIAN_POINT('',(0.,-0.0165862,0.));
#7948=CARTESIAN_POINT('',(-0.00392451582856184,-0.00889,0.0120784177569484));
#7949=CARTESIAN_POINT('',(-0.00152196915832672,-0.00514954124681965,0.0128590524912266));
#7950=CARTESIAN_POINT('',(0.000996430515743631,-0.0014090824936393,0.0126608501384107));
#7951=CARTESIAN_POINT('',(0.00351483018981398,0.00233137625954105,0.0124626477855948));
#7952=CARTESIAN_POINT('',(0.00576567934669224,0.0060718350127214,0.0113157828571923));
#7953=CARTESIAN_POINT('',(-0.000996430515744182,-0.0043968144073409,0.0126608501384107));
#7954=CARTESIAN_POINT('',(0.00198671770601093,-0.00889,0.0125436419255582));
#7955=CARTESIAN_POINT('',(-0.000508367804964592,-0.00514954124681965,0.012938824647776));
#7956=CARTESIAN_POINT('',(-0.00296475612097,-0.0014090824936393,0.0123490979890505));
#7957=CARTESIAN_POINT('',(-0.00542114443697541,0.00233137625954105,0.011759371330325));
#7958=CARTESIAN_POINT('',(-0.00746487270411441,0.00607183501272139,0.0102745158285618));
#7959=CARTESIAN_POINT('',(0.,-0.0165862,0.));
#7960=CARTESIAN_POINT('',(-0.00198671770601093,-0.00889,0.0125436419255582));
#7961=CARTESIAN_POINT('',(0.000508367804964591,-0.00514954124681965,0.012938824647776));
#7962=CARTESIAN_POINT('',(0.00296475612097,-0.0014090824936393,0.0123490979890505));
#7963=CARTESIAN_POINT('',(0.00542114443697541,0.00233137625954105,0.011759371330325));
#7964=CARTESIAN_POINT('',(0.00746487270411441,0.0060718350127214,0.0102745158285618));
#7965=CARTESIAN_POINT('',(3.09905064010675E-16,-0.00590226808629877,0.0127));
#7966=CARTESIAN_POINT('',(0.00198671770601093,-0.00889,0.0125436419255582));
#7967=CARTESIAN_POINT('',(-0.000508367804964592,-0.00514954124681965,0.012938824647776));
#7968=CARTESIAN_POINT('',(-0.00296475612097,-0.0014090824936393,0.0123490979890505));
#7969=CARTESIAN_POINT('',(-0.00542114443697541,0.00233137625954105,0.011759371330325));
#7970=CARTESIAN_POINT('',(-0.00746487270411441,0.00607183501272139,0.0102745158285618));
#7971=CARTESIAN_POINT('',(0.,-0.0165862,0.));
#7972=CARTESIAN_POINT('',(-7.77650717458569E-19,-0.00889,0.0127));
#7973=CARTESIAN_POINT('',(0.00252618706572166,-0.00514954124681965,0.0127));
#7974=CARTESIAN_POINT('',(0.00486007959103664,-0.0014090824936393,0.0117332700628933));
#7975=CARTESIAN_POINT('',(0.00719397211635163,0.00233137625954105,0.0107665401257867));
#7976=CARTESIAN_POINT('',(0.00898025612106915,0.0060718350127214,0.00898025612106916));
#7977=CARTESIAN_POINT('',(0.000996430515743634,-0.00740308095398595,0.0126608501384107));
#7978=CARTESIAN_POINT('',(0.00198671770601093,-0.00889,0.0125436419255582));
#7979=CARTESIAN_POINT('',(-0.000508367804964592,-0.00514954124681965,0.012938824647776));
#7980=CARTESIAN_POINT('',(-0.00296475612097,-0.0014090824936393,0.0123490979890505));
#7981=CARTESIAN_POINT('',(-0.00542114443697541,0.00233137625954105,0.011759371330325));
#7982=CARTESIAN_POINT('',(-0.00746487270411441,0.00607183501272139,0.0102745158285618));
#7983=CARTESIAN_POINT('',(0.,-0.0165862,0.));
#7984=CARTESIAN_POINT('',(0.00198671770601093,-0.00889,0.0125436419255582));
#7985=CARTESIAN_POINT('',(0.00448180321698646,-0.00514954124681965,0.0121484592033405));
#7986=CARTESIAN_POINT('',(0.00663573177189255,-0.0014090824936393,0.010828530087297));
#7987=CARTESIAN_POINT('',(0.00878966032679865,0.00233137625954105,0.00950860097125342));
#7988=CARTESIAN_POINT('',(0.0102745158285618,0.00607183501272139,0.00746487270411441));
#7989=CARTESIAN_POINT('',(0.00198671770601093,-0.00889,0.0125436419255582));
#7990=CARTESIAN_POINT('',(0.00198671770601093,-0.00889,0.0125436419255582));
#7991=CARTESIAN_POINT('',(-0.000508367804964592,-0.00514954124681965,0.012938824647776));
#7992=CARTESIAN_POINT('',(-0.00296475612097,-0.0014090824936393,0.0123490979890505));
#7993=CARTESIAN_POINT('',(-0.00542114443697541,0.00233137625954105,0.011759371330325));
#7994=CARTESIAN_POINT('',(-0.00746487270411441,0.00607183501272139,0.0102745158285618));
#7995=CARTESIAN_POINT('',(0.,-0.0165862,0.));
#7996=CARTESIAN_POINT('',(0.,-0.00889,0.));
#7997=CARTESIAN_POINT('',(0.,-0.0165862,0.));
#7998=CARTESIAN_POINT('',(0.,-0.00079375,0.));
#7999=CARTESIAN_POINT('',(0.,-0.0165862,0.));
#8000=CARTESIAN_POINT('',(-0.00746487270411441,-0.00889,0.0102745158285618));
#8001=CARTESIAN_POINT('',(-0.00542114443697541,-0.00514954124681965,0.011759371330325));
#8002=CARTESIAN_POINT('',(-0.00296475612097,-0.0014090824936393,0.0123490979890505));
#8003=CARTESIAN_POINT('',(-0.000508367804964591,0.00233137625954105,0.012938824647776));
#8004=CARTESIAN_POINT('',(0.00198671770601093,0.0060718350127214,0.0125436419255582));
#8005=CARTESIAN_POINT('',(-0.00392451582856188,-0.00289600153965341,0.0120784177569484));
#8006=CARTESIAN_POINT('',(0.00198671770601093,-0.00889,0.0125436419255582));
#8007=CARTESIAN_POINT('',(-0.000508367804964592,-0.00514954124681965,0.012938824647776));
#8008=CARTESIAN_POINT('',(-0.00296475612097,-0.0014090824936393,0.0123490979890505));
#8009=CARTESIAN_POINT('',(-0.00542114443697541,0.00233137625954105,0.011759371330325));
#8010=CARTESIAN_POINT('',(-0.00746487270411441,0.00607183501272139,0.0102745158285618));
#8011=CARTESIAN_POINT('',(-0.00336472983011389,-0.00079375,0.0122461664683419));
#8012=CARTESIAN_POINT('',(0.,-0.00079375,0.));
#8013=CARTESIAN_POINT('',(-0.00447599243316751,-0.00079375,0.0118850953609227));
#8014=CARTESIAN_POINT('',(-0.00898025612106916,-0.00889,0.00898025612106915));
#8015=CARTESIAN_POINT('',(-0.00719397211635163,-0.00514954124681965,0.0107665401257867));
#8016=CARTESIAN_POINT('',(-0.00486007959103664,-0.0014090824936393,0.0117332700628933));
#8017=CARTESIAN_POINT('',(-0.00252618706572166,0.00233137625954105,0.0127));
#8018=CARTESIAN_POINT('',(-2.16840434497101E-18,0.0060718350127214,0.0127));
#8019=CARTESIAN_POINT('',(-0.00486007959103664,-0.0014090824936393,0.0117332700628933));
#8020=CARTESIAN_POINT('',(-7.77650717458569E-19,-0.00889,0.0127));
#8021=CARTESIAN_POINT('',(-0.00252618706572166,-0.00514954124681965,0.0127));
#8022=CARTESIAN_POINT('',(-0.00486007959103664,-0.0014090824936393,0.0117332700628933));
#8023=CARTESIAN_POINT('',(-0.00719397211635163,0.00233137625954105,0.0107665401257867));
#8024=CARTESIAN_POINT('',(-0.00898025612106915,0.0060718350127214,0.00898025612106916));
#8025=CARTESIAN_POINT('',(0.,-0.0165862,0.));
#8026=CARTESIAN_POINT('',(-0.00576567934669225,-0.00889,0.0113157828571923));
#8027=CARTESIAN_POINT('',(-0.00351483018981398,-0.00514954124681965,0.0124626477855948));
#8028=CARTESIAN_POINT('',(-0.000996430515743631,-0.0014090824936393,0.0126608501384107));
#8029=CARTESIAN_POINT('',(0.00152196915832672,0.00233137625954105,0.0128590524912266));
#8030=CARTESIAN_POINT('',(0.00392451582856183,0.0060718350127214,0.0120784177569484));
#8031=CARTESIAN_POINT('',(-0.00296475612097054,-0.0043968144073409,0.0123490979890504));
#8032=CARTESIAN_POINT('',(-7.77650717458569E-19,-0.00889,0.0127));
#8033=CARTESIAN_POINT('',(-0.00252618706572166,-0.00514954124681965,0.0127));
#8034=CARTESIAN_POINT('',(-0.00486007959103664,-0.0014090824936393,0.0117332700628933));
#8035=CARTESIAN_POINT('',(-0.00719397211635163,0.00233137625954105,0.0107665401257867));
#8036=CARTESIAN_POINT('',(-0.00898025612106915,0.0060718350127214,0.00898025612106916));
#8037=CARTESIAN_POINT('',(0.,-0.0165862,0.));
#8038=CARTESIAN_POINT('',(-0.00392451582856184,-0.00889,0.0120784177569484));
#8039=CARTESIAN_POINT('',(-0.00152196915832672,-0.00514954124681965,0.0128590524912266));
#8040=CARTESIAN_POINT('',(0.000996430515743631,-0.0014090824936393,0.0126608501384107));
#8041=CARTESIAN_POINT('',(0.00351483018981398,0.00233137625954105,0.0124626477855948));
#8042=CARTESIAN_POINT('',(0.00576567934669224,0.0060718350127214,0.0113157828571923));
#8043=CARTESIAN_POINT('',(-0.00198671770601063,-0.00590226808629877,0.0125436419255583));
#8044=CARTESIAN_POINT('',(-7.77650717458569E-19,-0.00889,0.0127));
#8045=CARTESIAN_POINT('',(-0.00252618706572166,-0.00514954124681965,0.0127));
#8046=CARTESIAN_POINT('',(-0.00486007959103664,-0.0014090824936393,0.0117332700628933));
#8047=CARTESIAN_POINT('',(-0.00719397211635163,0.00233137625954105,0.0107665401257867));
#8048=CARTESIAN_POINT('',(-0.00898025612106915,0.0060718350127214,0.00898025612106916));
#8049=CARTESIAN_POINT('',(0.,-0.0165862,0.));
#8050=CARTESIAN_POINT('',(-0.00198671770601093,-0.00889,0.0125436419255582));
#8051=CARTESIAN_POINT('',(0.000508367804964591,-0.00514954124681965,0.012938824647776));
#8052=CARTESIAN_POINT('',(0.00296475612097,-0.0014090824936393,0.0123490979890505));
#8053=CARTESIAN_POINT('',(0.00542114443697541,0.00233137625954105,0.011759371330325));
#8054=CARTESIAN_POINT('',(0.00746487270411441,0.0060718350127214,0.0102745158285618));
#8055=CARTESIAN_POINT('',(-0.000996430515743628,-0.00740308095398595,0.0126608501384107));
#8056=CARTESIAN_POINT('',(-7.77650717458569E-19,-0.00889,0.0127));
#8057=CARTESIAN_POINT('',(-0.00252618706572166,-0.00514954124681965,0.0127));
#8058=CARTESIAN_POINT('',(-0.00486007959103664,-0.0014090824936393,0.0117332700628933));
#8059=CARTESIAN_POINT('',(-0.00719397211635163,0.00233137625954105,0.0107665401257867));
#8060=CARTESIAN_POINT('',(-0.00898025612106915,0.0060718350127214,0.00898025612106916));
#8061=CARTESIAN_POINT('',(0.,-0.0165862,0.));
#8062=CARTESIAN_POINT('',(-7.77650717458569E-19,-0.00889,0.0127));
#8063=CARTESIAN_POINT('',(0.00252618706572166,-0.00514954124681965,0.0127));
#8064=CARTESIAN_POINT('',(0.00486007959103664,-0.0014090824936393,0.0117332700628933));
#8065=CARTESIAN_POINT('',(0.00719397211635163,0.00233137625954105,0.0107665401257867));
#8066=CARTESIAN_POINT('',(0.00898025612106915,0.0060718350127214,0.00898025612106916));
#8067=CARTESIAN_POINT('',(-7.77650717458569E-19,-0.00889,0.0127));
#8068=CARTESIAN_POINT('',(-7.77650717458569E-19,-0.00889,0.0127));
#8069=CARTESIAN_POINT('',(-0.00252618706572166,-0.00514954124681965,0.0127));
#8070=CARTESIAN_POINT('',(-0.00486007959103664,-0.0014090824936393,0.0117332700628933));
#8071=CARTESIAN_POINT('',(-0.00719397211635163,0.00233137625954105,0.0107665401257867));
#8072=CARTESIAN_POINT('',(-0.00898025612106915,0.0060718350127214,0.00898025612106916));
#8073=CARTESIAN_POINT('',(0.,-0.0165862,0.));
#8074=CARTESIAN_POINT('',(0.,-0.00889,0.));
#8075=CARTESIAN_POINT('',(0.,-0.0165862,0.));
#8076=CARTESIAN_POINT('',(0.,-0.00079375,0.));
#8077=CARTESIAN_POINT('',(0.,-0.0165862,0.));
#8078=CARTESIAN_POINT('',(-0.00898025612106916,-0.00889,0.00898025612106915));
#8079=CARTESIAN_POINT('',(-0.00719397211635163,-0.00514954124681965,0.0107665401257867));
#8080=CARTESIAN_POINT('',(-0.00486007959103664,-0.0014090824936393,0.0117332700628933));
#8081=CARTESIAN_POINT('',(-0.00252618706572166,0.00233137625954105,0.0127));
#8082=CARTESIAN_POINT('',(-2.16840434497101E-18,0.0060718350127214,0.0127));
#8083=CARTESIAN_POINT('',(-0.00576567934669229,-0.00289600153965341,0.0113157828571922));
#8084=CARTESIAN_POINT('',(-7.77650717458569E-19,-0.00889,0.0127));
#8085=CARTESIAN_POINT('',(-0.00252618706572166,-0.00514954124681965,0.0127));
#8086=CARTESIAN_POINT('',(-0.00486007959103664,-0.0014090824936393,0.0117332700628933));
#8087=CARTESIAN_POINT('',(-0.00719397211635163,0.00233137625954105,0.0107665401257867));
#8088=CARTESIAN_POINT('',(-0.00898025612106915,0.0060718350127214,0.00898025612106916));
#8089=CARTESIAN_POINT('',(-0.00523902692272482,-0.00079375,0.0115690361267897));
#8090=CARTESIAN_POINT('',(0.,-0.00079375,0.));
#8091=CARTESIAN_POINT('',(-0.0062801240735697,-0.00079375,0.0110385706330381));
#8092=CARTESIAN_POINT('',(-0.0102745158285618,-0.00889,0.00746487270411441));
#8093=CARTESIAN_POINT('',(-0.00878966032679865,-0.00514954124681965,0.00950860097125342));
#8094=CARTESIAN_POINT('',(-0.00663573177189255,-0.0014090824936393,0.010828530087297));
#8095=CARTESIAN_POINT('',(-0.00448180321698646,0.00233137625954105,0.0121484592033405));
#8096=CARTESIAN_POINT('',(-0.00198671770601093,0.0060718350127214,0.0125436419255582));
#8097=CARTESIAN_POINT('',(-0.00663573177189255,-0.0014090824936393,0.010828530087297));
#8098=CARTESIAN_POINT('',(-0.00198671770601093,-0.00889,0.0125436419255582));
#8099=CARTESIAN_POINT('',(-0.00448180321698646,-0.00514954124681965,0.0121484592033405));
#8100=CARTESIAN_POINT('',(-0.00663573177189255,-0.0014090824936393,0.010828530087297));
#8101=CARTESIAN_POINT('',(-0.00878966032679865,0.00233137625954105,0.00950860097125342));
#8102=CARTESIAN_POINT('',(-0.0102745158285618,0.0060718350127214,0.00746487270411441));
#8103=CARTESIAN_POINT('',(0.,-0.0165862,0.));
#8104=CARTESIAN_POINT('',(-0.00746487270411441,-0.00889,0.0102745158285618));
#8105=CARTESIAN_POINT('',(-0.00542114443697541,-0.00514954124681965,0.011759371330325));
#8106=CARTESIAN_POINT('',(-0.00296475612097,-0.0014090824936393,0.0123490979890505));
#8107=CARTESIAN_POINT('',(-0.000508367804964591,0.00233137625954105,0.012938824647776));
#8108=CARTESIAN_POINT('',(0.00198671770601093,0.0060718350127214,0.0125436419255582));
#8109=CARTESIAN_POINT('',(-0.00486007959103715,-0.0043968144073409,0.0117332700628931));
#8110=CARTESIAN_POINT('',(-0.00198671770601093,-0.00889,0.0125436419255582));
#8111=CARTESIAN_POINT('',(-0.00448180321698646,-0.00514954124681965,0.0121484592033405));
#8112=CARTESIAN_POINT('',(-0.00663573177189255,-0.0014090824936393,0.010828530087297));
#8113=CARTESIAN_POINT('',(-0.00878966032679865,0.00233137625954105,0.00950860097125342));
#8114=CARTESIAN_POINT('',(-0.0102745158285618,0.0060718350127214,0.00746487270411441));
#8115=CARTESIAN_POINT('',(0.,-0.0165862,0.));
#8116=CARTESIAN_POINT('',(-0.00576567934669225,-0.00889,0.0113157828571923));
#8117=CARTESIAN_POINT('',(-0.00351483018981398,-0.00514954124681965,0.0124626477855948));
#8118=CARTESIAN_POINT('',(-0.000996430515743631,-0.0014090824936393,0.0126608501384107));
#8119=CARTESIAN_POINT('',(0.00152196915832672,0.00233137625954105,0.0128590524912266));
#8120=CARTESIAN_POINT('',(0.00392451582856183,0.0060718350127214,0.0120784177569484));
#8121=CARTESIAN_POINT('',(-0.00392451582856154,-0.00590226808629877,0.0120784177569485));
#8122=CARTESIAN_POINT('',(-0.00198671770601093,-0.00889,0.0125436419255582));
#8123=CARTESIAN_POINT('',(-0.00448180321698646,-0.00514954124681965,0.0121484592033405));
#8124=CARTESIAN_POINT('',(-0.00663573177189255,-0.0014090824936393,0.010828530087297));
#8125=CARTESIAN_POINT('',(-0.00878966032679865,0.00233137625954105,0.00950860097125342));
#8126=CARTESIAN_POINT('',(-0.0102745158285618,0.0060718350127214,0.00746487270411441));
#8127=CARTESIAN_POINT('',(0.,-0.0165862,0.));
#8128=CARTESIAN_POINT('',(-0.00392451582856184,-0.00889,0.0120784177569484));
#8129=CARTESIAN_POINT('',(-0.00152196915832672,-0.00514954124681965,0.0128590524912266));
#8130=CARTESIAN_POINT('',(0.000996430515743631,-0.0014090824936393,0.0126608501384107));
#8131=CARTESIAN_POINT('',(0.00351483018981398,0.00233137625954105,0.0124626477855948));
#8132=CARTESIAN_POINT('',(0.00576567934669224,0.0060718350127214,0.0113157828571923));
#8133=CARTESIAN_POINT('',(-0.00296475612097,-0.00740308095398595,0.0123490979890505));
#8134=CARTESIAN_POINT('',(-0.00198671770601093,-0.00889,0.0125436419255582));
#8135=CARTESIAN_POINT('',(-0.00448180321698646,-0.00514954124681965,0.0121484592033405));
#8136=CARTESIAN_POINT('',(-0.00663573177189255,-0.0014090824936393,0.010828530087297));
#8137=CARTESIAN_POINT('',(-0.00878966032679865,0.00233137625954105,0.00950860097125342));
#8138=CARTESIAN_POINT('',(-0.0102745158285618,0.0060718350127214,0.00746487270411441));
#8139=CARTESIAN_POINT('',(0.,-0.0165862,0.));
#8140=CARTESIAN_POINT('',(-0.00198671770601093,-0.00889,0.0125436419255582));
#8141=CARTESIAN_POINT('',(0.000508367804964591,-0.00514954124681965,0.012938824647776));
#8142=CARTESIAN_POINT('',(0.00296475612097,-0.0014090824936393,0.0123490979890505));
#8143=CARTESIAN_POINT('',(0.00542114443697541,0.00233137625954105,0.011759371330325));
#8144=CARTESIAN_POINT('',(0.00746487270411441,0.0060718350127214,0.0102745158285618));
#8145=CARTESIAN_POINT('',(-0.00198671770601093,-0.00889,0.0125436419255582));
#8146=CARTESIAN_POINT('',(-0.00198671770601093,-0.00889,0.0125436419255582));
#8147=CARTESIAN_POINT('',(-0.00448180321698646,-0.00514954124681965,0.0121484592033405));
#8148=CARTESIAN_POINT('',(-0.00663573177189255,-0.0014090824936393,0.010828530087297));
#8149=CARTESIAN_POINT('',(-0.00878966032679865,0.00233137625954105,0.00950860097125342));
#8150=CARTESIAN_POINT('',(-0.0102745158285618,0.0060718350127214,0.00746487270411441));
#8151=CARTESIAN_POINT('',(0.,-0.0165862,0.));
#8152=CARTESIAN_POINT('',(0.,-0.00889,0.));
#8153=CARTESIAN_POINT('',(0.,-0.0165862,0.));
#8154=CARTESIAN_POINT('',(0.,-0.00079375,0.));
#8155=CARTESIAN_POINT('',(0.,-0.0165862,0.));
#8156=CARTESIAN_POINT('',(-0.0102745158285618,-0.00889,0.00746487270411441));
#8157=CARTESIAN_POINT('',(-0.00878966032679865,-0.00514954124681965,0.00950860097125342));
#8158=CARTESIAN_POINT('',(-0.00663573177189255,-0.0014090824936393,0.010828530087297));
#8159=CARTESIAN_POINT('',(-0.00448180321698646,0.00233137625954105,0.0121484592033405));
#8160=CARTESIAN_POINT('',(-0.00198671770601093,0.0060718350127214,0.0125436419255582));
#8161=CARTESIAN_POINT('',(-0.00746487270411445,-0.00289600153965341,0.0102745158285618));
#8162=CARTESIAN_POINT('',(-0.00198671770601093,-0.00889,0.0125436419255582));
#8163=CARTESIAN_POINT('',(-0.00448180321698646,-0.00514954124681965,0.0121484592033405));
#8164=CARTESIAN_POINT('',(-0.00663573177189255,-0.0014090824936393,0.010828530087297));
#8165=CARTESIAN_POINT('',(-0.00878966032679865,0.00233137625954105,0.00950860097125342));
#8166=CARTESIAN_POINT('',(-0.0102745158285618,0.0060718350127214,0.00746487270411441));
#8167=CARTESIAN_POINT('',(-0.00698432178516478,-0.00079375,0.0106070377203663));
#8168=CARTESIAN_POINT('',(0.,-0.00079375,0.));
#8169=CARTESIAN_POINT('',(-0.00792961821674374,-0.00079375,0.00992023966125244));
#8170=CARTESIAN_POINT('',(-0.0113157828571923,-0.00889,0.00576567934669224));
#8171=CARTESIAN_POINT('',(-0.0101689179287897,-0.00514954124681965,0.00801652850357051));
#8172=CARTESIAN_POINT('',(-0.00824799021379333,-0.0014090824936393,0.00965715576312039));
#8173=CARTESIAN_POINT('',(-0.00632706249879695,0.00233137625954105,0.0112977830226703));
#8174=CARTESIAN_POINT('',(-0.00392451582856184,0.0060718350127214,0.0120784177569484));
#8175=CARTESIAN_POINT('',(-0.00824799021379333,-0.0014090824936393,0.00965715576312039));
#8176=CARTESIAN_POINT('',(-0.00392451582856184,-0.00889,0.0120784177569484));
#8177=CARTESIAN_POINT('',(-0.00632706249879695,-0.00514954124681965,0.0112977830226703));
#8178=CARTESIAN_POINT('',(-0.00824799021379333,-0.0014090824936393,0.00965715576312039));
#8179=CARTESIAN_POINT('',(-0.0101689179287897,0.00233137625954105,0.00801652850357051));
#8180=CARTESIAN_POINT('',(-0.0113157828571923,0.0060718350127214,0.00576567934669225));
#8181=CARTESIAN_POINT('',(0.,-0.0165862,0.));
#8182=CARTESIAN_POINT('',(-0.00898025612106916,-0.00889,0.00898025612106915));
#8183=CARTESIAN_POINT('',(-0.00719397211635163,-0.00514954124681965,0.0107665401257867));
#8184=CARTESIAN_POINT('',(-0.00486007959103664,-0.0014090824936393,0.0117332700628933));
#8185=CARTESIAN_POINT('',(-0.00252618706572166,0.00233137625954105,0.0127));
#8186=CARTESIAN_POINT('',(-2.16840434497101E-18,0.0060718350127214,0.0127));
#8187=CARTESIAN_POINT('',(-0.00663573177189302,-0.00439681440734089,0.0108285300872967));
#8188=CARTESIAN_POINT('',(-0.00392451582856184,-0.00889,0.0120784177569484));
#8189=CARTESIAN_POINT('',(-0.00632706249879695,-0.00514954124681965,0.0112977830226703));
#8190=CARTESIAN_POINT('',(-0.00824799021379333,-0.0014090824936393,0.00965715576312039));
#8191=CARTESIAN_POINT('',(-0.0101689179287897,0.00233137625954105,0.00801652850357051));
#8192=CARTESIAN_POINT('',(-0.0113157828571923,0.0060718350127214,0.00576567934669225));
#8193=CARTESIAN_POINT('',(0.,-0.0165862,0.));
#8194=CARTESIAN_POINT('',(-0.00746487270411441,-0.00889,0.0102745158285618));
#8195=CARTESIAN_POINT('',(-0.00542114443697541,-0.00514954124681965,0.011759371330325));
#8196=CARTESIAN_POINT('',(-0.00296475612097,-0.0014090824936393,0.0123490979890505));
#8197=CARTESIAN_POINT('',(-0.000508367804964591,0.00233137625954105,0.012938824647776));
#8198=CARTESIAN_POINT('',(0.00198671770601093,0.0060718350127214,0.0125436419255582));
#8199=CARTESIAN_POINT('',(-0.00576567934669197,-0.00590226808629877,0.0113157828571924));
#8200=CARTESIAN_POINT('',(-0.00392451582856184,-0.00889,0.0120784177569484));
#8201=CARTESIAN_POINT('',(-0.00632706249879695,-0.00514954124681965,0.0112977830226703));
#8202=CARTESIAN_POINT('',(-0.00824799021379333,-0.0014090824936393,0.00965715576312039));
#8203=CARTESIAN_POINT('',(-0.0101689179287897,0.00233137625954105,0.00801652850357051));
#8204=CARTESIAN_POINT('',(-0.0113157828571923,0.0060718350127214,0.00576567934669225));
#8205=CARTESIAN_POINT('',(0.,-0.0165862,0.));
#8206=CARTESIAN_POINT('',(-0.00576567934669225,-0.00889,0.0113157828571923));
#8207=CARTESIAN_POINT('',(-0.00351483018981398,-0.00514954124681965,0.0124626477855948));
#8208=CARTESIAN_POINT('',(-0.000996430515743631,-0.0014090824936393,0.0126608501384107));
#8209=CARTESIAN_POINT('',(0.00152196915832672,0.00233137625954105,0.0128590524912266));
#8210=CARTESIAN_POINT('',(0.00392451582856183,0.0060718350127214,0.0120784177569484));
#8211=CARTESIAN_POINT('',(-0.00486007959103664,-0.00740308095398595,0.0117332700628933));
#8212=CARTESIAN_POINT('',(-0.00392451582856184,-0.00889,0.0120784177569484));
#8213=CARTESIAN_POINT('',(-0.00632706249879695,-0.00514954124681965,0.0112977830226703));
#8214=CARTESIAN_POINT('',(-0.00824799021379333,-0.0014090824936393,0.00965715576312039));
#8215=CARTESIAN_POINT('',(-0.0101689179287897,0.00233137625954105,0.00801652850357051));
#8216=CARTESIAN_POINT('',(-0.0113157828571923,0.0060718350127214,0.00576567934669225));
#8217=CARTESIAN_POINT('',(0.,-0.0165862,0.));
#8218=CARTESIAN_POINT('',(-0.00392451582856184,-0.00889,0.0120784177569484));
#8219=CARTESIAN_POINT('',(-0.00152196915832672,-0.00514954124681965,0.0128590524912266));
#8220=CARTESIAN_POINT('',(0.000996430515743631,-0.0014090824936393,0.0126608501384107));
#8221=CARTESIAN_POINT('',(0.00351483018981398,0.00233137625954105,0.0124626477855948));
#8222=CARTESIAN_POINT('',(0.00576567934669224,0.0060718350127214,0.0113157828571923));
#8223=CARTESIAN_POINT('',(-0.00392451582856184,-0.00889,0.0120784177569484));
#8224=CARTESIAN_POINT('',(-0.00392451582856184,-0.00889,0.0120784177569484));
#8225=CARTESIAN_POINT('',(-0.00632706249879695,-0.00514954124681965,0.0112977830226703));
#8226=CARTESIAN_POINT('',(-0.00824799021379333,-0.0014090824936393,0.00965715576312039));
#8227=CARTESIAN_POINT('',(-0.0101689179287897,0.00233137625954105,0.00801652850357051));
#8228=CARTESIAN_POINT('',(-0.0113157828571923,0.0060718350127214,0.00576567934669225));
#8229=CARTESIAN_POINT('',(0.,-0.0165862,0.));
#8230=CARTESIAN_POINT('',(0.,-0.00889,0.));
#8231=CARTESIAN_POINT('',(0.,-0.0165862,0.));
#8232=CARTESIAN_POINT('',(0.,-0.00079375,0.));
#8233=CARTESIAN_POINT('',(0.,-0.0165862,0.));
#8234=CARTESIAN_POINT('',(-0.0113157828571923,-0.00889,0.00576567934669224));
#8235=CARTESIAN_POINT('',(-0.0101689179287897,-0.00514954124681965,0.00801652850357051));
#8236=CARTESIAN_POINT('',(-0.00824799021379333,-0.0014090824936393,0.00965715576312039));
#8237=CARTESIAN_POINT('',(-0.00632706249879695,0.00233137625954105,0.0112977830226703));
#8238=CARTESIAN_POINT('',(-0.00392451582856184,0.0060718350127214,0.0120784177569484));
#8239=CARTESIAN_POINT('',(-0.00898025612106919,-0.00289600153965341,0.00898025612106912));
#8240=CARTESIAN_POINT('',(-0.00392451582856184,-0.00889,0.0120784177569484));
#8241=CARTESIAN_POINT('',(-0.00632706249879695,-0.00514954124681965,0.0112977830226703));
#8242=CARTESIAN_POINT('',(-0.00824799021379333,-0.0014090824936393,0.00965715576312039));
#8243=CARTESIAN_POINT('',(-0.0101689179287897,0.00233137625954105,0.00801652850357051));
#8244=CARTESIAN_POINT('',(-0.0113157828571923,0.0060718350127214,0.00576567934669225));
#8245=CARTESIAN_POINT('',(-0.00855763946561892,-0.00079375,0.00938385884252751));
#8246=CARTESIAN_POINT('',(0.,-0.00079375,0.));
#8247=CARTESIAN_POINT('',(-0.00938385884252751,-0.00079375,0.00855763946561891));
#8248=CARTESIAN_POINT('',(-0.0120784177569484,-0.00889,0.00392451582856184));
#8249=CARTESIAN_POINT('',(-0.0112977830226703,-0.00514954124681965,0.00632706249879695));
#8250=CARTESIAN_POINT('',(-0.00965715576312039,-0.0014090824936393,0.00824799021379333));
#8251=CARTESIAN_POINT('',(-0.00801652850357052,0.00233137625954105,0.0101689179287897));
#8252=CARTESIAN_POINT('',(-0.00576567934669225,0.0060718350127214,0.0113157828571923));
#8253=CARTESIAN_POINT('',(-0.00965715576312039,-0.0014090824936393,0.00824799021379333));
#8254=CARTESIAN_POINT('',(-0.00576567934669225,-0.00889,0.0113157828571923));
#8255=CARTESIAN_POINT('',(-0.00801652850357051,-0.00514954124681965,0.0101689179287897));
#8256=CARTESIAN_POINT('',(-0.00965715576312039,-0.0014090824936393,0.00824799021379333));
#8257=CARTESIAN_POINT('',(-0.0112977830226703,0.00233137625954105,0.00632706249879695));
#8258=CARTESIAN_POINT('',(-0.0120784177569484,0.0060718350127214,0.00392451582856184));
#8259=CARTESIAN_POINT('',(0.,-0.0165862,0.));
#8260=CARTESIAN_POINT('',(-0.0102745158285618,-0.00889,0.00746487270411441));
#8261=CARTESIAN_POINT('',(-0.00878966032679865,-0.00514954124681965,0.00950860097125342));
#8262=CARTESIAN_POINT('',(-0.00663573177189255,-0.0014090824936393,0.010828530087297));
#8263=CARTESIAN_POINT('',(-0.00448180321698646,0.00233137625954105,0.0121484592033405));
#8264=CARTESIAN_POINT('',(-0.00198671770601093,0.0060718350127214,0.0125436419255582));
#8265=CARTESIAN_POINT('',(-0.00824799021379375,-0.00439681440734089,0.00965715576312003));
#8266=CARTESIAN_POINT('',(-0.00576567934669225,-0.00889,0.0113157828571923));
#8267=CARTESIAN_POINT('',(-0.00801652850357051,-0.00514954124681965,0.0101689179287897));
#8268=CARTESIAN_POINT('',(-0.00965715576312039,-0.0014090824936393,0.00824799021379333));
#8269=CARTESIAN_POINT('',(-0.0112977830226703,0.00233137625954105,0.00632706249879695));
#8270=CARTESIAN_POINT('',(-0.0120784177569484,0.0060718350127214,0.00392451582856184));
#8271=CARTESIAN_POINT('',(0.,-0.0165862,0.));
#8272=CARTESIAN_POINT('',(-0.00898025612106916,-0.00889,0.00898025612106915));
#8273=CARTESIAN_POINT('',(-0.00719397211635163,-0.00514954124681965,0.0107665401257867));
#8274=CARTESIAN_POINT('',(-0.00486007959103664,-0.0014090824936393,0.0117332700628933));
#8275=CARTESIAN_POINT('',(-0.00252618706572166,0.00233137625954105,0.0127));
#8276=CARTESIAN_POINT('',(-2.16840434497101E-18,0.0060718350127214,0.0127));
#8277=CARTESIAN_POINT('',(-0.00746487270411416,-0.00590226808629877,0.010274515828562));
#8278=CARTESIAN_POINT('',(-0.00576567934669225,-0.00889,0.0113157828571923));
#8279=CARTESIAN_POINT('',(-0.00801652850357051,-0.00514954124681965,0.0101689179287897));
#8280=CARTESIAN_POINT('',(-0.00965715576312039,-0.0014090824936393,0.00824799021379333));
#8281=CARTESIAN_POINT('',(-0.0112977830226703,0.00233137625954105,0.00632706249879695));
#8282=CARTESIAN_POINT('',(-0.0120784177569484,0.0060718350127214,0.00392451582856184));
#8283=CARTESIAN_POINT('',(0.,-0.0165862,0.));
#8284=CARTESIAN_POINT('',(-0.00746487270411441,-0.00889,0.0102745158285618));
#8285=CARTESIAN_POINT('',(-0.00542114443697541,-0.00514954124681965,0.011759371330325));
#8286=CARTESIAN_POINT('',(-0.00296475612097,-0.0014090824936393,0.0123490979890505));
#8287=CARTESIAN_POINT('',(-0.000508367804964591,0.00233137625954105,0.012938824647776));
#8288=CARTESIAN_POINT('',(0.00198671770601093,0.0060718350127214,0.0125436419255582));
#8289=CARTESIAN_POINT('',(-0.00663573177189255,-0.00740308095398596,0.010828530087297));
#8290=CARTESIAN_POINT('',(-0.00576567934669225,-0.00889,0.0113157828571923));
#8291=CARTESIAN_POINT('',(-0.00801652850357051,-0.00514954124681965,0.0101689179287897));
#8292=CARTESIAN_POINT('',(-0.00965715576312039,-0.0014090824936393,0.00824799021379333));
#8293=CARTESIAN_POINT('',(-0.0112977830226703,0.00233137625954105,0.00632706249879695));
#8294=CARTESIAN_POINT('',(-0.0120784177569484,0.0060718350127214,0.00392451582856184));
#8295=CARTESIAN_POINT('',(0.,-0.0165862,0.));
#8296=CARTESIAN_POINT('',(-0.00576567934669225,-0.00889,0.0113157828571923));
#8297=CARTESIAN_POINT('',(-0.00351483018981398,-0.00514954124681965,0.0124626477855948));
#8298=CARTESIAN_POINT('',(-0.000996430515743631,-0.0014090824936393,0.0126608501384107));
#8299=CARTESIAN_POINT('',(0.00152196915832672,0.00233137625954105,0.0128590524912266));
#8300=CARTESIAN_POINT('',(0.00392451582856183,0.0060718350127214,0.0120784177569484));
#8301=CARTESIAN_POINT('',(-0.00576567934669225,-0.00889,0.0113157828571923));
#8302=CARTESIAN_POINT('',(-0.00576567934669225,-0.00889,0.0113157828571923));
#8303=CARTESIAN_POINT('',(-0.00801652850357051,-0.00514954124681965,0.0101689179287897));
#8304=CARTESIAN_POINT('',(-0.00965715576312039,-0.0014090824936393,0.00824799021379333));
#8305=CARTESIAN_POINT('',(-0.0112977830226703,0.00233137625954105,0.00632706249879695));
#8306=CARTESIAN_POINT('',(-0.0120784177569484,0.0060718350127214,0.00392451582856184));
#8307=CARTESIAN_POINT('',(0.,-0.0165862,0.));
#8308=CARTESIAN_POINT('',(0.,-0.00889,0.));
#8309=CARTESIAN_POINT('',(0.,-0.0165862,0.));
#8310=CARTESIAN_POINT('',(0.,-0.00079375,0.));
#8311=CARTESIAN_POINT('',(0.,-0.0165862,0.));
#8312=CARTESIAN_POINT('',(-0.0120784177569484,-0.00889,0.00392451582856184));
#8313=CARTESIAN_POINT('',(-0.0112977830226703,-0.00514954124681965,0.00632706249879695));
#8314=CARTESIAN_POINT('',(-0.00965715576312039,-0.0014090824936393,0.00824799021379333));
#8315=CARTESIAN_POINT('',(-0.00801652850357052,0.00233137625954105,0.0101689179287897));
#8316=CARTESIAN_POINT('',(-0.00576567934669225,0.0060718350127214,0.0113157828571923));
#8317=CARTESIAN_POINT('',(-0.0102745158285619,-0.00289600153965341,0.00746487270411437));
#8318=CARTESIAN_POINT('',(-0.00576567934669225,-0.00889,0.0113157828571923));
#8319=CARTESIAN_POINT('',(-0.00801652850357051,-0.00514954124681965,0.0101689179287897));
#8320=CARTESIAN_POINT('',(-0.00965715576312039,-0.0014090824936393,0.00824799021379333));
#8321=CARTESIAN_POINT('',(-0.0112977830226703,0.00233137625954105,0.00632706249879695));
#8322=CARTESIAN_POINT('',(-0.0120784177569484,0.0060718350127214,0.00392451582856184));
#8323=CARTESIAN_POINT('',(-0.00992023966125244,-0.00079375,0.00792961821674374));
#8324=CARTESIAN_POINT('',(0.,-0.00079375,0.));
#8325=CARTESIAN_POINT('',(-0.0106070377203663,-0.00079375,0.00698432178516478));
#8326=CARTESIAN_POINT('',(-0.0125436419255582,-0.00889,0.00198671770601093));
#8327=CARTESIAN_POINT('',(-0.0121484592033405,-0.00514954124681965,0.00448180321698646));
#8328=CARTESIAN_POINT('',(-0.010828530087297,-0.0014090824936393,0.00663573177189255));
#8329=CARTESIAN_POINT('',(-0.00950860097125342,0.00233137625954105,0.00878966032679865));
#8330=CARTESIAN_POINT('',(-0.00746487270411441,0.0060718350127214,0.0102745158285618));
#8331=CARTESIAN_POINT('',(-0.010828530087297,-0.0014090824936393,0.00663573177189255));
#8332=CARTESIAN_POINT('',(-0.00746487270411441,-0.00889,0.0102745158285618));
#8333=CARTESIAN_POINT('',(-0.00950860097125342,-0.00514954124681965,0.00878966032679865));
#8334=CARTESIAN_POINT('',(-0.010828530087297,-0.0014090824936393,0.00663573177189255));
#8335=CARTESIAN_POINT('',(-0.0121484592033405,0.00233137625954105,0.00448180321698646));
#8336=CARTESIAN_POINT('',(-0.0125436419255582,0.0060718350127214,0.00198671770601093));
#8337=CARTESIAN_POINT('',(0.,-0.0165862,0.));
#8338=CARTESIAN_POINT('',(-0.0113157828571923,-0.00889,0.00576567934669224));
#8339=CARTESIAN_POINT('',(-0.0101689179287897,-0.00514954124681965,0.00801652850357051));
#8340=CARTESIAN_POINT('',(-0.00824799021379333,-0.0014090824936393,0.00965715576312039));
#8341=CARTESIAN_POINT('',(-0.00632706249879695,0.00233137625954105,0.0112977830226703));
#8342=CARTESIAN_POINT('',(-0.00392451582856184,0.0060718350127214,0.0120784177569484));
#8343=CARTESIAN_POINT('',(-0.00965715576312075,-0.0043968144073409,0.00824799021379291));
#8344=CARTESIAN_POINT('',(-0.00746487270411441,-0.00889,0.0102745158285618));
#8345=CARTESIAN_POINT('',(-0.00950860097125342,-0.00514954124681965,0.00878966032679865));
#8346=CARTESIAN_POINT('',(-0.010828530087297,-0.0014090824936393,0.00663573177189255));
#8347=CARTESIAN_POINT('',(-0.0121484592033405,0.00233137625954105,0.00448180321698646));
#8348=CARTESIAN_POINT('',(-0.0125436419255582,0.0060718350127214,0.00198671770601093));
#8349=CARTESIAN_POINT('',(0.,-0.0165862,0.));
#8350=CARTESIAN_POINT('',(-0.0102745158285618,-0.00889,0.00746487270411441));
#8351=CARTESIAN_POINT('',(-0.00878966032679865,-0.00514954124681965,0.00950860097125342));
#8352=CARTESIAN_POINT('',(-0.00663573177189255,-0.0014090824936393,0.010828530087297));
#8353=CARTESIAN_POINT('',(-0.00448180321698646,0.00233137625954105,0.0121484592033405));
#8354=CARTESIAN_POINT('',(-0.00198671770601093,0.0060718350127214,0.0125436419255582));
#8355=CARTESIAN_POINT('',(-0.00898025612106893,-0.00590226808629877,0.00898025612106938));
#8356=CARTESIAN_POINT('',(-0.00746487270411441,-0.00889,0.0102745158285618));
#8357=CARTESIAN_POINT('',(-0.00950860097125342,-0.00514954124681965,0.00878966032679865));
#8358=CARTESIAN_POINT('',(-0.010828530087297,-0.0014090824936393,0.00663573177189255));
#8359=CARTESIAN_POINT('',(-0.0121484592033405,0.00233137625954105,0.00448180321698646));
#8360=CARTESIAN_POINT('',(-0.0125436419255582,0.0060718350127214,0.00198671770601093));
#8361=CARTESIAN_POINT('',(0.,-0.0165862,0.));
#8362=CARTESIAN_POINT('',(-0.00898025612106916,-0.00889,0.00898025612106915));
#8363=CARTESIAN_POINT('',(-0.00719397211635163,-0.00514954124681965,0.0107665401257867));
#8364=CARTESIAN_POINT('',(-0.00486007959103664,-0.0014090824936393,0.0117332700628933));
#8365=CARTESIAN_POINT('',(-0.00252618706572166,0.00233137625954105,0.0127));
#8366=CARTESIAN_POINT('',(-2.16840434497101E-18,0.0060718350127214,0.0127));
#8367=CARTESIAN_POINT('',(-0.00824799021379333,-0.00740308095398595,0.0096571557631204));
#8368=CARTESIAN_POINT('',(-0.00746487270411441,-0.00889,0.0102745158285618));
#8369=CARTESIAN_POINT('',(-0.00950860097125342,-0.00514954124681965,0.00878966032679865));
#8370=CARTESIAN_POINT('',(-0.010828530087297,-0.0014090824936393,0.00663573177189255));
#8371=CARTESIAN_POINT('',(-0.0121484592033405,0.00233137625954105,0.00448180321698646));
#8372=CARTESIAN_POINT('',(-0.0125436419255582,0.0060718350127214,0.00198671770601093));
#8373=CARTESIAN_POINT('',(0.,-0.0165862,0.));
#8374=CARTESIAN_POINT('',(-0.00746487270411441,-0.00889,0.0102745158285618));
#8375=CARTESIAN_POINT('',(-0.00542114443697541,-0.00514954124681965,0.011759371330325));
#8376=CARTESIAN_POINT('',(-0.00296475612097,-0.0014090824936393,0.0123490979890505));
#8377=CARTESIAN_POINT('',(-0.000508367804964591,0.00233137625954105,0.012938824647776));
#8378=CARTESIAN_POINT('',(0.00198671770601093,0.0060718350127214,0.0125436419255582));
#8379=CARTESIAN_POINT('',(-0.00746487270411441,-0.00889,0.0102745158285618));
#8380=CARTESIAN_POINT('',(-0.00746487270411441,-0.00889,0.0102745158285618));
#8381=CARTESIAN_POINT('',(-0.00950860097125342,-0.00514954124681965,0.00878966032679865));
#8382=CARTESIAN_POINT('',(-0.010828530087297,-0.0014090824936393,0.00663573177189255));
#8383=CARTESIAN_POINT('',(-0.0121484592033405,0.00233137625954105,0.00448180321698646));
#8384=CARTESIAN_POINT('',(-0.0125436419255582,0.0060718350127214,0.00198671770601093));
#8385=CARTESIAN_POINT('',(0.,-0.0165862,0.));
#8386=CARTESIAN_POINT('',(0.,-0.00889,0.));
#8387=CARTESIAN_POINT('',(0.,-0.0165862,0.));
#8388=CARTESIAN_POINT('',(0.,-0.00079375,0.));
#8389=CARTESIAN_POINT('',(0.,-0.0165862,0.));
#8390=CARTESIAN_POINT('',(-0.0125436419255582,-0.00889,0.00198671770601093));
#8391=CARTESIAN_POINT('',(-0.0121484592033405,-0.00514954124681965,0.00448180321698646));
#8392=CARTESIAN_POINT('',(-0.010828530087297,-0.0014090824936393,0.00663573177189255));
#8393=CARTESIAN_POINT('',(-0.00950860097125342,0.00233137625954105,0.00878966032679865));
#8394=CARTESIAN_POINT('',(-0.00746487270411441,0.0060718350127214,0.0102745158285618));
#8395=CARTESIAN_POINT('',(-0.0113157828571923,-0.00289600153965341,0.00576567934669221));
#8396=CARTESIAN_POINT('',(-0.00746487270411441,-0.00889,0.0102745158285618));
#8397=CARTESIAN_POINT('',(-0.00950860097125342,-0.00514954124681965,0.00878966032679865));
#8398=CARTESIAN_POINT('',(-0.010828530087297,-0.0014090824936393,0.00663573177189255));
#8399=CARTESIAN_POINT('',(-0.0121484592033405,0.00233137625954105,0.00448180321698646));
#8400=CARTESIAN_POINT('',(-0.0125436419255582,0.0060718350127214,0.00198671770601093));
#8401=CARTESIAN_POINT('',(-0.0110385706330381,-0.00079375,0.0062801240735697));
#8402=CARTESIAN_POINT('',(0.,-0.00079375,0.));
#8403=CARTESIAN_POINT('',(-0.0115690361267897,-0.00079375,0.00523902692272482));
#8404=CARTESIAN_POINT('',(-0.0127,-0.00889,0.));
#8405=CARTESIAN_POINT('',(-0.0127,-0.00514954124681965,0.00252618706572166));
#8406=CARTESIAN_POINT('',(-0.0117332700628933,-0.0014090824936393,0.00486007959103664));
#8407=CARTESIAN_POINT('',(-0.0107665401257867,0.00233137625954105,0.00719397211635163));
#8408=CARTESIAN_POINT('',(-0.00898025612106916,0.0060718350127214,0.00898025612106915));
#8409=CARTESIAN_POINT('',(-0.0117332700628933,-0.0014090824936393,0.00486007959103664));
#8410=CARTESIAN_POINT('',(-0.00898025612106916,-0.00889,0.00898025612106915));
#8411=CARTESIAN_POINT('',(-0.0107665401257867,-0.00514954124681965,0.00719397211635163));
#8412=CARTESIAN_POINT('',(-0.0117332700628933,-0.0014090824936393,0.00486007959103664));
#8413=CARTESIAN_POINT('',(-0.0127,0.00233137625954105,0.00252618706572166));
#8414=CARTESIAN_POINT('',(-0.0127,0.0060718350127214,4.33680868994198E-19));
#8415=CARTESIAN_POINT('',(0.,-0.0165862,0.));
#8416=CARTESIAN_POINT('',(-0.0120784177569484,-0.00889,0.00392451582856184));
#8417=CARTESIAN_POINT('',(-0.0112977830226703,-0.00514954124681965,0.00632706249879695));
#8418=CARTESIAN_POINT('',(-0.00965715576312039,-0.0014090824936393,0.00824799021379333));
#8419=CARTESIAN_POINT('',(-0.00801652850357052,0.00233137625954105,0.0101689179287897));
#8420=CARTESIAN_POINT('',(-0.00576567934669225,0.0060718350127214,0.0113157828571923));
#8421=CARTESIAN_POINT('',(-0.0108285300872973,-0.0043968144073409,0.00663573177189208));
#8422=CARTESIAN_POINT('',(-0.00898025612106916,-0.00889,0.00898025612106915));
#8423=CARTESIAN_POINT('',(-0.0107665401257867,-0.00514954124681965,0.00719397211635163));
#8424=CARTESIAN_POINT('',(-0.0117332700628933,-0.0014090824936393,0.00486007959103664));
#8425=CARTESIAN_POINT('',(-0.0127,0.00233137625954105,0.00252618706572166));
#8426=CARTESIAN_POINT('',(-0.0127,0.0060718350127214,4.33680868994198E-19));
#8427=CARTESIAN_POINT('',(0.,-0.0165862,0.));
#8428=CARTESIAN_POINT('',(-0.0113157828571923,-0.00889,0.00576567934669224));
#8429=CARTESIAN_POINT('',(-0.0101689179287897,-0.00514954124681965,0.00801652850357051));
#8430=CARTESIAN_POINT('',(-0.00824799021379333,-0.0014090824936393,0.00965715576312039));
#8431=CARTESIAN_POINT('',(-0.00632706249879695,0.00233137625954105,0.0112977830226703));
#8432=CARTESIAN_POINT('',(-0.00392451582856184,0.0060718350127214,0.0120784177569484));
#8433=CARTESIAN_POINT('',(-0.0102745158285616,-0.00590226808629877,0.00746487270411466));
#8434=CARTESIAN_POINT('',(-0.00898025612106916,-0.00889,0.00898025612106915));
#8435=CARTESIAN_POINT('',(-0.0107665401257867,-0.00514954124681965,0.00719397211635163));
#8436=CARTESIAN_POINT('',(-0.0117332700628933,-0.0014090824936393,0.00486007959103664));
#8437=CARTESIAN_POINT('',(-0.0127,0.00233137625954105,0.00252618706572166));
#8438=CARTESIAN_POINT('',(-0.0127,0.0060718350127214,4.33680868994198E-19));
#8439=CARTESIAN_POINT('',(0.,-0.0165862,0.));
#8440=CARTESIAN_POINT('',(-0.0102745158285618,-0.00889,0.00746487270411441));
#8441=CARTESIAN_POINT('',(-0.00878966032679865,-0.00514954124681965,0.00950860097125342));
#8442=CARTESIAN_POINT('',(-0.00663573177189255,-0.0014090824936393,0.010828530087297));
#8443=CARTESIAN_POINT('',(-0.00448180321698646,0.00233137625954105,0.0121484592033405));
#8444=CARTESIAN_POINT('',(-0.00198671770601093,0.0060718350127214,0.0125436419255582));
#8445=CARTESIAN_POINT('',(-0.00965715576312039,-0.00740308095398595,0.00824799021379334));
#8446=CARTESIAN_POINT('',(-0.00898025612106916,-0.00889,0.00898025612106915));
#8447=CARTESIAN_POINT('',(-0.0107665401257867,-0.00514954124681965,0.00719397211635163));
#8448=CARTESIAN_POINT('',(-0.0117332700628933,-0.0014090824936393,0.00486007959103664));
#8449=CARTESIAN_POINT('',(-0.0127,0.00233137625954105,0.00252618706572166));
#8450=CARTESIAN_POINT('',(-0.0127,0.0060718350127214,4.33680868994198E-19));
#8451=CARTESIAN_POINT('',(0.,-0.0165862,0.));
#8452=CARTESIAN_POINT('',(-0.00898025612106916,-0.00889,0.00898025612106915));
#8453=CARTESIAN_POINT('',(-0.00719397211635163,-0.00514954124681965,0.0107665401257867));
#8454=CARTESIAN_POINT('',(-0.00486007959103664,-0.0014090824936393,0.0117332700628933));
#8455=CARTESIAN_POINT('',(-0.00252618706572166,0.00233137625954105,0.0127));
#8456=CARTESIAN_POINT('',(-2.16840434497101E-18,0.0060718350127214,0.0127));
#8457=CARTESIAN_POINT('',(-0.00898025612106916,-0.00889,0.00898025612106915));
#8458=CARTESIAN_POINT('',(-0.00898025612106916,-0.00889,0.00898025612106915));
#8459=CARTESIAN_POINT('',(-0.0107665401257867,-0.00514954124681965,0.00719397211635163));
#8460=CARTESIAN_POINT('',(-0.0117332700628933,-0.0014090824936393,0.00486007959103664));
#8461=CARTESIAN_POINT('',(-0.0127,0.00233137625954105,0.00252618706572166));
#8462=CARTESIAN_POINT('',(-0.0127,0.0060718350127214,4.33680868994198E-19));
#8463=CARTESIAN_POINT('',(0.,-0.0165862,0.));
#8464=CARTESIAN_POINT('',(0.,-0.00889,0.));
#8465=CARTESIAN_POINT('',(0.,-0.0165862,0.));
#8466=CARTESIAN_POINT('',(0.,-0.00079375,0.));
#8467=CARTESIAN_POINT('',(0.,-0.0165862,0.));
#8468=CARTESIAN_POINT('',(-0.0102745158285618,-0.00889,0.00746487270411441));
#8469=CARTESIAN_POINT('',(-0.011759371330325,-0.00514954124681965,0.00542114443697541));
#8470=CARTESIAN_POINT('',(-0.0123490979890505,-0.0014090824936393,0.00296475612097));
#8471=CARTESIAN_POINT('',(-0.012938824647776,0.00233137625954105,0.000508367804964591));
#8472=CARTESIAN_POINT('',(-0.0125436419255582,0.0060718350127214,-0.00198671770601093));
#8473=CARTESIAN_POINT('',(-0.0120784177569485,-0.00289600153965341,0.00392451582856179));
#8474=CARTESIAN_POINT('',(-0.0127,-0.00889,0.));
#8475=CARTESIAN_POINT('',(-0.0127,-0.00514954124681965,0.00252618706572166));
#8476=CARTESIAN_POINT('',(-0.0117332700628933,-0.0014090824936393,0.00486007959103664));
#8477=CARTESIAN_POINT('',(-0.0107665401257867,0.00233137625954105,0.00719397211635163));
#8478=CARTESIAN_POINT('',(-0.00898025612106916,0.0060718350127214,0.00898025612106915));
#8479=CARTESIAN_POINT('',(-0.00898025612106916,-0.00889,0.00898025612106915));
#8480=CARTESIAN_POINT('',(-0.0107665401257867,-0.00514954124681965,0.00719397211635163));
#8481=CARTESIAN_POINT('',(-0.0117332700628933,-0.0014090824936393,0.00486007959103664));
#8482=CARTESIAN_POINT('',(-0.0127,0.00233137625954105,0.00252618706572166));
#8483=CARTESIAN_POINT('',(-0.0127,0.0060718350127214,4.33680868994198E-19));
#8484=CARTESIAN_POINT('',(-0.0118850953609227,-0.00079375,0.00447599243316751));
#8485=CARTESIAN_POINT('',(0.,-0.00079375,0.));
#8486=CARTESIAN_POINT('',(0.,-0.0165862,0.));
#8487=CARTESIAN_POINT('',(-0.0125436419255582,-0.00889,0.00198671770601093));
#8488=CARTESIAN_POINT('',(-0.0121484592033405,-0.00514954124681965,0.00448180321698646));
#8489=CARTESIAN_POINT('',(-0.010828530087297,-0.0014090824936393,0.00663573177189255));
#8490=CARTESIAN_POINT('',(-0.00950860097125342,0.00233137625954105,0.00878966032679865));
#8491=CARTESIAN_POINT('',(-0.00746487270411441,0.0060718350127214,0.0102745158285618));
#8492=CARTESIAN_POINT('',(-0.0117332700628936,-0.0043968144073409,0.00486007959103613));
#8493=CARTESIAN_POINT('',(-0.0102745158285618,-0.00889,0.00746487270411441));
#8494=CARTESIAN_POINT('',(-0.011759371330325,-0.00514954124681965,0.00542114443697541));
#8495=CARTESIAN_POINT('',(-0.0123490979890505,-0.0014090824936393,0.00296475612097));
#8496=CARTESIAN_POINT('',(-0.012938824647776,0.00233137625954105,0.000508367804964591));
#8497=CARTESIAN_POINT('',(-0.0125436419255582,0.0060718350127214,-0.00198671770601093));
#8498=CARTESIAN_POINT('',(0.,-0.0165862,0.));
#8499=CARTESIAN_POINT('',(-0.0120784177569484,-0.00889,0.00392451582856184));
#8500=CARTESIAN_POINT('',(-0.0112977830226703,-0.00514954124681965,0.00632706249879695));
#8501=CARTESIAN_POINT('',(-0.00965715576312039,-0.0014090824936393,0.00824799021379333));
#8502=CARTESIAN_POINT('',(-0.00801652850357052,0.00233137625954105,0.0101689179287897));
#8503=CARTESIAN_POINT('',(-0.00576567934669225,0.0060718350127214,0.0113157828571923));
#8504=CARTESIAN_POINT('',(-0.0113157828571921,-0.00590226808629877,0.00576567934669252));
#8505=CARTESIAN_POINT('',(-0.0102745158285618,-0.00889,0.00746487270411441));
#8506=CARTESIAN_POINT('',(-0.011759371330325,-0.00514954124681965,0.00542114443697541));
#8507=CARTESIAN_POINT('',(-0.0123490979890505,-0.0014090824936393,0.00296475612097));
#8508=CARTESIAN_POINT('',(-0.012938824647776,0.00233137625954105,0.000508367804964591));
#8509=CARTESIAN_POINT('',(-0.0125436419255582,0.0060718350127214,-0.00198671770601093));
#8510=CARTESIAN_POINT('',(0.,-0.0165862,0.));
#8511=CARTESIAN_POINT('',(-0.0113157828571923,-0.00889,0.00576567934669224));
#8512=CARTESIAN_POINT('',(-0.0101689179287897,-0.00514954124681965,0.00801652850357051));
#8513=CARTESIAN_POINT('',(-0.00824799021379333,-0.0014090824936393,0.00965715576312039));
#8514=CARTESIAN_POINT('',(-0.00632706249879695,0.00233137625954105,0.0112977830226703));
#8515=CARTESIAN_POINT('',(-0.00392451582856184,0.0060718350127214,0.0120784177569484));
#8516=CARTESIAN_POINT('',(-0.010828530087297,-0.00740308095398595,0.00663573177189255));
#8517=CARTESIAN_POINT('',(-0.0102745158285618,-0.00889,0.00746487270411441));
#8518=CARTESIAN_POINT('',(-0.011759371330325,-0.00514954124681965,0.00542114443697541));
#8519=CARTESIAN_POINT('',(-0.0123490979890505,-0.0014090824936393,0.00296475612097));
#8520=CARTESIAN_POINT('',(-0.012938824647776,0.00233137625954105,0.000508367804964591));
#8521=CARTESIAN_POINT('',(-0.0125436419255582,0.0060718350127214,-0.00198671770601093));
#8522=CARTESIAN_POINT('',(0.,-0.0165862,0.));
#8523=CARTESIAN_POINT('',(-0.0102745158285618,-0.00889,0.00746487270411441));
#8524=CARTESIAN_POINT('',(-0.00878966032679865,-0.00514954124681965,0.00950860097125342));
#8525=CARTESIAN_POINT('',(-0.00663573177189255,-0.0014090824936393,0.010828530087297));
#8526=CARTESIAN_POINT('',(-0.00448180321698646,0.00233137625954105,0.0121484592033405));
#8527=CARTESIAN_POINT('',(-0.00198671770601093,0.0060718350127214,0.0125436419255582));
#8528=CARTESIAN_POINT('',(-0.0102745158285618,-0.00889,0.00746487270411441));
#8529=CARTESIAN_POINT('',(-0.0102745158285618,-0.00889,0.00746487270411441));
#8530=CARTESIAN_POINT('',(-0.011759371330325,-0.00514954124681965,0.00542114443697541));
#8531=CARTESIAN_POINT('',(-0.0123490979890505,-0.0014090824936393,0.00296475612097));
#8532=CARTESIAN_POINT('',(-0.012938824647776,0.00233137625954105,0.000508367804964591));
#8533=CARTESIAN_POINT('',(-0.0125436419255582,0.0060718350127214,-0.00198671770601093));
#8534=CARTESIAN_POINT('',(0.,-0.0165862,0.));
#8535=CARTESIAN_POINT('',(0.,-0.00889,0.));
#8536=CARTESIAN_POINT('',(0.,-0.0165862,0.));
#8537=CARTESIAN_POINT('',(0.,-0.00079375,0.));
#8538=CARTESIAN_POINT('',(0.,-0.0165862,0.));
#8539=CARTESIAN_POINT('',(-0.0113157828571923,-0.00889,0.00576567934669224));
#8540=CARTESIAN_POINT('',(-0.0124626477855948,-0.00514954124681965,0.00351483018981398));
#8541=CARTESIAN_POINT('',(-0.0126608501384107,-0.0014090824936393,0.000996430515743629));
#8542=CARTESIAN_POINT('',(-0.0128590524912266,0.00233137625954105,-0.00152196915832672));
#8543=CARTESIAN_POINT('',(-0.0120784177569484,0.0060718350127214,-0.00392451582856183));
#8544=CARTESIAN_POINT('',(-0.0123490979890506,-0.0043968144073409,0.00296475612096946));
#8545=CARTESIAN_POINT('',(-0.0127,-0.00889,0.));
#8546=CARTESIAN_POINT('',(-0.0127,-0.00514954124681965,0.00252618706572166));
#8547=CARTESIAN_POINT('',(-0.0117332700628933,-0.0014090824936393,0.00486007959103664));
#8548=CARTESIAN_POINT('',(-0.0107665401257867,0.00233137625954105,0.00719397211635163));
#8549=CARTESIAN_POINT('',(-0.00898025612106916,0.0060718350127214,0.00898025612106915));
#8550=CARTESIAN_POINT('',(0.,-0.0165862,0.));
#8551=CARTESIAN_POINT('',(-0.0125436419255582,-0.00889,0.00198671770601093));
#8552=CARTESIAN_POINT('',(-0.0121484592033405,-0.00514954124681965,0.00448180321698646));
#8553=CARTESIAN_POINT('',(-0.010828530087297,-0.0014090824936393,0.00663573177189255));
#8554=CARTESIAN_POINT('',(-0.00950860097125342,0.00233137625954105,0.00878966032679865));
#8555=CARTESIAN_POINT('',(-0.00746487270411441,0.0060718350127214,0.0102745158285618));
#8556=CARTESIAN_POINT('',(-0.0120784177569484,-0.00590226808629877,0.00392451582856213));
#8557=CARTESIAN_POINT('',(-0.0113157828571923,-0.00889,0.00576567934669224));
#8558=CARTESIAN_POINT('',(-0.0124626477855948,-0.00514954124681965,0.00351483018981398));
#8559=CARTESIAN_POINT('',(-0.0126608501384107,-0.0014090824936393,0.000996430515743629));
#8560=CARTESIAN_POINT('',(-0.0128590524912266,0.00233137625954105,-0.00152196915832672));
#8561=CARTESIAN_POINT('',(-0.0120784177569484,0.0060718350127214,-0.00392451582856183));
#8562=CARTESIAN_POINT('',(0.,-0.0165862,0.));
#8563=CARTESIAN_POINT('',(-0.0120784177569484,-0.00889,0.00392451582856184));
#8564=CARTESIAN_POINT('',(-0.0112977830226703,-0.00514954124681965,0.00632706249879695));
#8565=CARTESIAN_POINT('',(-0.00965715576312039,-0.0014090824936393,0.00824799021379333));
#8566=CARTESIAN_POINT('',(-0.00801652850357052,0.00233137625954105,0.0101689179287897));
#8567=CARTESIAN_POINT('',(-0.00576567934669225,0.0060718350127214,0.0113157828571923));
#8568=CARTESIAN_POINT('',(-0.0117332700628933,-0.00740308095398595,0.00486007959103665));
#8569=CARTESIAN_POINT('',(-0.0113157828571923,-0.00889,0.00576567934669224));
#8570=CARTESIAN_POINT('',(-0.0124626477855948,-0.00514954124681965,0.00351483018981398));
#8571=CARTESIAN_POINT('',(-0.0126608501384107,-0.0014090824936393,0.000996430515743629));
#8572=CARTESIAN_POINT('',(-0.0128590524912266,0.00233137625954105,-0.00152196915832672));
#8573=CARTESIAN_POINT('',(-0.0120784177569484,0.0060718350127214,-0.00392451582856183));
#8574=CARTESIAN_POINT('',(0.,-0.0165862,0.));
#8575=CARTESIAN_POINT('',(-0.0113157828571923,-0.00889,0.00576567934669224));
#8576=CARTESIAN_POINT('',(-0.0101689179287897,-0.00514954124681965,0.00801652850357051));
#8577=CARTESIAN_POINT('',(-0.00824799021379333,-0.0014090824936393,0.00965715576312039));
#8578=CARTESIAN_POINT('',(-0.00632706249879695,0.00233137625954105,0.0112977830226703));
#8579=CARTESIAN_POINT('',(-0.00392451582856184,0.0060718350127214,0.0120784177569484));
#8580=CARTESIAN_POINT('',(-0.0113157828571923,-0.00889,0.00576567934669224));
#8581=CARTESIAN_POINT('',(-0.0113157828571923,-0.00889,0.00576567934669224));
#8582=CARTESIAN_POINT('',(-0.0124626477855948,-0.00514954124681965,0.00351483018981398));
#8583=CARTESIAN_POINT('',(-0.0126608501384107,-0.0014090824936393,0.000996430515743629));
#8584=CARTESIAN_POINT('',(-0.0128590524912266,0.00233137625954105,-0.00152196915832672));
#8585=CARTESIAN_POINT('',(-0.0120784177569484,0.0060718350127214,-0.00392451582856183));
#8586=CARTESIAN_POINT('',(0.,-0.0165862,0.));
#8587=CARTESIAN_POINT('',(0.,-0.00889,0.));
#8588=CARTESIAN_POINT('',(0.,-0.0165862,0.));
#8589=CARTESIAN_POINT('',(0.,-0.00079375,0.));
#8590=CARTESIAN_POINT('',(0.,-0.0165862,0.));
#8591=CARTESIAN_POINT('',(-0.0120784177569484,-0.00889,0.00392451582856184));
#8592=CARTESIAN_POINT('',(-0.0128590524912266,-0.00514954124681965,0.00152196915832672));
#8593=CARTESIAN_POINT('',(-0.0126608501384107,-0.0014090824936393,-0.000996430515743631));
#8594=CARTESIAN_POINT('',(-0.0124626477855948,0.00233137625954105,-0.00351483018981398));
#8595=CARTESIAN_POINT('',(-0.0113157828571923,0.0060718350127214,-0.00576567934669225));
#8596=CARTESIAN_POINT('',(-0.0125436419255582,-0.00590226808629877,0.00198671770601124));
#8597=CARTESIAN_POINT('',(-0.0127,-0.00889,0.));
#8598=CARTESIAN_POINT('',(-0.0127,-0.00514954124681965,0.00252618706572166));
#8599=CARTESIAN_POINT('',(-0.0117332700628933,-0.0014090824936393,0.00486007959103664));
#8600=CARTESIAN_POINT('',(-0.0107665401257867,0.00233137625954105,0.00719397211635163));
#8601=CARTESIAN_POINT('',(-0.00898025612106916,0.0060718350127214,0.00898025612106915));
#8602=CARTESIAN_POINT('',(0.,-0.0165862,0.));
#8603=CARTESIAN_POINT('',(-0.0125436419255582,-0.00889,0.00198671770601093));
#8604=CARTESIAN_POINT('',(-0.0121484592033405,-0.00514954124681965,0.00448180321698646));
#8605=CARTESIAN_POINT('',(-0.010828530087297,-0.0014090824936393,0.00663573177189255));
#8606=CARTESIAN_POINT('',(-0.00950860097125342,0.00233137625954105,0.00878966032679865));
#8607=CARTESIAN_POINT('',(-0.00746487270411441,0.0060718350127214,0.0102745158285618));
#8608=CARTESIAN_POINT('',(-0.0123490979890505,-0.00740308095398595,0.00296475612097001));
#8609=CARTESIAN_POINT('',(-0.0120784177569484,-0.00889,0.00392451582856184));
#8610=CARTESIAN_POINT('',(-0.0128590524912266,-0.00514954124681965,0.00152196915832672));
#8611=CARTESIAN_POINT('',(-0.0126608501384107,-0.0014090824936393,-0.000996430515743631));
#8612=CARTESIAN_POINT('',(-0.0124626477855948,0.00233137625954105,-0.00351483018981398));
#8613=CARTESIAN_POINT('',(-0.0113157828571923,0.0060718350127214,-0.00576567934669225));
#8614=CARTESIAN_POINT('',(0.,-0.0165862,0.));
#8615=CARTESIAN_POINT('',(-0.0120784177569484,-0.00889,0.00392451582856184));
#8616=CARTESIAN_POINT('',(-0.0112977830226703,-0.00514954124681965,0.00632706249879695));
#8617=CARTESIAN_POINT('',(-0.00965715576312039,-0.0014090824936393,0.00824799021379333));
#8618=CARTESIAN_POINT('',(-0.00801652850357052,0.00233137625954105,0.0101689179287897));
#8619=CARTESIAN_POINT('',(-0.00576567934669225,0.0060718350127214,0.0113157828571923));
#8620=CARTESIAN_POINT('',(-0.0120784177569484,-0.00889,0.00392451582856184));
#8621=CARTESIAN_POINT('',(-0.0120784177569484,-0.00889,0.00392451582856184));
#8622=CARTESIAN_POINT('',(-0.0128590524912266,-0.00514954124681965,0.00152196915832672));
#8623=CARTESIAN_POINT('',(-0.0126608501384107,-0.0014090824936393,-0.000996430515743631));
#8624=CARTESIAN_POINT('',(-0.0124626477855948,0.00233137625954105,-0.00351483018981398));
#8625=CARTESIAN_POINT('',(-0.0113157828571923,0.0060718350127214,-0.00576567934669225));
#8626=CARTESIAN_POINT('',(0.,-0.0165862,0.));
#8627=CARTESIAN_POINT('',(0.,-0.00889,0.));
#8628=CARTESIAN_POINT('',(0.,-0.0165862,0.));
#8629=CARTESIAN_POINT('',(0.,-0.00079375,0.));
#8630=CARTESIAN_POINT('',(0.,-0.0165862,0.));
#8631=CARTESIAN_POINT('',(-0.0125436419255582,-0.00889,0.00198671770601093));
#8632=CARTESIAN_POINT('',(-0.012938824647776,-0.00514954124681965,-0.000508367804964591));
#8633=CARTESIAN_POINT('',(-0.0123490979890505,-0.0014090824936393,-0.00296475612097));
#8634=CARTESIAN_POINT('',(-0.011759371330325,0.00233137625954105,-0.00542114443697541));
#8635=CARTESIAN_POINT('',(-0.0102745158285618,0.0060718350127214,-0.00746487270411441));
#8636=CARTESIAN_POINT('',(-0.0126608501384107,-0.00740308095398595,0.000996430515743634));
#8637=CARTESIAN_POINT('',(-0.0127,-0.00889,0.));
#8638=CARTESIAN_POINT('',(-0.0127,-0.00514954124681965,0.00252618706572166));
#8639=CARTESIAN_POINT('',(-0.0117332700628933,-0.0014090824936393,0.00486007959103664));
#8640=CARTESIAN_POINT('',(-0.0107665401257867,0.00233137625954105,0.00719397211635163));
#8641=CARTESIAN_POINT('',(-0.00898025612106916,0.0060718350127214,0.00898025612106915));
#8642=CARTESIAN_POINT('',(0.,-0.0165862,0.));
#8643=CARTESIAN_POINT('',(-0.0125436419255582,-0.00889,0.00198671770601093));
#8644=CARTESIAN_POINT('',(-0.0121484592033405,-0.00514954124681965,0.00448180321698646));
#8645=CARTESIAN_POINT('',(-0.010828530087297,-0.0014090824936393,0.00663573177189255));
#8646=CARTESIAN_POINT('',(-0.00950860097125342,0.00233137625954105,0.00878966032679865));
#8647=CARTESIAN_POINT('',(-0.00746487270411441,0.0060718350127214,0.0102745158285618));
#8648=CARTESIAN_POINT('',(-0.0125436419255582,-0.00889,0.00198671770601093));
#8649=CARTESIAN_POINT('',(-0.0125436419255582,-0.00889,0.00198671770601093));
#8650=CARTESIAN_POINT('',(-0.012938824647776,-0.00514954124681965,-0.000508367804964591));
#8651=CARTESIAN_POINT('',(-0.0123490979890505,-0.0014090824936393,-0.00296475612097));
#8652=CARTESIAN_POINT('',(-0.011759371330325,0.00233137625954105,-0.00542114443697541));
#8653=CARTESIAN_POINT('',(-0.0102745158285618,0.0060718350127214,-0.00746487270411441));
#8654=CARTESIAN_POINT('',(0.,-0.0165862,0.));
#8655=CARTESIAN_POINT('',(0.,-0.00889,0.));
#8656=CARTESIAN_POINT('',(0.,-0.0165862,0.));
#8657=CARTESIAN_POINT('',(0.,-0.00079375,0.));
#8658=CARTESIAN_POINT('',(0.,-0.0165862,0.));
#8659=CARTESIAN_POINT('',(-0.0127,-0.00889,0.));
#8660=CARTESIAN_POINT('',(-0.0127,-0.00514954124681965,-0.00252618706572166));
#8661=CARTESIAN_POINT('',(-0.0117332700628933,-0.0014090824936393,-0.00486007959103664));
#8662=CARTESIAN_POINT('',(-0.0107665401257867,0.00233137625954105,-0.00719397211635163));
#8663=CARTESIAN_POINT('',(-0.00898025612106916,0.0060718350127214,-0.00898025612106915));
#8664=CARTESIAN_POINT('',(-0.0127,-0.00889,0.));
#8665=CARTESIAN_POINT('',(-0.0127,-0.00889,0.));
#8666=CARTESIAN_POINT('',(-0.0127,-0.00514954124681965,0.00252618706572166));
#8667=CARTESIAN_POINT('',(-0.0117332700628933,-0.0014090824936393,0.00486007959103664));
#8668=CARTESIAN_POINT('',(-0.0107665401257867,0.00233137625954105,0.00719397211635163));
#8669=CARTESIAN_POINT('',(-0.00898025612106916,0.0060718350127214,0.00898025612106915));
#8670=CARTESIAN_POINT('',(0.,-0.0165862,0.));
#8671=CARTESIAN_POINT('',(0.,-0.00889,0.));
#8672=CARTESIAN_POINT('',(0.,-0.0165862,0.));
#8673=CARTESIAN_POINT('',(0.,-0.00079375,0.));
#8674=CARTESIAN_POINT('',(0.,-0.0165862,0.));
#8675=CARTESIAN_POINT('',(0.,-0.00889,0.));
#8676=CARTESIAN_POINT('',(0.,-0.0266954,0.01771015));
#8677=CARTESIAN_POINT('',(0.,-0.0266954,0.));
#8678=CARTESIAN_POINT('',(0.,-0.0266954,0.0173609));
#8679=CARTESIAN_POINT('',(0.00205048324681584,-0.0266954,-0.017365923786564));
#8680=CARTESIAN_POINT('',(0.000597257044216772,-0.0266954,-0.0175612089264218));
#8681=CARTESIAN_POINT('',(-0.00232692262591237,-0.0266954,-0.0175808214518614));
#8682=CARTESIAN_POINT('',(-0.00802889026572748,-0.0266954,-0.0161918420025728));
#8683=CARTESIAN_POINT('',(-0.0129173626157131,-0.0266954,-0.0127892286074991));
#8684=CARTESIAN_POINT('',(-0.0157859228674334,-0.0266954,-0.0085101301917256));
#8685=CARTESIAN_POINT('',(-0.016935494768054,-0.0266954,-0.00586149026325077));
#8686=CARTESIAN_POINT('',(-0.0177703637216809,-0.0266954,-0.00304434015732579));
#8687=CARTESIAN_POINT('',(-0.0181535236751023,-0.0266954,0.000559321362591793));
#8688=CARTESIAN_POINT('',(-0.0177562969718515,-0.0266954,0.00347785315109666));
#8689=CARTESIAN_POINT('',(-0.0173886797021094,-0.0266954,0.00487603800000038));
#8690=CARTESIAN_POINT('',(0.00205048324681582,-0.0266954,-0.017365923786564));
#8691=CARTESIAN_POINT('',(-0.0173886797021095,-0.0266954,0.00487603800000034));
#8692=CARTESIAN_POINT('',(0.0173898984561696,-0.0266954,0.00183608882964019));
#8693=CARTESIAN_POINT('',(0.0176054979870119,-0.0266954,-0.000438541008393638));
#8694=CARTESIAN_POINT('',(0.0172749521070248,-0.0266954000000004,-0.00386226121937122));
#8695=CARTESIAN_POINT('',(0.01556154550608,-0.0266953999999999,-0.00809660869197525));
#8696=CARTESIAN_POINT('',(0.0130843637198278,-0.0266954000000001,-0.0118981232254994));
#8697=CARTESIAN_POINT('',(0.00867614190396894,-0.0266953999999999,-0.0156368647625096));
#8698=CARTESIAN_POINT('',(0.00430923214609567,-0.0266954,-0.0170765739447144));
#8699=CARTESIAN_POINT('',(0.00205048324681584,-0.0266954,-0.0173659237865639));
#8700=CARTESIAN_POINT('',(0.0173898984561696,-0.0266954,0.00183608882964016));
#8701=CARTESIAN_POINT('',(-0.00871509589582767,-0.0266954,0.0158173648844088));
#8702=CARTESIAN_POINT('',(-0.00741423799040299,-0.0266954,0.0165056980038795));
#8703=CARTESIAN_POINT('',(-0.00467217781725433,-0.0266954,0.0175515494086031));
#8704=CARTESIAN_POINT('',(0.00117386472596472,-0.0266954,0.0182758672374232));
#8705=CARTESIAN_POINT('',(0.00697475536898659,-0.0266954,0.0168392104796463));
#8706=CARTESIAN_POINT('',(0.0112010549516002,-0.0266954,0.013854451390856));
#8707=CARTESIAN_POINT('',(0.0132229719511466,-0.0266954,0.0117798560117201));
#8708=CARTESIAN_POINT('',(0.0150061624519192,-0.0266954,0.00943034421230287));
#8709=CARTESIAN_POINT('',(0.0166347661873755,-0.0266954,0.00617538228574329));
#8710=CARTESIAN_POINT('',(0.0172625653725534,-0.0266954,0.0032822782240975));
#8711=CARTESIAN_POINT('',(0.0173898984561696,-0.0266954,0.00183608882964019));
#8712=CARTESIAN_POINT('',(-0.00871509589582762,-0.0266954,0.0158173648844088));
#8713=CARTESIAN_POINT('',(0.,-0.0266954,0.));
#8714=CARTESIAN_POINT('',(0.,-0.0298704,0.01581785));
#8715=CARTESIAN_POINT('',(0.,-0.0298704,0.));
#8716=CARTESIAN_POINT('',(0.,-0.0298704,-0.01656715));
#8717=CARTESIAN_POINT('',(0.,-0.0298704,0.));
#8718=CARTESIAN_POINT('',(0.,-0.0298704,0.0142748));
#8719=CARTESIAN_POINT('',(0.,-0.0165862,0.));
#8720=CARTESIAN_POINT('',(0.,-0.03237865,0.));
#8721=CARTESIAN_POINT('',(0.,-0.03237865,-0.0142748));
#8722=CARTESIAN_POINT('',(0.,-0.0331724,0.01227455));
#8723=CARTESIAN_POINT('',(0.,-0.0331724,0.));
#8724=CARTESIAN_POINT('',(0.,-0.0331724,-0.01348105));
#8725=CARTESIAN_POINT('',(0.,-0.0331724,0.));
#8726=CARTESIAN_POINT('',(0.,-0.0331724,-0.01106805));
#8727=CARTESIAN_POINT('',(0.,-0.0165862,0.));
#8728=CARTESIAN_POINT('',(0.,-0.03237865,0.));
#8729=CARTESIAN_POINT('',(0.,-0.03237865,-0.0102743));
#8730=CARTESIAN_POINT('',(0.,-0.0109474,0.));
#8731=CARTESIAN_POINT('',(0.,-0.0109474,0.0102743));
#8732=CARTESIAN_POINT('',(0.,-0.0109474,0.00634650728773475));
#8733=CARTESIAN_POINT('',(0.,-0.0109474,0.));
#8734=CARTESIAN_POINT('',(0.,-0.0109474,0.0024187145754695));
#8735=CARTESIAN_POINT('',(0.,-0.0165862,0.));
#8736=CARTESIAN_POINT('',(0.,-0.0100811729207635,0.));
#8737=CARTESIAN_POINT('',(0.,-0.0100811729207635,0.0024187145754695));
#8738=CARTESIAN_POINT('',(0.,-0.0100811729207635,0.));
#8739=CARTESIAN_POINT('',(0.,-0.00680330674360807,0.));
#8740=CARTESIAN_POINT('',(0.,-0.00680330674360807,0.007874));
#8741=CARTESIAN_POINT('',(0.,-0.0165862,0.));
#8742=CARTESIAN_POINT('',(0.,-0.00079375,0.));
#8743=CARTESIAN_POINT('',(0.,-0.00079375,0.007874));
#8744=CARTESIAN_POINT('',(0.,-8.67361737988404E-19,0.010287));
#8745=CARTESIAN_POINT('',(0.,-8.67361737988404E-19,0.));
#8746=CARTESIAN_POINT('',(0.,-8.67361737988404E-19,0.01190625));
#8747=CARTESIAN_POINT('',(0.,-8.67361737988404E-19,0.));
#8748=CARTESIAN_POINT('',(0.,-8.67361737988404E-19,0.00866775));
#8749=CARTESIAN_POINT('',(0.,-0.0165862,0.));
#8750=CARTESIAN_POINT('',(0.,-0.00079375,0.));
#8751=CARTESIAN_POINT('',(0.,-0.00889,0.));
#8752=CARTESIAN_POINT('',(0.,-0.0096774,0.));
#8753=CARTESIAN_POINT('',(0.,-0.0096774,0.0119126));
#8754=CARTESIAN_POINT('',(0.,-0.0165862,0.));
#8755=CARTESIAN_POINT('',(0.,-0.0136144,0.));
#8756=CARTESIAN_POINT('',(0.,-0.0136144,0.0119126));
#8757=CARTESIAN_POINT('',(0.,-0.0146304,0.0154813));
#8758=CARTESIAN_POINT('',(0.,-0.0146304,0.));
#8759=CARTESIAN_POINT('',(0.,-0.0146304,0.0129286));
#8760=CARTESIAN_POINT('',(0.,-0.0146304,0.));
#8761=CARTESIAN_POINT('',(0.,-0.0146304,0.01825625));
#8762=CARTESIAN_POINT('',(0.,-0.0165862,0.));
#8763=CARTESIAN_POINT('',(0.,-0.01542415,0.));
#8764=CARTESIAN_POINT('',(0.,-0.01542415,0.01905));
#8765=CARTESIAN_POINT('',(0.,-0.0179324,0.));
#8766=CARTESIAN_POINT('',(0.,-0.0179324,0.01905));
#8767=CARTESIAN_POINT('',(0.,-0.0179324,0.01820545));
#8768=CARTESIAN_POINT('',(0.,-0.0179324,0.));
#8769=CARTESIAN_POINT('',(0.,-0.0179324,0.0173609));
#8770=CARTESIAN_POINT('',(0.,-0.0165862,0.));
#8771=CARTESIAN_POINT('',(0.,-0.0192024,0.));
#8772=CARTESIAN_POINT('',(0.,-0.0192024,0.0173609));
#8773=CARTESIAN_POINT('',(0.,-0.0192024,0.01771015));
#8774=CARTESIAN_POINT('',(0.,-0.0192024,0.));
#8775=CARTESIAN_POINT('',(-0.0126529442245885,-0.0192024,0.0128858422623224));
#8776=CARTESIAN_POINT('',(0.,-0.0192024,0.0180594));
#8777=CARTESIAN_POINT('',(0.,-0.0192024,0.0180594));
#8778=CARTESIAN_POINT('',(0.00146141635915361,-0.0192024,0.0180379891884557));
#8779=CARTESIAN_POINT('',(0.00434868636401687,-0.0192024,0.0176398915888766));
#8780=CARTESIAN_POINT('',(0.00978158957973679,-0.0192024,0.0154746328430038));
#8781=CARTESIAN_POINT('',(0.0141526461501495,-0.0192024,0.011465833716346));
#8782=CARTESIAN_POINT('',(0.0164454279129796,-0.0192024,0.00686843395370609));
#8783=CARTESIAN_POINT('',(0.0172346835242605,-0.0192024,0.00410399967642491));
#8784=CARTESIAN_POINT('',(0.0176858607731536,-0.0192024,0.00121307860220861));
#8785=CARTESIAN_POINT('',(0.0175753720428239,-0.0192024,-0.00240197855811712));
#8786=CARTESIAN_POINT('',(0.0167724642584321,-0.0192024,-0.00523042106100662));
#8787=CARTESIAN_POINT('',(0.0162104752387547,-0.0192024,-0.00655746010585952));
#8788=CARTESIAN_POINT('',(0.0162104752387548,-0.0192024,-0.00655746010585954));
#8789=CARTESIAN_POINT('',(0.0162104752387547,-0.0192024,-0.00655746010585955));
#8790=CARTESIAN_POINT('',(0.0153174854979841,-0.0192024,-0.00870321970738388));
#8791=CARTESIAN_POINT('',(0.0133715944283988,-0.0192024000000001,-0.0116155725398627));
#8792=CARTESIAN_POINT('',(0.00978605581206181,-0.0192023999999999,-0.0145640838708263));
#8793=CARTESIAN_POINT('',(0.0067253551651367,-0.0192024000000004,-0.0162011200779848));
#8794=CARTESIAN_POINT('',(0.00341895559078146,-0.0192023999999983,-0.0172106501145787));
#8795=CARTESIAN_POINT('',(-5.74563398319845E-5,-0.0192024000000019,-0.0175546114150613));
#8796=CARTESIAN_POINT('',(-0.00348090493026665,-0.019202399999994,-0.0172220991220608));
#8797=CARTESIAN_POINT('',(-0.00571977660329907,-0.0192024,-0.0165514879046501));
#8798=CARTESIAN_POINT('',(-0.00678172865750637,-0.0192024,-0.0161179386685201));
#8799=CARTESIAN_POINT('',(-0.00678172865750634,-0.0192024,-0.0161179386685202));
#8800=CARTESIAN_POINT('',(-0.0126529442245884,-0.0192024,0.0128858422623223));
#8801=CARTESIAN_POINT('',(-0.0136771353540838,-0.0192024,0.0118466720778637));
#8802=CARTESIAN_POINT('',(-0.0150107235631599,-0.0192024,0.0101247115567224));
#8803=CARTESIAN_POINT('',(-0.0163637436459237,-0.0192024,0.00750426668893874));
#8804=CARTESIAN_POINT('',(-0.0173659726063306,-0.0192024,0.00479173788885087));
#8805=CARTESIAN_POINT('',(-0.017868327244934,-0.0192024,0.00186879546441938));
#8806=CARTESIAN_POINT('',(-0.017827839018062,-0.0192024,-0.00102494855006443));
#8807=CARTESIAN_POINT('',(-0.0174284058771532,-0.0192024,-0.00394019915733769));
#8808=CARTESIAN_POINT('',(-0.0162808414528807,-0.0192024,-0.00739884995533885));
#8809=CARTESIAN_POINT('',(-0.0143024430463289,-0.0192024,-0.0105171248145635));
#8810=CARTESIAN_POINT('',(-0.0123189904097772,-0.0192024,-0.0126339600512878));
#8811=CARTESIAN_POINT('',(-0.0100491034125256,-0.0192024,-0.0145182813651982));
#8812=CARTESIAN_POINT('',(-0.00814764732698139,-0.0192024,-0.0155708866792184));
#8813=CARTESIAN_POINT('',(-0.00678172865750634,-0.0192024,-0.0161179386685201));
#8814=CARTESIAN_POINT('',(0.,-0.0165862,0.));
#8815=CARTESIAN_POINT('',(0.,-0.018011775,0.0180594));
#8816=CARTESIAN_POINT('',(-0.0104265994514031,-0.0180999694444444,0.0180594));
#8817=CARTESIAN_POINT('',(-0.0156398991771047,-0.0181881638888889,0.0090297));
#8818=CARTESIAN_POINT('',(-0.0208531989028062,-0.0182763583333333,1.27689016441524E-18));
#8819=CARTESIAN_POINT('',(-0.0156398991771047,-0.0183645527777778,-0.0090297));
#8820=CARTESIAN_POINT('',(-0.0104265994514031,-0.0184527472222222,-0.0180594));
#8821=CARTESIAN_POINT('',(-2.21163864045217E-18,-0.0185409416666667,-0.0180594));
#8822=CARTESIAN_POINT('',(0.0104265994514031,-0.0186291361111111,-0.0180594));
#8823=CARTESIAN_POINT('',(0.0156398991771047,-0.0187173305555556,-0.0090297));
#8824=CARTESIAN_POINT('',(0.0208531989028062,-0.018805525,-3.83067049324571E-18));
#8825=CARTESIAN_POINT('',(0.0156398991771047,-0.0188937194444444,0.0090297));
#8826=CARTESIAN_POINT('',(0.0104265994514031,-0.0189819138888889,0.0180594));
#8827=CARTESIAN_POINT('',(4.42327728090434E-18,-0.0190701083333333,0.0180594));
#8828=CARTESIAN_POINT('',(-0.0104265994514031,-0.0191583027777778,0.0180594));
#8829=CARTESIAN_POINT('',(-0.0156398991771047,-0.0192464972222222,0.0090297));
#8830=CARTESIAN_POINT('',(-0.0208531989028062,-0.0193346916666667,2.4905812069263E-17));
#8831=CARTESIAN_POINT('',(-0.0156398991771047,-0.0194228861111111,-0.0090297));
#8832=CARTESIAN_POINT('',(-0.0104265994514031,-0.0195110805555555,-0.0180593999999999));
#8833=CARTESIAN_POINT('',(-6.63491592135651E-18,-0.019599275,-0.0180594));
#8834=CARTESIAN_POINT('',(0.0104265994514031,-0.0196874694444444,-0.0180594));
#8835=CARTESIAN_POINT('',(0.0156398991771046,-0.0197756638888889,-0.0090297));
#8836=CARTESIAN_POINT('',(0.0208531989028062,-0.0198638583333333,-8.93823115090666E-18));
#8837=CARTESIAN_POINT('',(0.0156398991771047,-0.0199520527777778,0.0090297));
#8838=CARTESIAN_POINT('',(0.0104265994514031,-0.0200402472222222,0.0180593999999999));
#8839=CARTESIAN_POINT('',(8.84655456180868E-18,-0.0201284416666666,0.0180594));
#8840=CARTESIAN_POINT('',(-0.0104265994514031,-0.0202166361111111,0.0180594));
#8841=CARTESIAN_POINT('',(-0.0156398991771046,-0.0203048305555555,0.0090297));
#8842=CARTESIAN_POINT('',(-0.0208531989028062,-0.020393025,4.85347339741108E-17));
#8843=CARTESIAN_POINT('',(-0.0156398991771047,-0.0204812194444444,-0.0090297));
#8844=CARTESIAN_POINT('',(-0.0104265994514031,-0.0205694138888889,-0.0180593999999999));
#8845=CARTESIAN_POINT('',(-4.31381319077257E-17,-0.0206576083333334,-0.0180594));
#8846=CARTESIAN_POINT('',(0.0104265994514031,-0.0207458027777778,-0.0180594));
#8847=CARTESIAN_POINT('',(0.0156398991771046,-0.0208339972222222,-0.0090297));
#8848=CARTESIAN_POINT('',(0.0208531989028062,-0.0209221916666666,-5.10885143029413E-17));
#8849=CARTESIAN_POINT('',(0.0156398991771047,-0.0210103861111111,0.0090297));
#8850=CARTESIAN_POINT('',(0.0104265994514031,-0.0210985805555555,0.0180593999999999));
#8851=CARTESIAN_POINT('',(1.3269831842713E-17,-0.021186775,0.0180594));
#8852=CARTESIAN_POINT('',(-0.0104265994514031,-0.0212749694444444,0.0180594));
#8853=CARTESIAN_POINT('',(-0.0156398991771046,-0.0213631638888889,0.0090297));
#8854=CARTESIAN_POINT('',(-0.0208531989028062,-0.0214513583333333,5.36422946317718E-17));
#8855=CARTESIAN_POINT('',(-0.0156398991771047,-0.0215395527777778,-0.0090297));
#8856=CARTESIAN_POINT('',(-0.0104265994514031,-0.0216277472222222,-0.0180593999999999));
#8857=CARTESIAN_POINT('',(-1.54814704831652E-17,-0.0217159416666667,-0.0180594));
#8858=CARTESIAN_POINT('',(0.0104265994514031,-0.0218041361111111,-0.0180594));
#8859=CARTESIAN_POINT('',(0.0156398991771046,-0.0218923305555556,-0.0090297));
#8860=CARTESIAN_POINT('',(0.0208531989028062,-0.021980525,-5.61960749606022E-17));
#8861=CARTESIAN_POINT('',(0.0156398991771047,-0.0220687194444445,0.0090297));
#8862=CARTESIAN_POINT('',(0.0104265994514031,-0.0221569138888889,0.0180593999999999));
#8863=CARTESIAN_POINT('',(1.76931091236173E-17,-0.0222451083333334,0.0180594));
#8864=CARTESIAN_POINT('',(-0.0104265994514031,-0.0223333027777778,0.0180594));
#8865=CARTESIAN_POINT('',(-0.0156398991771046,-0.0224214972222222,0.0090297));
#8866=CARTESIAN_POINT('',(-0.0208531989028062,-0.0225096916666666,5.87498552894327E-17));
#8867=CARTESIAN_POINT('',(-0.0156398991771047,-0.0225978861111111,-0.0090297));
#8868=CARTESIAN_POINT('',(-0.0104265994514031,-0.0226860805555555,-0.0180593999999999));
#8869=CARTESIAN_POINT('',(-8.40646251749993E-17,-0.022774275,-0.0180594));
#8870=CARTESIAN_POINT('',(0.0104265994514031,-0.0228624694444444,-0.0180594));
#8871=CARTESIAN_POINT('',(0.0156398991771046,-0.0229506638888889,-0.0090297));
#8872=CARTESIAN_POINT('',(0.0208531989028062,-0.0230388583333333,-6.13036356182632E-17));
#8873=CARTESIAN_POINT('',(0.0156398991771047,-0.0231270527777778,0.0090297));
#8874=CARTESIAN_POINT('',(0.0104265994514031,-0.0232152472222222,0.0180593999999999));
#8875=CARTESIAN_POINT('',(8.62762638154514E-17,-0.0233034416666667,0.0180594));
#8876=CARTESIAN_POINT('',(-0.0104265994514031,-0.0233916361111111,0.0180594));
#8877=CARTESIAN_POINT('',(-0.0156398991771046,-0.0234798305555555,0.0090297));
#8878=CARTESIAN_POINT('',(-0.0208531989028062,-0.023568025,1.37942860935841E-16));
#8879=CARTESIAN_POINT('',(-0.0156398991771047,-0.0236562194444445,-0.0090297));
#8880=CARTESIAN_POINT('',(-0.0104265994514031,-0.0237444138888889,-0.0180593999999999));
#8881=CARTESIAN_POINT('',(-8.84879024559036E-17,-0.0238326083333333,-0.0180594));
#8882=CARTESIAN_POINT('',(0.0104265994514031,-0.0239208027777777,-0.0180594));
#8883=CARTESIAN_POINT('',(0.0156398991771046,-0.0240089972222222,-0.0090297));
#8884=CARTESIAN_POINT('',(0.0208531989028062,-0.0240971916666666,-6.64111962759241E-17));
#8885=CARTESIAN_POINT('',(0.0156398991771047,-0.0241853861111111,0.00902969999999988));
#8886=CARTESIAN_POINT('',(0.0104265994514031,-0.0242735805555556,0.0180593999999999));
#8887=CARTESIAN_POINT('',(2.6539663685426E-17,-0.024361775,0.0180594));
#8888=CARTESIAN_POINT('',(-0.0104265994514031,-0.0244499694444445,0.0180594000000001));
#8889=CARTESIAN_POINT('',(-0.0156398991771046,-0.0245381638888889,0.0090297));
#8890=CARTESIAN_POINT('',(-0.0208531989028062,-0.0246263583333334,1.43050421593502E-16));
#8891=CARTESIAN_POINT('',(-0.0156398991771047,-0.0247145527777778,-0.0090297));
#8892=CARTESIAN_POINT('',(-0.0104265994514031,-0.0248027472222222,-0.0180593999999999));
#8893=CARTESIAN_POINT('',(-9.29111797368079E-17,-0.0248909416666667,-0.0180594));
#8894=CARTESIAN_POINT('',(0.0104265994514031,-0.0249791361111111,-0.0180594));
#8895=CARTESIAN_POINT('',(0.0156398991771046,-0.0250673305555555,-0.0090297000000001));
#8896=CARTESIAN_POINT('',(0.0208531989028062,-0.025155525,-7.15187569335851E-17));
#8897=CARTESIAN_POINT('',(0.0156398991771047,-0.0252437194444445,0.00902969999999988));
#8898=CARTESIAN_POINT('',(0.0104265994514031,-0.0253319138888889,0.0180593999999999));
#8899=CARTESIAN_POINT('',(3.09629409663304E-17,-0.0254201083333334,0.0180594));
#8900=CARTESIAN_POINT('',(-0.010426599451403,-0.0255083027777777,0.0180594000000001));
#8901=CARTESIAN_POINT('',(-0.0156398991771046,-0.0255964972222222,0.0090297));
#8902=CARTESIAN_POINT('',(-0.0208531989028062,-0.0256846916666666,1.48157982251163E-16));
#8903=CARTESIAN_POINT('',(-0.0156398991771047,-0.0257728861111111,-0.0090297));
#8904=CARTESIAN_POINT('',(-0.0104265994514033,-0.0258610805555556,-0.0180593999999999));
#8905=CARTESIAN_POINT('',(-9.73344570177123E-17,-0.025949275,-0.0180594));
#8906=CARTESIAN_POINT('',(0.0104265994514031,-0.0260374694444445,-0.0180594));
#8907=CARTESIAN_POINT('',(0.0156398991771046,-0.0261256638888889,-0.0090297000000001));
#8908=CARTESIAN_POINT('',(0.0208531989028062,-0.0262138583333334,-7.6626317591246E-17));
#8909=CARTESIAN_POINT('',(0.0156398991771047,-0.0263020527777778,0.00902969999999987));
#8910=CARTESIAN_POINT('',(0.0104265994514031,-0.0263902472222222,0.0180593999999999));
#8911=CARTESIAN_POINT('',(3.53862182472347E-17,-0.0264784416666667,0.0180594));
#8912=CARTESIAN_POINT('',(-0.010426599451403,-0.0265666361111111,0.0180594000000001));
#8913=CARTESIAN_POINT('',(-0.0156398991771046,-0.0266548305555556,0.0090297));
#8914=CARTESIAN_POINT('',(-0.0208531989028062,-0.026743025,1.53265542908824E-16));
#8915=CARTESIAN_POINT('',(-0.0156398991771047,-0.0268312194444444,-0.0090297));
#8916=CARTESIAN_POINT('',(-0.0104265994514033,-0.0269194138888889,-0.0180593999999999));
#8917=CARTESIAN_POINT('',(-1.01757734298617E-16,-0.0270076083333333,-0.0180594));
#8918=CARTESIAN_POINT('',(0.0104265994514031,-0.0270958027777778,-0.0180594));
#8919=CARTESIAN_POINT('',(0.0156398991771046,-0.0271839972222222,-0.0090297000000001));
#8920=CARTESIAN_POINT('',(0.0208531989028062,-0.0272721916666667,-8.17338782489069E-17));
#8921=CARTESIAN_POINT('',(0.0156398991771047,-0.0273603861111111,0.00902969999999987));
#8922=CARTESIAN_POINT('',(0.0104265994514031,-0.0274485805555556,0.0180593999999999));
#8923=CARTESIAN_POINT('',(1.68129250349998E-16,-0.027536775,0.0180594));
#8924=CARTESIAN_POINT('',(-0.010426599451403,-0.0276249694444445,0.0180594000000001));
#8925=CARTESIAN_POINT('',(-0.0156398991771046,-0.0277131638888889,0.0090297));
#8926=CARTESIAN_POINT('',(-0.0208531989028062,-0.0278013583333333,1.58373103566485E-16));
#8927=CARTESIAN_POINT('',(-0.0156398991771047,-0.0278895527777778,-0.0090297));
#8928=CARTESIAN_POINT('',(-0.0104265994514033,-0.0279777472222222,-0.0180593999999999));
#8929=CARTESIAN_POINT('',(-1.06181011579521E-16,-0.0280659416666667,-0.0180594));
#8930=CARTESIAN_POINT('',(0.0104265994514029,-0.0281541361111111,-0.0180594000000001));
#8931=CARTESIAN_POINT('',(0.0156398991771046,-0.0282423305555555,-0.00902970000000011));
#8932=CARTESIAN_POINT('',(0.0208531989028062,-0.028330525,-8.68414389065679E-17));
#8933=CARTESIAN_POINT('',(0.0156398991771047,-0.0284187194444445,0.00902969999999986));
#8934=CARTESIAN_POINT('',(0.0104265994514031,-0.0285069138888889,0.0180593999999999));
#8935=CARTESIAN_POINT('',(1.72552527630903E-16,-0.0285951083333334,0.0180594));
#8936=CARTESIAN_POINT('',(-0.010426599451403,-0.0286833027777778,0.0180594000000001));
#8937=CARTESIAN_POINT('',(-0.0156398991771046,-0.0287714972222222,0.0090297));
#8938=CARTESIAN_POINT('',(-0.0208531989028062,-0.0288596916666667,1.63480664224146E-16));
#8939=CARTESIAN_POINT('',(-0.0156398991771047,-0.0289478861111111,-0.0090297));
#8940=CARTESIAN_POINT('',(-0.0104265994514031,-0.0290360805555556,-0.0180593999999999));
#8941=CARTESIAN_POINT('',(-2.38924043682285E-16,-0.029124275,-0.0180594));
#8942=CARTESIAN_POINT('',(0.0104265994514029,-0.0292124694444445,-0.0180594000000001));
#8943=CARTESIAN_POINT('',(0.0156398991771046,-0.0293006638888889,-0.00902970000000011));
#8944=CARTESIAN_POINT('',(0.0208531989028062,-0.0293888583333333,-9.19489995642289E-17));
#8945=CARTESIAN_POINT('',(0.0156398991771047,-0.0294770527777778,0.0090297));
#8946=CARTESIAN_POINT('',(0.0104265994514033,-0.0295652472222222,0.0180593999999998));
#8947=CARTESIAN_POINT('',(1.76975804911807E-16,-0.0296534416666667,0.0180594));
#8948=CARTESIAN_POINT('',(0.,-0.0170857333333333,0.0180594));
#8949=CARTESIAN_POINT('',(-0.0104265994514031,-0.0171739277777778,0.0180594));
#8950=CARTESIAN_POINT('',(-0.0156398991771047,-0.0172621222222222,0.0090297));
#8951=CARTESIAN_POINT('',(-0.0208531989028062,-0.0173503166666667,1.27689016441524E-18));
#8952=CARTESIAN_POINT('',(-0.0156398991771047,-0.0174385111111111,-0.0090297));
#8953=CARTESIAN_POINT('',(-0.0104265994514031,-0.0175267055555555,-0.0180594));
#8954=CARTESIAN_POINT('',(-2.21163864045217E-18,-0.0176149,-0.0180594));
#8955=CARTESIAN_POINT('',(0.0104265994514031,-0.0177030944444444,-0.0180594));
#8956=CARTESIAN_POINT('',(0.0156398991771047,-0.0177912888888889,-0.0090297));
#8957=CARTESIAN_POINT('',(0.0208531989028062,-0.0178794833333333,-3.83067049324571E-18));
#8958=CARTESIAN_POINT('',(0.0156398991771047,-0.0179676777777778,0.0090297));
#8959=CARTESIAN_POINT('',(0.0104265994514031,-0.0180558722222222,0.0180594));
#8960=CARTESIAN_POINT('',(4.42327728090434E-18,-0.0181440666666666,0.0180594));
#8961=CARTESIAN_POINT('',(-0.0104265994514031,-0.0182322611111111,0.0180594));
#8962=CARTESIAN_POINT('',(-0.0156398991771047,-0.0183204555555555,0.0090297));
#8963=CARTESIAN_POINT('',(-0.0208531989028062,-0.01840865,2.4905812069263E-17));
#8964=CARTESIAN_POINT('',(-0.0156398991771047,-0.0184968444444444,-0.0090297));
#8965=CARTESIAN_POINT('',(-0.0104265994514031,-0.0185850388888889,-0.0180593999999999));
#8966=CARTESIAN_POINT('',(-6.63491592135651E-18,-0.0186732333333334,-0.0180594));
#8967=CARTESIAN_POINT('',(0.0104265994514031,-0.0187614277777778,-0.0180594));
#8968=CARTESIAN_POINT('',(0.0156398991771046,-0.0188496222222222,-0.0090297));
#8969=CARTESIAN_POINT('',(0.0208531989028062,-0.0189378166666667,-8.93823115090666E-18));
#8970=CARTESIAN_POINT('',(0.0156398991771047,-0.0190260111111111,0.0090297));
#8971=CARTESIAN_POINT('',(0.0104265994514031,-0.0191142055555555,0.0180593999999999));
#8972=CARTESIAN_POINT('',(8.84655456180868E-18,-0.0192024,0.0180594));
#8973=CARTESIAN_POINT('',(-0.0104265994514031,-0.0192905944444444,0.0180594));
#8974=CARTESIAN_POINT('',(-0.0156398991771046,-0.0193787888888889,0.0090297));
#8975=CARTESIAN_POINT('',(-0.0208531989028062,-0.0194669833333333,4.85347339741108E-17));
#8976=CARTESIAN_POINT('',(-0.0156398991771047,-0.0195551777777778,-0.0090297));
#8977=CARTESIAN_POINT('',(-0.0104265994514031,-0.0196433722222222,-0.0180593999999999));
#8978=CARTESIAN_POINT('',(-4.31381319077257E-17,-0.0197315666666667,-0.0180594));
#8979=CARTESIAN_POINT('',(0.0104265994514031,-0.0198197611111111,-0.0180594));
#8980=CARTESIAN_POINT('',(0.0156398991771046,-0.0199079555555555,-0.0090297));
#8981=CARTESIAN_POINT('',(0.0208531989028062,-0.01999615,-5.10885143029413E-17));
#8982=CARTESIAN_POINT('',(0.0156398991771047,-0.0200843444444444,0.0090297));
#8983=CARTESIAN_POINT('',(0.0104265994514031,-0.0201725388888889,0.0180593999999999));
#8984=CARTESIAN_POINT('',(1.3269831842713E-17,-0.0202607333333334,0.0180594));
#8985=CARTESIAN_POINT('',(-0.0104265994514031,-0.0203489277777778,0.0180594));
#8986=CARTESIAN_POINT('',(-0.0156398991771046,-0.0204371222222222,0.0090297));
#8987=CARTESIAN_POINT('',(-0.0208531989028062,-0.0205253166666666,5.36422946317718E-17));
#8988=CARTESIAN_POINT('',(-0.0156398991771047,-0.0206135111111111,-0.0090297));
#8989=CARTESIAN_POINT('',(-0.0104265994514031,-0.0207017055555555,-0.0180593999999999));
#8990=CARTESIAN_POINT('',(-1.54814704831652E-17,-0.0207899,-0.0180594));
#8991=CARTESIAN_POINT('',(0.0104265994514031,-0.0208780944444444,-0.0180594));
#8992=CARTESIAN_POINT('',(0.0156398991771046,-0.0209662888888889,-0.0090297));
#8993=CARTESIAN_POINT('',(0.0208531989028062,-0.0210544833333333,-5.61960749606022E-17));
#8994=CARTESIAN_POINT('',(0.0156398991771047,-0.0211426777777778,0.0090297));
#8995=CARTESIAN_POINT('',(0.0104265994514031,-0.0212308722222222,0.0180593999999999));
#8996=CARTESIAN_POINT('',(1.76931091236173E-17,-0.0213190666666667,0.0180594));
#8997=CARTESIAN_POINT('',(-0.0104265994514031,-0.0214072611111111,0.0180594));
#8998=CARTESIAN_POINT('',(-0.0156398991771046,-0.0214954555555555,0.0090297));
#8999=CARTESIAN_POINT('',(-0.0208531989028062,-0.02158365,5.87498552894327E-17));
#9000=CARTESIAN_POINT('',(-0.0156398991771047,-0.0216718444444445,-0.0090297));
#9001=CARTESIAN_POINT('',(-0.0104265994514031,-0.0217600388888889,-0.0180593999999999));
#9002=CARTESIAN_POINT('',(-8.40646251749993E-17,-0.0218482333333333,-0.0180594));
#9003=CARTESIAN_POINT('',(0.0104265994514031,-0.0219364277777778,-0.0180594));
#9004=CARTESIAN_POINT('',(0.0156398991771046,-0.0220246222222222,-0.0090297));
#9005=CARTESIAN_POINT('',(0.0208531989028062,-0.0221128166666666,-6.13036356182632E-17));
#9006=CARTESIAN_POINT('',(0.0156398991771047,-0.0222010111111111,0.0090297));
#9007=CARTESIAN_POINT('',(0.0104265994514031,-0.0222892055555555,0.0180593999999999));
#9008=CARTESIAN_POINT('',(8.62762638154514E-17,-0.0223774,0.0180594));
#9009=CARTESIAN_POINT('',(-0.0104265994514031,-0.0224655944444444,0.0180594));
#9010=CARTESIAN_POINT('',(-0.0156398991771046,-0.0225537888888889,0.0090297));
#9011=CARTESIAN_POINT('',(-0.0208531989028062,-0.0226419833333334,1.37942860935841E-16));
#9012=CARTESIAN_POINT('',(-0.0156398991771047,-0.0227301777777778,-0.0090297));
#9013=CARTESIAN_POINT('',(-0.0104265994514031,-0.0228183722222222,-0.0180593999999999));
#9014=CARTESIAN_POINT('',(-8.84879024559036E-17,-0.0229065666666667,-0.0180594));
#9015=CARTESIAN_POINT('',(0.0104265994514031,-0.0229947611111111,-0.0180594));
#9016=CARTESIAN_POINT('',(0.0156398991771046,-0.0230829555555555,-0.0090297));
#9017=CARTESIAN_POINT('',(0.0208531989028062,-0.02317115,-6.64111962759241E-17));
#9018=CARTESIAN_POINT('',(0.0156398991771047,-0.0232593444444445,0.00902969999999988));
#9019=CARTESIAN_POINT('',(0.0104265994514031,-0.0233475388888889,0.0180593999999999));
#9020=CARTESIAN_POINT('',(2.6539663685426E-17,-0.0234357333333334,0.0180594));
#9021=CARTESIAN_POINT('',(-0.0104265994514031,-0.0235239277777778,0.0180594000000001));
#9022=CARTESIAN_POINT('',(-0.0156398991771046,-0.0236121222222222,0.0090297));
#9023=CARTESIAN_POINT('',(-0.0208531989028062,-0.0237003166666666,1.43050421593502E-16));
#9024=CARTESIAN_POINT('',(-0.0156398991771047,-0.0237885111111111,-0.0090297));
#9025=CARTESIAN_POINT('',(-0.0104265994514031,-0.0238767055555555,-0.0180593999999999));
#9026=CARTESIAN_POINT('',(-9.29111797368079E-17,-0.0239649,-0.0180594));
#9027=CARTESIAN_POINT('',(0.0104265994514031,-0.0240530944444445,-0.0180594));
#9028=CARTESIAN_POINT('',(0.0156398991771046,-0.0241412888888889,-0.0090297000000001));
#9029=CARTESIAN_POINT('',(0.0208531989028062,-0.0242294833333334,-7.15187569335851E-17));
#9030=CARTESIAN_POINT('',(0.0156398991771047,-0.0243176777777778,0.00902969999999988));
#9031=CARTESIAN_POINT('',(0.0104265994514031,-0.0244058722222222,0.0180593999999999));
#9032=CARTESIAN_POINT('',(3.09629409663304E-17,-0.0244940666666667,0.0180594));
#9033=CARTESIAN_POINT('',(-0.010426599451403,-0.0245822611111111,0.0180594000000001));
#9034=CARTESIAN_POINT('',(-0.0156398991771046,-0.0246704555555556,0.0090297));
#9035=CARTESIAN_POINT('',(-0.0208531989028062,-0.02475865,1.48157982251163E-16));
#9036=CARTESIAN_POINT('',(-0.0156398991771047,-0.0248468444444444,-0.0090297));
#9037=CARTESIAN_POINT('',(-0.0104265994514033,-0.0249350388888889,-0.0180593999999999));
#9038=CARTESIAN_POINT('',(-9.73344570177123E-17,-0.0250232333333333,-0.0180594));
#9039=CARTESIAN_POINT('',(0.0104265994514031,-0.0251114277777777,-0.0180594));
#9040=CARTESIAN_POINT('',(0.0156398991771046,-0.0251996222222222,-0.0090297000000001));
#9041=CARTESIAN_POINT('',(0.0208531989028062,-0.0252878166666666,-7.6626317591246E-17));
#9042=CARTESIAN_POINT('',(0.0156398991771047,-0.0253760111111111,0.00902969999999987));
#9043=CARTESIAN_POINT('',(0.0104265994514031,-0.0254642055555556,0.0180593999999999));
#9044=CARTESIAN_POINT('',(3.53862182472347E-17,-0.0255524,0.0180594));
#9045=CARTESIAN_POINT('',(-0.010426599451403,-0.0256405944444445,0.0180594000000001));
#9046=CARTESIAN_POINT('',(-0.0156398991771046,-0.0257287888888889,0.0090297));
#9047=CARTESIAN_POINT('',(-0.0208531989028062,-0.0258169833333334,1.53265542908824E-16));
#9048=CARTESIAN_POINT('',(-0.0156398991771047,-0.0259051777777778,-0.0090297));
#9049=CARTESIAN_POINT('',(-0.0104265994514033,-0.0259933722222222,-0.0180593999999999));
#9050=CARTESIAN_POINT('',(-1.01757734298617E-16,-0.0260815666666667,-0.0180594));
#9051=CARTESIAN_POINT('',(0.0104265994514031,-0.0261697611111111,-0.0180594));
#9052=CARTESIAN_POINT('',(0.0156398991771046,-0.0262579555555555,-0.0090297000000001));
#9053=CARTESIAN_POINT('',(0.0208531989028062,-0.02634615,-8.17338782489069E-17));
#9054=CARTESIAN_POINT('',(0.0156398991771047,-0.0264343444444445,0.00902969999999987));
#9055=CARTESIAN_POINT('',(0.0104265994514031,-0.0265225388888889,0.0180593999999999));
#9056=CARTESIAN_POINT('',(1.68129250349998E-16,-0.0266107333333334,0.0180594));
#9057=CARTESIAN_POINT('',(-0.010426599451403,-0.0266989277777778,0.0180594000000001));
#9058=CARTESIAN_POINT('',(-0.0156398991771046,-0.0267871222222222,0.0090297));
#9059=CARTESIAN_POINT('',(-0.0208531989028062,-0.0268753166666667,1.58373103566485E-16));
#9060=CARTESIAN_POINT('',(-0.0156398991771047,-0.0269635111111111,-0.0090297));
#9061=CARTESIAN_POINT('',(-0.0104265994514033,-0.0270517055555556,-0.0180593999999999));
#9062=CARTESIAN_POINT('',(-1.06181011579521E-16,-0.0271399,-0.0180594));
#9063=CARTESIAN_POINT('',(0.0104265994514029,-0.0272280944444445,-0.0180594000000001));
#9064=CARTESIAN_POINT('',(0.0156398991771046,-0.0273162888888889,-0.00902970000000011));
#9065=CARTESIAN_POINT('',(0.0208531989028062,-0.0274044833333334,-8.68414389065679E-17));
#9066=CARTESIAN_POINT('',(0.0156398991771047,-0.0274926777777778,0.00902969999999986));
#9067=CARTESIAN_POINT('',(0.0104265994514031,-0.0275808722222222,0.0180593999999999));
#9068=CARTESIAN_POINT('',(1.72552527630903E-16,-0.0276690666666667,0.0180594));
#9069=CARTESIAN_POINT('',(-0.010426599451403,-0.0277572611111111,0.0180594000000001));
#9070=CARTESIAN_POINT('',(-0.0156398991771046,-0.0278454555555556,0.0090297));
#9071=CARTESIAN_POINT('',(-0.0208531989028062,-0.02793365,1.63480664224146E-16));
#9072=CARTESIAN_POINT('',(-0.0156398991771047,-0.0280218444444445,-0.0090297));
#9073=CARTESIAN_POINT('',(-0.0104265994514031,-0.0281100388888889,-0.0180593999999999));
#9074=CARTESIAN_POINT('',(-2.38924043682285E-16,-0.0281982333333334,-0.0180594));
#9075=CARTESIAN_POINT('',(0.0104265994514029,-0.0282864277777778,-0.0180594000000001));
#9076=CARTESIAN_POINT('',(0.0156398991771046,-0.0283746222222222,-0.00902970000000011));
#9077=CARTESIAN_POINT('',(0.0208531989028062,-0.0284628166666667,-9.19489995642289E-17));
#9078=CARTESIAN_POINT('',(0.0156398991771047,-0.0285510111111111,0.0090297));
#9079=CARTESIAN_POINT('',(0.0104265994514033,-0.0286392055555556,0.0180593999999998));
#9080=CARTESIAN_POINT('',(1.76975804911807E-16,-0.0287274,0.0180594));
#9081=CARTESIAN_POINT('',(0.,-0.0165862,0.));
#9082=CARTESIAN_POINT('',(0.,-0.02907665,0.));
#9083=CARTESIAN_POINT('',(0.,-0.02907665,-0.0173609));
#9084=CARTESIAN_POINT('',(0.,-0.03237865,0.));
#9085=CARTESIAN_POINT('',(0.,-0.02907665,0.));
#9086=CARTESIAN_POINT('',(0.,-0.0146304,0.));
#9087=CARTESIAN_POINT('',(0.,0.,0.));
#9088=CARTESIAN_POINT('',(0.,-0.00079375,0.));
#9089=CARTESIAN_POINT('',(0.,-0.0331724,0.));
#9090=CARTESIAN_POINT('',(-0.0110038060686214,-0.0188881855595719,-0.0135902922157837));
#9091=CARTESIAN_POINT('',(-0.00619170548772635,-0.018949873648799,-0.0174865602822916));
#9092=CARTESIAN_POINT('',(-2.14148600778057E-18,-0.0190039625,-0.0174865602822917));
#9093=CARTESIAN_POINT('',(0.0100958702861817,-0.0190921569444445,-0.0174865602822916));
#9094=CARTESIAN_POINT('',(0.0151438054292725,-0.0191803513888889,-0.00874328014114584));
#9095=CARTESIAN_POINT('',(0.0201917405723634,-0.0192685458333333,-3.70916256917379E-18));
#9096=CARTESIAN_POINT('',(0.0151438054292725,-0.0193567402777778,0.00874328014114582));
#9097=CARTESIAN_POINT('',(0.0100958702861817,-0.0194449347222222,0.0174865602822916));
#9098=CARTESIAN_POINT('',(0.,-0.0195331291666666,0.0174865602822917));
#9099=CARTESIAN_POINT('',(-0.0100958702861817,-0.0196213236111111,0.0174865602822916));
#9100=CARTESIAN_POINT('',(-0.0151438054292725,-0.0197095180555555,0.00874328014114583));
#9101=CARTESIAN_POINT('',(-0.0201917405723634,-0.0197977125,1.23638752305793E-18));
#9102=CARTESIAN_POINT('',(-0.0151438054292725,-0.0198859069444444,-0.00874328014114583));
#9103=CARTESIAN_POINT('',(-0.0100958702861817,-0.0199741013888889,-0.0174865602822916));
#9104=CARTESIAN_POINT('',(-2.14148600778057E-18,-0.0200622958333334,-0.0174865602822917));
#9105=CARTESIAN_POINT('',(0.0100958702861817,-0.0201504902777778,-0.0174865602822916));
#9106=CARTESIAN_POINT('',(0.0151438054292725,-0.0202386847222223,-0.00874328014114584));
#9107=CARTESIAN_POINT('',(0.0201917405723634,-0.0203268791666667,-3.70916256917379E-18));
#9108=CARTESIAN_POINT('',(0.0151438054292725,-0.0204150736111111,0.00874328014114582));
#9109=CARTESIAN_POINT('',(0.0100958702861817,-0.0205032680555556,0.0174865602822916));
#9110=CARTESIAN_POINT('',(0.,-0.0205914625,0.0174865602822917));
#9111=CARTESIAN_POINT('',(-0.0100958702861817,-0.0206796569444445,0.0174865602822916));
#9112=CARTESIAN_POINT('',(-0.0151438054292725,-0.0207678513888889,0.00874328014114583));
#9113=CARTESIAN_POINT('',(-0.0201917405723634,-0.0208560458333333,1.23638752305793E-18));
#9114=CARTESIAN_POINT('',(-0.0151438054292725,-0.0209442402777778,-0.00874328014114583));
#9115=CARTESIAN_POINT('',(-0.0100958702861817,-0.0210324347222222,-0.0174865602822916));
#9116=CARTESIAN_POINT('',(-2.14148600778057E-18,-0.0211206291666667,-0.0174865602822917));
#9117=CARTESIAN_POINT('',(0.0100958702861817,-0.0212088236111111,-0.0174865602822916));
#9118=CARTESIAN_POINT('',(0.0151438054292725,-0.0212970180555556,-0.00874328014114584));
#9119=CARTESIAN_POINT('',(0.0201917405723634,-0.0213852125,-3.70916256917379E-18));
#9120=CARTESIAN_POINT('',(0.0151438054292725,-0.0214734069444444,0.00874328014114582));
#9121=CARTESIAN_POINT('',(0.0100958702861817,-0.0215616013888889,0.0174865602822916));
#9122=CARTESIAN_POINT('',(0.,-0.0216497958333333,0.0174865602822917));
#9123=CARTESIAN_POINT('',(-0.0100958702861817,-0.0217379902777778,0.0174865602822916));
#9124=CARTESIAN_POINT('',(-0.0151438054292725,-0.0218261847222222,0.00874328014114583));
#9125=CARTESIAN_POINT('',(-0.0201917405723634,-0.0219143791666667,1.23638752305793E-18));
#9126=CARTESIAN_POINT('',(-0.0151438054292725,-0.0220025736111111,-0.00874328014114583));
#9127=CARTESIAN_POINT('',(-0.0100958702861817,-0.0220907680555556,-0.0174865602822916));
#9128=CARTESIAN_POINT('',(-2.14148600778057E-18,-0.0221789625,-0.0174865602822917));
#9129=CARTESIAN_POINT('',(0.0100958702861817,-0.0222671569444445,-0.0174865602822916));
#9130=CARTESIAN_POINT('',(0.0151438054292725,-0.0223553513888889,-0.00874328014114584));
#9131=CARTESIAN_POINT('',(0.0201917405723634,-0.0224435458333333,-3.70916256917379E-18));
#9132=CARTESIAN_POINT('',(0.0151438054292725,-0.0225317402777778,0.00874328014114582));
#9133=CARTESIAN_POINT('',(0.0100958702861817,-0.0226199347222222,0.0174865602822916));
#9134=CARTESIAN_POINT('',(0.,-0.0227081291666666,0.0174865602822917));
#9135=CARTESIAN_POINT('',(-0.0100958702861817,-0.0227963236111111,0.0174865602822916));
#9136=CARTESIAN_POINT('',(-0.0151438054292725,-0.0228845180555555,0.00874328014114583));
#9137=CARTESIAN_POINT('',(-0.0201917405723634,-0.0229727125,1.23638752305793E-18));
#9138=CARTESIAN_POINT('',(-0.0151438054292725,-0.0230609069444445,-0.00874328014114583));
#9139=CARTESIAN_POINT('',(-0.0100958702861817,-0.0231491013888889,-0.0174865602822916));
#9140=CARTESIAN_POINT('',(-2.14148600778057E-18,-0.0232372958333333,-0.0174865602822917));
#9141=CARTESIAN_POINT('',(0.0100958702861817,-0.0233254902777778,-0.0174865602822916));
#9142=CARTESIAN_POINT('',(0.0151438054292725,-0.0234136847222222,-0.00874328014114584));
#9143=CARTESIAN_POINT('',(0.0201917405723634,-0.0235018791666667,-3.70916256917379E-18));
#9144=CARTESIAN_POINT('',(0.0151438054292725,-0.0235900736111111,0.00874328014114582));
#9145=CARTESIAN_POINT('',(0.0100958702861817,-0.0236782680555556,0.0174865602822916));
#9146=CARTESIAN_POINT('',(0.,-0.0237664625,0.0174865602822917));
#9147=CARTESIAN_POINT('',(-0.0100958702861817,-0.0238546569444444,0.0174865602822916));
#9148=CARTESIAN_POINT('',(-0.0151438054292725,-0.0239428513888889,0.00874328014114583));
#9149=CARTESIAN_POINT('',(-0.0201917405723634,-0.0240310458333333,1.23638752305793E-18));
#9150=CARTESIAN_POINT('',(-0.0151438054292725,-0.0241192402777778,-0.00874328014114583));
#9151=CARTESIAN_POINT('',(-0.0100958702861817,-0.0242074347222222,-0.0174865602822916));
#9152=CARTESIAN_POINT('',(-2.14148600778057E-18,-0.0242956291666667,-0.0174865602822917));
#9153=CARTESIAN_POINT('',(0.0100958702861817,-0.0243838236111111,-0.0174865602822916));
#9154=CARTESIAN_POINT('',(0.0151438054292725,-0.0244720180555556,-0.00874328014114584));
#9155=CARTESIAN_POINT('',(0.0201917405723634,-0.0245602125,-3.70916256917379E-18));
#9156=CARTESIAN_POINT('',(0.0151438054292725,-0.0246484069444445,0.00874328014114582));
#9157=CARTESIAN_POINT('',(0.0100958702861817,-0.0247366013888889,0.0174865602822916));
#9158=CARTESIAN_POINT('',(0.,-0.0248247958333334,0.0174865602822917));
#9159=CARTESIAN_POINT('',(-0.0100958702861817,-0.0249129902777778,0.0174865602822916));
#9160=CARTESIAN_POINT('',(-0.0151438054292725,-0.0250011847222222,0.00874328014114583));
#9161=CARTESIAN_POINT('',(-0.0201917405723634,-0.0250893791666667,1.23638752305793E-18));
#9162=CARTESIAN_POINT('',(-0.0151438054292725,-0.0251775736111111,-0.00874328014114583));
#9163=CARTESIAN_POINT('',(-0.0100958702861817,-0.0252657680555556,-0.0174865602822916));
#9164=CARTESIAN_POINT('',(-2.14148600778057E-18,-0.0253539625,-0.0174865602822917));
#9165=CARTESIAN_POINT('',(0.0100958702861817,-0.0254421569444444,-0.0174865602822916));
#9166=CARTESIAN_POINT('',(0.0151438054292725,-0.0255303513888889,-0.00874328014114584));
#9167=CARTESIAN_POINT('',(0.0201917405723634,-0.0256185458333333,-3.70916256917379E-18));
#9168=CARTESIAN_POINT('',(0.0151438054292725,-0.0257067402777778,0.00874328014114582));
#9169=CARTESIAN_POINT('',(0.0100958702861817,-0.0257949347222222,0.0174865602822916));
#9170=CARTESIAN_POINT('',(0.,-0.0258831291666667,0.0174865602822917));
#9171=CARTESIAN_POINT('',(-0.0100958702861817,-0.0259713236111111,0.0174865602822916));
#9172=CARTESIAN_POINT('',(-0.0151438054292725,-0.0260595180555556,0.00874328014114583));
#9173=CARTESIAN_POINT('',(-0.0201917405723634,-0.0261477125,1.23638752305793E-18));
#9174=CARTESIAN_POINT('',(-0.0151438054292725,-0.0262359069444445,-0.00874328014114583));
#9175=CARTESIAN_POINT('',(-0.0100958702861817,-0.0263241013888889,-0.0174865602822916));
#9176=CARTESIAN_POINT('',(-2.14148600778057E-18,-0.0264122958333333,-0.0174865602822917));
#9177=CARTESIAN_POINT('',(0.0100958702861817,-0.0265004902777778,-0.0174865602822916));
#9178=CARTESIAN_POINT('',(0.0151438054292725,-0.0265886847222222,-0.00874328014114584));
#9179=CARTESIAN_POINT('',(0.0194048695018318,-0.0266631314351789,-0.00136290067316685));
#9180=CARTESIAN_POINT('',(0.0162172709782693,-0.0267428552881495,0.00654063548316237));
#9181=CARTESIAN_POINT('',(-0.0109525389250902,-0.0189646207448667,-0.0135269745366721));
#9182=CARTESIAN_POINT('',(-0.00616285810056203,-0.0190263088340938,-0.0174050897447095));
#9183=CARTESIAN_POINT('',(-2.13150874447309E-18,-0.0190803976852948,-0.0174050897447095));
#9184=CARTESIAN_POINT('',(0.0100488332493776,-0.0191685921297393,-0.0174050897447095));
#9185=CARTESIAN_POINT('',(0.0150732498740664,-0.0192567865741837,-0.00870254487235475));
#9186=CARTESIAN_POINT('',(0.0200976664987552,-0.0193449810186281,-3.69188144220474E-18));
#9187=CARTESIAN_POINT('',(0.0150732498740664,-0.0194331754630726,0.00870254487235474));
#9188=CARTESIAN_POINT('',(0.0100488332493776,-0.019521369907517,0.0174050897447095));
#9189=CARTESIAN_POINT('',(0.,-0.0196095643519615,0.0174050897447095));
#9190=CARTESIAN_POINT('',(-0.0100488332493776,-0.0196977587964059,0.0174050897447095));
#9191=CARTESIAN_POINT('',(-0.0150732498740664,-0.0197859532408504,0.00870254487235475));
#9192=CARTESIAN_POINT('',(-0.0200976664987552,-0.0198741476852948,1.23062714740158E-18));
#9193=CARTESIAN_POINT('',(-0.0150732498740664,-0.0199623421297392,-0.00870254487235474));
#9194=CARTESIAN_POINT('',(-0.0100488332493776,-0.0200505365741837,-0.0174050897447095));
#9195=CARTESIAN_POINT('',(-2.13150874447309E-18,-0.0201387310186282,-0.0174050897447095));
#9196=CARTESIAN_POINT('',(0.0100488332493776,-0.0202269254630726,-0.0174050897447095));
#9197=CARTESIAN_POINT('',(0.0150732498740664,-0.020315119907517,-0.00870254487235475));
#9198=CARTESIAN_POINT('',(0.0200976664987552,-0.0204033143519615,-3.69188144220474E-18));
#9199=CARTESIAN_POINT('',(0.0150732498740664,-0.0204915087964059,0.00870254487235474));
#9200=CARTESIAN_POINT('',(0.0100488332493776,-0.0205797032408504,0.0174050897447095));
#9201=CARTESIAN_POINT('',(0.,-0.0206678976852948,0.0174050897447095));
#9202=CARTESIAN_POINT('',(-0.0100488332493776,-0.0207560921297393,0.0174050897447095));
#9203=CARTESIAN_POINT('',(-0.0150732498740664,-0.0208442865741837,0.00870254487235475));
#9204=CARTESIAN_POINT('',(-0.0200976664987552,-0.0209324810186281,1.23062714740158E-18));
#9205=CARTESIAN_POINT('',(-0.0150732498740664,-0.0210206754630726,-0.00870254487235474));
#9206=CARTESIAN_POINT('',(-0.0100488332493776,-0.021108869907517,-0.0174050897447095));
#9207=CARTESIAN_POINT('',(-2.13150874447309E-18,-0.0211970643519615,-0.0174050897447095));
#9208=CARTESIAN_POINT('',(0.0100488332493776,-0.0212852587964059,-0.0174050897447095));
#9209=CARTESIAN_POINT('',(0.0150732498740664,-0.0213734532408504,-0.00870254487235475));
#9210=CARTESIAN_POINT('',(0.0200976664987552,-0.0214616476852948,-3.69188144220474E-18));
#9211=CARTESIAN_POINT('',(0.0150732498740664,-0.0215498421297393,0.00870254487235474));
#9212=CARTESIAN_POINT('',(0.0100488332493776,-0.0216380365741837,0.0174050897447095));
#9213=CARTESIAN_POINT('',(0.,-0.0217262310186282,0.0174050897447095));
#9214=CARTESIAN_POINT('',(-0.0100488332493776,-0.0218144254630726,0.0174050897447095));
#9215=CARTESIAN_POINT('',(-0.0150732498740664,-0.021902619907517,0.00870254487235475));
#9216=CARTESIAN_POINT('',(-0.0200976664987552,-0.0219908143519615,1.23062714740158E-18));
#9217=CARTESIAN_POINT('',(-0.0150732498740664,-0.022079008796406,-0.00870254487235474));
#9218=CARTESIAN_POINT('',(-0.0100488332493776,-0.0221672032408504,-0.0174050897447095));
#9219=CARTESIAN_POINT('',(-2.13150874447309E-18,-0.0222553976852948,-0.0174050897447095));
#9220=CARTESIAN_POINT('',(0.0100488332493776,-0.0223435921297392,-0.0174050897447095));
#9221=CARTESIAN_POINT('',(0.0150732498740664,-0.0224317865741837,-0.00870254487235475));
#9222=CARTESIAN_POINT('',(0.0200976664987552,-0.0225199810186281,-3.69188144220474E-18));
#9223=CARTESIAN_POINT('',(0.0150732498740664,-0.0226081754630726,0.00870254487235474));
#9224=CARTESIAN_POINT('',(0.0100488332493776,-0.022696369907517,0.0174050897447095));
#9225=CARTESIAN_POINT('',(0.,-0.0227845643519615,0.0174050897447095));
#9226=CARTESIAN_POINT('',(-0.0100488332493776,-0.0228727587964059,0.0174050897447095));
#9227=CARTESIAN_POINT('',(-0.0150732498740664,-0.0229609532408503,0.00870254487235475));
#9228=CARTESIAN_POINT('',(-0.0200976664987552,-0.0230491476852948,1.23062714740158E-18));
#9229=CARTESIAN_POINT('',(-0.0150732498740664,-0.0231373421297393,-0.00870254487235474));
#9230=CARTESIAN_POINT('',(-0.0100488332493776,-0.0232255365741837,-0.0174050897447095));
#9231=CARTESIAN_POINT('',(-2.13150874447309E-18,-0.0233137310186281,-0.0174050897447095));
#9232=CARTESIAN_POINT('',(0.0100488332493776,-0.0234019254630726,-0.0174050897447095));
#9233=CARTESIAN_POINT('',(0.0150732498740664,-0.023490119907517,-0.00870254487235475));
#9234=CARTESIAN_POINT('',(0.0200976664987552,-0.0235783143519615,-3.69188144220474E-18));
#9235=CARTESIAN_POINT('',(0.0150732498740664,-0.0236665087964059,0.00870254487235474));
#9236=CARTESIAN_POINT('',(0.0100488332493776,-0.0237547032408504,0.0174050897447095));
#9237=CARTESIAN_POINT('',(0.,-0.0238428976852948,0.0174050897447095));
#9238=CARTESIAN_POINT('',(-0.0100488332493776,-0.0239310921297392,0.0174050897447095));
#9239=CARTESIAN_POINT('',(-0.0150732498740664,-0.0240192865741837,0.00870254487235475));
#9240=CARTESIAN_POINT('',(-0.0200976664987552,-0.0241074810186281,1.23062714740158E-18));
#9241=CARTESIAN_POINT('',(-0.0150732498740664,-0.0241956754630726,-0.00870254487235474));
#9242=CARTESIAN_POINT('',(-0.0100488332493776,-0.024283869907517,-0.0174050897447095));
#9243=CARTESIAN_POINT('',(-2.13150874447309E-18,-0.0243720643519615,-0.0174050897447095));
#9244=CARTESIAN_POINT('',(0.0100488332493776,-0.024460258796406,-0.0174050897447095));
#9245=CARTESIAN_POINT('',(0.0150732498740664,-0.0245484532408503,-0.00870254487235475));
#9246=CARTESIAN_POINT('',(0.0200976664987552,-0.0246366476852948,-3.69188144220474E-18));
#9247=CARTESIAN_POINT('',(0.0150732498740664,-0.0247248421297393,0.00870254487235474));
#9248=CARTESIAN_POINT('',(0.0100488332493776,-0.0248130365741837,0.0174050897447095));
#9249=CARTESIAN_POINT('',(0.,-0.0249012310186281,0.0174050897447095));
#9250=CARTESIAN_POINT('',(-0.0100488332493776,-0.0249894254630726,0.0174050897447095));
#9251=CARTESIAN_POINT('',(-0.0150732498740664,-0.025077619907517,0.00870254487235475));
#9252=CARTESIAN_POINT('',(-0.0200976664987552,-0.0251658143519615,1.23062714740158E-18));
#9253=CARTESIAN_POINT('',(-0.0150732498740664,-0.0252540087964059,-0.00870254487235474));
#9254=CARTESIAN_POINT('',(-0.0100488332493776,-0.0253422032408504,-0.0174050897447095));
#9255=CARTESIAN_POINT('',(-2.13150874447309E-18,-0.0254303976852948,-0.0174050897447095));
#9256=CARTESIAN_POINT('',(0.0100488332493776,-0.0255185921297392,-0.0174050897447095));
#9257=CARTESIAN_POINT('',(0.0150732498740664,-0.0256067865741837,-0.00870254487235475));
#9258=CARTESIAN_POINT('',(0.0200976664987552,-0.0256949810186281,-3.69188144220474E-18));
#9259=CARTESIAN_POINT('',(0.0150732498740664,-0.0257831754630726,0.00870254487235474));
#9260=CARTESIAN_POINT('',(0.0100488332493776,-0.0258713699075171,0.0174050897447095));
#9261=CARTESIAN_POINT('',(0.,-0.0259595643519615,0.0174050897447095));
#9262=CARTESIAN_POINT('',(-0.0100488332493776,-0.0260477587964059,0.0174050897447095));
#9263=CARTESIAN_POINT('',(-0.0150732498740664,-0.0261359532408503,0.00870254487235475));
#9264=CARTESIAN_POINT('',(-0.0200976664987552,-0.0262241476852948,1.23062714740158E-18));
#9265=CARTESIAN_POINT('',(-0.0150732498740664,-0.0263123421297393,-0.00870254487235474));
#9266=CARTESIAN_POINT('',(-0.0100488332493776,-0.0264005365741837,-0.0174050897447095));
#9267=CARTESIAN_POINT('',(-2.13150874447309E-18,-0.0264887310186281,-0.0174050897447095));
#9268=CARTESIAN_POINT('',(0.0100488332493776,-0.0265769254630726,-0.0174050897447095));
#9269=CARTESIAN_POINT('',(0.0150732498740664,-0.0266651199075171,-0.00870254487235475));
#9270=CARTESIAN_POINT('',(0.0193144614899356,-0.0267395666204737,-0.00135655086801812));
#9271=CARTESIAN_POINT('',(0.0161417141069701,-0.0268192904734444,0.00651016241811471));
#9272=CARTESIAN_POINT('',(-0.0109525389250902,-0.0190763337076104,-0.0135269745366721));
#9273=CARTESIAN_POINT('',(-0.00616285810056203,-0.0191380217968375,-0.0174050897447095));
#9274=CARTESIAN_POINT('',(-2.13150874447309E-18,-0.0191921106480386,-0.0174050897447095));
#9275=CARTESIAN_POINT('',(0.0100488332493776,-0.019280305092483,-0.0174050897447095));
#9276=CARTESIAN_POINT('',(0.0150732498740664,-0.0193684995369274,-0.00870254487235475));
#9277=CARTESIAN_POINT('',(0.0200976664987552,-0.0194566939813719,-3.69188144220474E-18));
#9278=CARTESIAN_POINT('',(0.0150732498740664,-0.0195448884258163,0.00870254487235474));
#9279=CARTESIAN_POINT('',(0.0100488332493776,-0.0196330828702607,0.0174050897447095));
#9280=CARTESIAN_POINT('',(0.,-0.0197212773147052,0.0174050897447095));
#9281=CARTESIAN_POINT('',(-0.0100488332493776,-0.0198094717591496,0.0174050897447095));
#9282=CARTESIAN_POINT('',(-0.0150732498740664,-0.0198976662035941,0.00870254487235475));
#9283=CARTESIAN_POINT('',(-0.0200976664987552,-0.0199858606480385,1.23062714740158E-18));
#9284=CARTESIAN_POINT('',(-0.0150732498740664,-0.0200740550924829,-0.00870254487235475));
#9285=CARTESIAN_POINT('',(-0.0100488332493776,-0.0201622495369274,-0.0174050897447095));
#9286=CARTESIAN_POINT('',(-2.13150874447309E-18,-0.0202504439813719,-0.0174050897447095));
#9287=CARTESIAN_POINT('',(0.0100488332493776,-0.0203386384258163,-0.0174050897447095));
#9288=CARTESIAN_POINT('',(0.0150732498740664,-0.0204268328702607,-0.00870254487235475));
#9289=CARTESIAN_POINT('',(0.0200976664987552,-0.0205150273147052,-3.69188144220474E-18));
#9290=CARTESIAN_POINT('',(0.0150732498740664,-0.0206032217591496,0.00870254487235474));
#9291=CARTESIAN_POINT('',(0.0100488332493776,-0.0206914162035941,0.0174050897447095));
#9292=CARTESIAN_POINT('',(0.,-0.0207796106480385,0.0174050897447095));
#9293=CARTESIAN_POINT('',(-0.0100488332493776,-0.020867805092483,0.0174050897447095));
#9294=CARTESIAN_POINT('',(-0.0150732498740664,-0.0209559995369274,0.00870254487235475));
#9295=CARTESIAN_POINT('',(-0.0200976664987552,-0.0210441939813718,1.23062714740158E-18));
#9296=CARTESIAN_POINT('',(-0.0150732498740664,-0.0211323884258163,-0.00870254487235475));
#9297=CARTESIAN_POINT('',(-0.0100488332493776,-0.0212205828702607,-0.0174050897447095));
#9298=CARTESIAN_POINT('',(-2.13150874447309E-18,-0.0213087773147052,-0.0174050897447095));
#9299=CARTESIAN_POINT('',(0.0100488332493776,-0.0213969717591496,-0.0174050897447095));
#9300=CARTESIAN_POINT('',(0.0150732498740664,-0.0214851662035941,-0.00870254487235475));
#9301=CARTESIAN_POINT('',(0.0200976664987552,-0.0215733606480385,-3.69188144220474E-18));
#9302=CARTESIAN_POINT('',(0.0150732498740664,-0.0216615550924829,0.00870254487235474));
#9303=CARTESIAN_POINT('',(0.0100488332493776,-0.0217497495369274,0.0174050897447095));
#9304=CARTESIAN_POINT('',(0.,-0.0218379439813719,0.0174050897447095));
#9305=CARTESIAN_POINT('',(-0.0100488332493776,-0.0219261384258163,0.0174050897447095));
#9306=CARTESIAN_POINT('',(-0.0150732498740664,-0.0220143328702607,0.00870254487235475));
#9307=CARTESIAN_POINT('',(-0.0200976664987552,-0.0221025273147052,1.23062714740158E-18));
#9308=CARTESIAN_POINT('',(-0.0150732498740664,-0.0221907217591496,-0.00870254487235475));
#9309=CARTESIAN_POINT('',(-0.0100488332493776,-0.0222789162035941,-0.0174050897447095));
#9310=CARTESIAN_POINT('',(-2.13150874447309E-18,-0.0223671106480385,-0.0174050897447095));
#9311=CARTESIAN_POINT('',(0.0100488332493776,-0.022455305092483,-0.0174050897447095));
#9312=CARTESIAN_POINT('',(0.0150732498740664,-0.0225434995369274,-0.00870254487235475));
#9313=CARTESIAN_POINT('',(0.0200976664987552,-0.0226316939813718,-3.69188144220474E-18));
#9314=CARTESIAN_POINT('',(0.0150732498740664,-0.0227198884258163,0.00870254487235474));
#9315=CARTESIAN_POINT('',(0.0100488332493776,-0.0228080828702607,0.0174050897447095));
#9316=CARTESIAN_POINT('',(0.,-0.0228962773147052,0.0174050897447095));
#9317=CARTESIAN_POINT('',(-0.0100488332493776,-0.0229844717591496,0.0174050897447095));
#9318=CARTESIAN_POINT('',(-0.0150732498740664,-0.0230726662035941,0.00870254487235475));
#9319=CARTESIAN_POINT('',(-0.0200976664987552,-0.0231608606480385,1.23062714740158E-18));
#9320=CARTESIAN_POINT('',(-0.0150732498740664,-0.0232490550924829,-0.00870254487235475));
#9321=CARTESIAN_POINT('',(-0.0100488332493776,-0.0233372495369274,-0.0174050897447095));
#9322=CARTESIAN_POINT('',(-2.13150874447309E-18,-0.0234254439813719,-0.0174050897447095));
#9323=CARTESIAN_POINT('',(0.0100488332493776,-0.0235136384258163,-0.0174050897447095));
#9324=CARTESIAN_POINT('',(0.0150732498740664,-0.0236018328702607,-0.00870254487235475));
#9325=CARTESIAN_POINT('',(0.0200976664987552,-0.0236900273147052,-3.69188144220474E-18));
#9326=CARTESIAN_POINT('',(0.0150732498740664,-0.0237782217591496,0.00870254487235474));
#9327=CARTESIAN_POINT('',(0.0100488332493776,-0.0238664162035941,0.0174050897447095));
#9328=CARTESIAN_POINT('',(0.,-0.0239546106480385,0.0174050897447095));
#9329=CARTESIAN_POINT('',(-0.0100488332493776,-0.024042805092483,0.0174050897447095));
#9330=CARTESIAN_POINT('',(-0.0150732498740664,-0.0241309995369274,0.00870254487235475));
#9331=CARTESIAN_POINT('',(-0.0200976664987552,-0.0242191939813718,1.23062714740158E-18));
#9332=CARTESIAN_POINT('',(-0.0150732498740664,-0.0243073884258163,-0.00870254487235475));
#9333=CARTESIAN_POINT('',(-0.0100488332493776,-0.0243955828702607,-0.0174050897447095));
#9334=CARTESIAN_POINT('',(-2.13150874447309E-18,-0.0244837773147052,-0.0174050897447095));
#9335=CARTESIAN_POINT('',(0.0100488332493776,-0.0245719717591496,-0.0174050897447095));
#9336=CARTESIAN_POINT('',(0.0150732498740664,-0.0246601662035941,-0.00870254487235475));
#9337=CARTESIAN_POINT('',(0.0200976664987552,-0.0247483606480386,-3.69188144220474E-18));
#9338=CARTESIAN_POINT('',(0.0150732498740664,-0.024836555092483,0.00870254487235474));
#9339=CARTESIAN_POINT('',(0.0100488332493776,-0.0249247495369274,0.0174050897447095));
#9340=CARTESIAN_POINT('',(0.,-0.0250129439813719,0.0174050897447095));
#9341=CARTESIAN_POINT('',(-0.0100488332493776,-0.0251011384258163,0.0174050897447095));
#9342=CARTESIAN_POINT('',(-0.0150732498740664,-0.0251893328702607,0.00870254487235475));
#9343=CARTESIAN_POINT('',(-0.0200976664987552,-0.0252775273147052,1.23062714740158E-18));
#9344=CARTESIAN_POINT('',(-0.0150732498740664,-0.0253657217591497,-0.00870254487235475));
#9345=CARTESIAN_POINT('',(-0.0100488332493776,-0.0254539162035941,-0.0174050897447095));
#9346=CARTESIAN_POINT('',(-2.13150874447309E-18,-0.0255421106480385,-0.0174050897447095));
#9347=CARTESIAN_POINT('',(0.0100488332493776,-0.025630305092483,-0.0174050897447095));
#9348=CARTESIAN_POINT('',(0.0150732498740664,-0.0257184995369274,-0.00870254487235475));
#9349=CARTESIAN_POINT('',(0.0200976664987552,-0.0258066939813718,-3.69188144220474E-18));
#9350=CARTESIAN_POINT('',(0.0150732498740664,-0.0258948884258163,0.00870254487235474));
#9351=CARTESIAN_POINT('',(0.0100488332493776,-0.0259830828702607,0.0174050897447095));
#9352=CARTESIAN_POINT('',(0.,-0.0260712773147052,0.0174050897447095));
#9353=CARTESIAN_POINT('',(-0.0100488332493776,-0.0261594717591497,0.0174050897447095));
#9354=CARTESIAN_POINT('',(-0.0150732498740664,-0.0262476662035941,0.00870254487235475));
#9355=CARTESIAN_POINT('',(-0.0200976664987552,-0.0263358606480385,1.23062714740158E-18));
#9356=CARTESIAN_POINT('',(-0.0150732498740664,-0.026424055092483,-0.00870254487235475));
#9357=CARTESIAN_POINT('',(-0.0100488332493776,-0.0265122495369274,-0.0174050897447095));
#9358=CARTESIAN_POINT('',(-2.13150874447309E-18,-0.0266004439813719,-0.0174050897447095));
#9359=CARTESIAN_POINT('',(0.0100488332493776,-0.0266886384258163,-0.0174050897447095));
#9360=CARTESIAN_POINT('',(0.0150732498740664,-0.0267768328702607,-0.00870254487235475));
#9361=CARTESIAN_POINT('',(0.0193144614899356,-0.0268512795832174,-0.00135655086801812));
#9362=CARTESIAN_POINT('',(0.0161417141069701,-0.0269310034361881,0.00651016241811471));
#9363=CARTESIAN_POINT('',(-0.0110038060686214,-0.0191527688929052,-0.0135902922157837));
#9364=CARTESIAN_POINT('',(-0.00619170548772635,-0.0192144569821323,-0.0174865602822916));
#9365=CARTESIAN_POINT('',(-2.14148600778057E-18,-0.0192685458333334,-0.0174865602822917));
#9366=CARTESIAN_POINT('',(0.0100958702861817,-0.0193567402777778,-0.0174865602822916));
#9367=CARTESIAN_POINT('',(0.0151438054292725,-0.0194449347222222,-0.00874328014114584));
#9368=CARTESIAN_POINT('',(0.0201917405723634,-0.0195331291666667,-3.70916256917379E-18));
#9369=CARTESIAN_POINT('',(0.0151438054292725,-0.0196213236111111,0.00874328014114582));
#9370=CARTESIAN_POINT('',(0.0100958702861817,-0.0197095180555556,0.0174865602822916));
#9371=CARTESIAN_POINT('',(0.,-0.0197977125,0.0174865602822917));
#9372=CARTESIAN_POINT('',(-0.0100958702861817,-0.0198859069444445,0.0174865602822916));
#9373=CARTESIAN_POINT('',(-0.0151438054292725,-0.0199741013888889,0.00874328014114583));
#9374=CARTESIAN_POINT('',(-0.0201917405723634,-0.0200622958333333,1.23638752305793E-18));
#9375=CARTESIAN_POINT('',(-0.0151438054292725,-0.0201504902777778,-0.00874328014114583));
#9376=CARTESIAN_POINT('',(-0.0100958702861817,-0.0202386847222222,-0.0174865602822916));
#9377=CARTESIAN_POINT('',(-2.14148600778057E-18,-0.0203268791666666,-0.0174865602822917));
#9378=CARTESIAN_POINT('',(0.0100958702861817,-0.0204150736111111,-0.0174865602822916));
#9379=CARTESIAN_POINT('',(0.0151438054292725,-0.0205032680555555,-0.00874328014114584));
#9380=CARTESIAN_POINT('',(0.0201917405723634,-0.0205914625,-3.70916256917379E-18));
#9381=CARTESIAN_POINT('',(0.0151438054292725,-0.0206796569444444,0.00874328014114582));
#9382=CARTESIAN_POINT('',(0.0100958702861817,-0.0207678513888889,0.0174865602822916));
#9383=CARTESIAN_POINT('',(0.,-0.0208560458333334,0.0174865602822917));
#9384=CARTESIAN_POINT('',(-0.0100958702861817,-0.0209442402777778,0.0174865602822916));
#9385=CARTESIAN_POINT('',(-0.0151438054292725,-0.0210324347222222,0.00874328014114583));
#9386=CARTESIAN_POINT('',(-0.0201917405723634,-0.0211206291666667,1.23638752305793E-18));
#9387=CARTESIAN_POINT('',(-0.0151438054292725,-0.0212088236111111,-0.00874328014114583));
#9388=CARTESIAN_POINT('',(-0.0100958702861817,-0.0212970180555556,-0.0174865602822916));
#9389=CARTESIAN_POINT('',(-2.14148600778057E-18,-0.0213852125,-0.0174865602822917));
#9390=CARTESIAN_POINT('',(0.0100958702861817,-0.0214734069444444,-0.0174865602822916));
#9391=CARTESIAN_POINT('',(0.0151438054292725,-0.0215616013888889,-0.00874328014114584));
#9392=CARTESIAN_POINT('',(0.0201917405723634,-0.0216497958333333,-3.70916256917379E-18));
#9393=CARTESIAN_POINT('',(0.0151438054292725,-0.0217379902777778,0.00874328014114582));
#9394=CARTESIAN_POINT('',(0.0100958702861817,-0.0218261847222222,0.0174865602822916));
#9395=CARTESIAN_POINT('',(0.,-0.0219143791666667,0.0174865602822917));
#9396=CARTESIAN_POINT('',(-0.0100958702861817,-0.0220025736111111,0.0174865602822916));
#9397=CARTESIAN_POINT('',(-0.0151438054292725,-0.0220907680555555,0.00874328014114583));
#9398=CARTESIAN_POINT('',(-0.0201917405723634,-0.0221789625,1.23638752305793E-18));
#9399=CARTESIAN_POINT('',(-0.0151438054292725,-0.0222671569444445,-0.00874328014114583));
#9400=CARTESIAN_POINT('',(-0.0100958702861817,-0.0223553513888889,-0.0174865602822916));
#9401=CARTESIAN_POINT('',(-2.14148600778057E-18,-0.0224435458333333,-0.0174865602822917));
#9402=CARTESIAN_POINT('',(0.0100958702861817,-0.0225317402777778,-0.0174865602822916));
#9403=CARTESIAN_POINT('',(0.0151438054292725,-0.0226199347222222,-0.00874328014114584));
#9404=CARTESIAN_POINT('',(0.0201917405723634,-0.0227081291666667,-3.70916256917379E-18));
#9405=CARTESIAN_POINT('',(0.0151438054292725,-0.0227963236111111,0.00874328014114582));
#9406=CARTESIAN_POINT('',(0.0100958702861817,-0.0228845180555556,0.0174865602822916));
#9407=CARTESIAN_POINT('',(0.,-0.0229727125,0.0174865602822917));
#9408=CARTESIAN_POINT('',(-0.0100958702861817,-0.0230609069444444,0.0174865602822916));
#9409=CARTESIAN_POINT('',(-0.0151438054292725,-0.0231491013888889,0.00874328014114583));
#9410=CARTESIAN_POINT('',(-0.0201917405723634,-0.0232372958333333,1.23638752305793E-18));
#9411=CARTESIAN_POINT('',(-0.0151438054292725,-0.0233254902777778,-0.00874328014114583));
#9412=CARTESIAN_POINT('',(-0.0100958702861817,-0.0234136847222222,-0.0174865602822916));
#9413=CARTESIAN_POINT('',(-2.14148600778057E-18,-0.0235018791666667,-0.0174865602822917));
#9414=CARTESIAN_POINT('',(0.0100958702861817,-0.0235900736111111,-0.0174865602822916));
#9415=CARTESIAN_POINT('',(0.0151438054292725,-0.0236782680555555,-0.00874328014114584));
#9416=CARTESIAN_POINT('',(0.0201917405723634,-0.0237664625,-3.70916256917379E-18));
#9417=CARTESIAN_POINT('',(0.0151438054292725,-0.0238546569444445,0.00874328014114582));
#9418=CARTESIAN_POINT('',(0.0100958702861817,-0.0239428513888889,0.0174865602822916));
#9419=CARTESIAN_POINT('',(0.,-0.0240310458333334,0.0174865602822917));
#9420=CARTESIAN_POINT('',(-0.0100958702861817,-0.0241192402777778,0.0174865602822916));
#9421=CARTESIAN_POINT('',(-0.0151438054292725,-0.0242074347222222,0.00874328014114583));
#9422=CARTESIAN_POINT('',(-0.0201917405723634,-0.0242956291666667,1.23638752305793E-18));
#9423=CARTESIAN_POINT('',(-0.0151438054292725,-0.0243838236111111,-0.00874328014114583));
#9424=CARTESIAN_POINT('',(-0.0100958702861817,-0.0244720180555556,-0.0174865602822916));
#9425=CARTESIAN_POINT('',(-2.14148600778057E-18,-0.0245602125,-0.0174865602822917));
#9426=CARTESIAN_POINT('',(0.0100958702861817,-0.0246484069444444,-0.0174865602822916));
#9427=CARTESIAN_POINT('',(0.0151438054292725,-0.0247366013888889,-0.00874328014114584));
#9428=CARTESIAN_POINT('',(0.0201917405723634,-0.0248247958333333,-3.70916256917379E-18));
#9429=CARTESIAN_POINT('',(0.0151438054292725,-0.0249129902777778,0.00874328014114582));
#9430=CARTESIAN_POINT('',(0.0100958702861817,-0.0250011847222222,0.0174865602822916));
#9431=CARTESIAN_POINT('',(0.,-0.0250893791666667,0.0174865602822917));
#9432=CARTESIAN_POINT('',(-0.0100958702861817,-0.0251775736111111,0.0174865602822916));
#9433=CARTESIAN_POINT('',(-0.0151438054292725,-0.0252657680555556,0.00874328014114583));
#9434=CARTESIAN_POINT('',(-0.0201917405723634,-0.0253539625,1.23638752305793E-18));
#9435=CARTESIAN_POINT('',(-0.0151438054292725,-0.0254421569444445,-0.00874328014114583));
#9436=CARTESIAN_POINT('',(-0.0100958702861817,-0.0255303513888889,-0.0174865602822916));
#9437=CARTESIAN_POINT('',(-2.14148600778057E-18,-0.0256185458333333,-0.0174865602822917));
#9438=CARTESIAN_POINT('',(0.0100958702861817,-0.0257067402777778,-0.0174865602822916));
#9439=CARTESIAN_POINT('',(0.0151438054292725,-0.0257949347222222,-0.00874328014114584));
#9440=CARTESIAN_POINT('',(0.0201917405723634,-0.0258831291666667,-3.70916256917379E-18));
#9441=CARTESIAN_POINT('',(0.0151438054292725,-0.0259713236111111,0.00874328014114582));
#9442=CARTESIAN_POINT('',(0.0100958702861817,-0.0260595180555556,0.0174865602822916));
#9443=CARTESIAN_POINT('',(0.,-0.0261477125,0.0174865602822917));
#9444=CARTESIAN_POINT('',(-0.0100958702861817,-0.0262359069444444,0.0174865602822916));
#9445=CARTESIAN_POINT('',(-0.0151438054292725,-0.0263241013888889,0.00874328014114583));
#9446=CARTESIAN_POINT('',(-0.0201917405723634,-0.0264122958333333,1.23638752305793E-18));
#9447=CARTESIAN_POINT('',(-0.0151438054292725,-0.0265004902777778,-0.00874328014114583));
#9448=CARTESIAN_POINT('',(-0.0100958702861817,-0.0265886847222222,-0.0174865602822916));
#9449=CARTESIAN_POINT('',(-2.14148600778057E-18,-0.0266768791666666,-0.0174865602822917));
#9450=CARTESIAN_POINT('',(0.0100958702861817,-0.0267650736111111,-0.0174865602822916));
#9451=CARTESIAN_POINT('',(0.0151438054292725,-0.0268532680555555,-0.00874328014114584));
#9452=CARTESIAN_POINT('',(0.0194048695018318,-0.0269277147685122,-0.00136290067316685));
#9453=CARTESIAN_POINT('',(0.0162172709782693,-0.0270074386214829,0.00654063548316237));
#9454=CARTESIAN_POINT('',(0.,-0.0174164625,0.0174865602822917));
#9455=CARTESIAN_POINT('',(-0.0100958702861817,-0.0175046569444445,0.0174865602822916));
#9456=CARTESIAN_POINT('',(-0.0151438054292725,-0.0175928513888889,0.00874328014114583));
#9457=CARTESIAN_POINT('',(-0.0201917405723634,-0.0176810458333333,1.23638752305793E-18));
#9458=CARTESIAN_POINT('',(-0.0151438054292725,-0.0177692402777778,-0.00874328014114583));
#9459=CARTESIAN_POINT('',(-0.0100958702861817,-0.0178574347222222,-0.0174865602822916));
#9460=CARTESIAN_POINT('',(-2.14148600778057E-18,-0.0179456291666667,-0.0174865602822917));
#9461=CARTESIAN_POINT('',(0.0100958702861817,-0.0180338236111111,-0.0174865602822916));
#9462=CARTESIAN_POINT('',(0.0151438054292725,-0.0181220180555555,-0.00874328014114584));
#9463=CARTESIAN_POINT('',(0.0201917405723634,-0.0182102125,-3.70916256917379E-18));
#9464=CARTESIAN_POINT('',(0.0151438054292725,-0.0182984069444444,0.00874328014114582));
#9465=CARTESIAN_POINT('',(0.0100958702861817,-0.0183866013888889,0.0174865602822916));
#9466=CARTESIAN_POINT('',(4.28297201556114E-18,-0.0184747958333334,0.0174865602822917));
#9467=CARTESIAN_POINT('',(-0.0100958702861817,-0.0185629902777778,0.0174865602822916));
#9468=CARTESIAN_POINT('',(-0.0151438054292725,-0.0186511847222222,0.00874328014114584));
#9469=CARTESIAN_POINT('',(-0.0201917405723634,-0.0187393791666667,2.41158058478463E-17));
#9470=CARTESIAN_POINT('',(-0.0151438054292725,-0.0188275736111111,-0.00874328014114582));
#9471=CARTESIAN_POINT('',(-0.0100958702861817,-0.0189157680555556,-0.0174865602822916));
#9472=CARTESIAN_POINT('',(-6.42445802334171E-18,-0.0190039625,-0.0174865602822917));
#9473=CARTESIAN_POINT('',(0.0100958702861817,-0.0190921569444445,-0.0174865602822916));
#9474=CARTESIAN_POINT('',(0.0151438054292725,-0.0191803513888889,-0.00874328014114585));
#9475=CARTESIAN_POINT('',(0.0201917405723634,-0.0192685458333333,-8.6547126614055E-18));
#9476=CARTESIAN_POINT('',(0.0151438054292725,-0.0193567402777778,0.00874328014114581));
#9477=CARTESIAN_POINT('',(0.0100958702861817,-0.0194449347222222,0.0174865602822916));
#9478=CARTESIAN_POINT('',(8.56594403112229E-18,-0.0195331291666666,0.0174865602822917));
#9479=CARTESIAN_POINT('',(-0.0100958702861817,-0.0196213236111111,0.0174865602822916));
#9480=CARTESIAN_POINT('',(-0.0151438054292725,-0.0197095180555555,0.00874328014114586));
#9481=CARTESIAN_POINT('',(-0.0201917405723634,-0.0197977125,4.69952241726346E-17));
#9482=CARTESIAN_POINT('',(-0.0151438054292725,-0.0198859069444444,-0.00874328014114581));
#9483=CARTESIAN_POINT('',(-0.0100958702861817,-0.0199741013888889,-0.0174865602822916));
#9484=CARTESIAN_POINT('',(-4.17698009939364E-17,-0.0200622958333334,-0.0174865602822917));
#9485=CARTESIAN_POINT('',(0.0100958702861817,-0.0201504902777778,-0.0174865602822916));
#9486=CARTESIAN_POINT('',(0.0151438054292725,-0.0202386847222223,-0.00874328014114586));
#9487=CARTESIAN_POINT('',(0.0201917405723634,-0.0203268791666667,-4.94679992187505E-17));
#9488=CARTESIAN_POINT('',(0.0151438054292726,-0.0204150736111111,0.00874328014114578));
#9489=CARTESIAN_POINT('',(0.0100958702861818,-0.0205032680555556,0.0174865602822916));
#9490=CARTESIAN_POINT('',(1.28489160466834E-17,-0.0205914625,0.0174865602822917));
#9491=CARTESIAN_POINT('',(-0.0100958702861817,-0.0206796569444445,0.0174865602822916));
#9492=CARTESIAN_POINT('',(-0.0151438054292725,-0.0207678513888889,0.00874328014114586));
#9493=CARTESIAN_POINT('',(-0.0201917405723634,-0.0208560458333333,5.19407742648664E-17));
#9494=CARTESIAN_POINT('',(-0.0151438054292726,-0.0209442402777778,-0.00874328014114578));
#9495=CARTESIAN_POINT('',(-0.0100958702861818,-0.0210324347222222,-0.0174865602822916));
#9496=CARTESIAN_POINT('',(-1.4990402054464E-17,-0.0211206291666667,-0.0174865602822917));
#9497=CARTESIAN_POINT('',(0.0100958702861817,-0.0212088236111111,-0.0174865602822916));
#9498=CARTESIAN_POINT('',(0.0151438054292725,-0.0212970180555556,-0.00874328014114586));
#9499=CARTESIAN_POINT('',(0.0201917405723634,-0.0213852125,-5.44135493109823E-17));
#9500=CARTESIAN_POINT('',(0.0151438054292726,-0.0214734069444444,0.00874328014114578));
#9501=CARTESIAN_POINT('',(0.0100958702861818,-0.0215616013888889,0.0174865602822916));
#9502=CARTESIAN_POINT('',(1.71318880622445E-17,-0.0216497958333333,0.0174865602822917));
#9503=CARTESIAN_POINT('',(-0.0100958702861817,-0.0217379902777778,0.0174865602822916));
#9504=CARTESIAN_POINT('',(-0.0151438054292725,-0.0218261847222222,0.00874328014114586));
#9505=CARTESIAN_POINT('',(-0.0201917405723634,-0.0219143791666667,5.6886324357098E-17));
#9506=CARTESIAN_POINT('',(-0.0151438054292726,-0.0220025736111111,-0.00874328014114578));
#9507=CARTESIAN_POINT('',(-0.0100958702861818,-0.0220907680555556,-0.0174865602822916));
#9508=CARTESIAN_POINT('',(-8.13981159800923E-17,-0.0221789625,-0.0174865602822917));
#9509=CARTESIAN_POINT('',(0.0100958702861817,-0.0222671569444445,-0.0174865602822916));
#9510=CARTESIAN_POINT('',(0.0151438054292725,-0.0223553513888889,-0.00874328014114586));
#9511=CARTESIAN_POINT('',(0.0201917405723634,-0.0224435458333333,-5.93590994032139E-17));
#9512=CARTESIAN_POINT('',(0.0151438054292726,-0.0225317402777778,0.00874328014114578));
#9513=CARTESIAN_POINT('',(0.0100958702861818,-0.0226199347222222,0.0174865602822916));
#9514=CARTESIAN_POINT('',(8.35396019878728E-17,-0.0227081291666666,0.0174865602822917));
#9515=CARTESIAN_POINT('',(-0.0100958702861817,-0.0227963236111111,0.0174865602822917));
#9516=CARTESIAN_POINT('',(-0.0151438054292725,-0.0228845180555555,0.00874328014114587));
#9517=CARTESIAN_POINT('',(-0.0201917405723634,-0.0229727125,1.33567347379556E-16));
#9518=CARTESIAN_POINT('',(-0.0151438054292726,-0.0230609069444445,-0.00874328014114577));
#9519=CARTESIAN_POINT('',(-0.0100958702861817,-0.0231491013888889,-0.0174865602822916));
#9520=CARTESIAN_POINT('',(-8.56810879956534E-17,-0.0232372958333333,-0.0174865602822917));
#9521=CARTESIAN_POINT('',(0.0100958702861817,-0.0233254902777778,-0.0174865602822917));
#9522=CARTESIAN_POINT('',(0.0151438054292725,-0.0234136847222222,-0.00874328014114592));
#9523=CARTESIAN_POINT('',(0.0201917405723634,-0.0235018791666667,-6.43046494954457E-17));
#9524=CARTESIAN_POINT('',(0.0151438054292727,-0.0235900736111111,0.00874328014114572));
#9525=CARTESIAN_POINT('',(0.0100958702861818,-0.0236782680555556,0.0174865602822916));
#9526=CARTESIAN_POINT('',(2.56978320933668E-17,-0.0237664625,0.0174865602822917));
#9527=CARTESIAN_POINT('',(-0.0100958702861816,-0.0238546569444444,0.0174865602822917));
#9528=CARTESIAN_POINT('',(-0.0151438054292725,-0.0239428513888889,0.00874328014114587));
#9529=CARTESIAN_POINT('',(-0.0201917405723634,-0.0240310458333333,1.38512897471788E-16));
#9530=CARTESIAN_POINT('',(-0.0151438054292726,-0.0241192402777778,-0.00874328014114577));
#9531=CARTESIAN_POINT('',(-0.0100958702861817,-0.0242074347222222,-0.0174865602822916));
#9532=CARTESIAN_POINT('',(-8.99640600112146E-17,-0.0242956291666667,-0.0174865602822917));
#9533=CARTESIAN_POINT('',(0.0100958702861817,-0.0243838236111111,-0.0174865602822917));
#9534=CARTESIAN_POINT('',(0.0151438054292725,-0.0244720180555556,-0.00874328014114593));
#9535=CARTESIAN_POINT('',(0.0201917405723634,-0.0245602125,-6.92501995876774E-17));
#9536=CARTESIAN_POINT('',(0.0151438054292727,-0.0246484069444445,0.00874328014114571));
#9537=CARTESIAN_POINT('',(0.0100958702861818,-0.0247366013888889,0.0174865602822916));
#9538=CARTESIAN_POINT('',(2.9980804108928E-17,-0.0248247958333334,0.0174865602822917));
#9539=CARTESIAN_POINT('',(-0.0100958702861816,-0.0249129902777778,0.0174865602822917));
#9540=CARTESIAN_POINT('',(-0.0151438054292725,-0.0250011847222222,0.00874328014114587));
#9541=CARTESIAN_POINT('',(-0.0201917405723634,-0.0250893791666667,1.4345844756402E-16));
#9542=CARTESIAN_POINT('',(-0.0151438054292726,-0.0251775736111111,-0.00874328014114577));
#9543=CARTESIAN_POINT('',(-0.0100958702861818,-0.0252657680555556,-0.0174865602822916));
#9544=CARTESIAN_POINT('',(-9.42470320267757E-17,-0.0253539625,-0.0174865602822917));
#9545=CARTESIAN_POINT('',(0.0100958702861817,-0.0254421569444444,-0.0174865602822917));
#9546=CARTESIAN_POINT('',(0.0151438054292725,-0.0255303513888889,-0.00874328014114593));
#9547=CARTESIAN_POINT('',(0.0201917405723634,-0.0256185458333333,-7.4195749679909E-17));
#9548=CARTESIAN_POINT('',(0.0151438054292727,-0.0257067402777778,0.00874328014114571));
#9549=CARTESIAN_POINT('',(0.0100958702861818,-0.0257949347222222,0.0174865602822916));
#9550=CARTESIAN_POINT('',(3.42637761244891E-17,-0.0258831291666667,0.0174865602822917));
#9551=CARTESIAN_POINT('',(-0.0100958702861816,-0.0259713236111111,0.0174865602822917));
#9552=CARTESIAN_POINT('',(-0.0151438054292725,-0.0260595180555556,0.00874328014114588));
#9553=CARTESIAN_POINT('',(-0.0201917405723634,-0.0261477125,1.48403997656251E-16));
#9554=CARTESIAN_POINT('',(-0.0151438054292726,-0.0262359069444445,-0.00874328014114576));
#9555=CARTESIAN_POINT('',(-0.0100958702861819,-0.0263241013888889,-0.0174865602822916));
#9556=CARTESIAN_POINT('',(-9.85300040423368E-17,-0.0264122958333333,-0.0174865602822917));
#9557=CARTESIAN_POINT('',(0.0100958702861817,-0.0265004902777778,-0.0174865602822917));
#9558=CARTESIAN_POINT('',(0.0151438054292725,-0.0265886847222222,-0.00874328014114593));
#9559=CARTESIAN_POINT('',(0.0201917405723634,-0.0266768791666667,-7.91412997721408E-17));
#9560=CARTESIAN_POINT('',(0.0151438054292727,-0.0267650736111111,0.00874328014114571));
#9561=CARTESIAN_POINT('',(0.0100958702861818,-0.0268532680555555,0.0174865602822916));
#9562=CARTESIAN_POINT('',(1.62796231960184E-16,-0.0269414625,0.0174865602822917));
#9563=CARTESIAN_POINT('',(-0.0100958702861816,-0.0270296569444444,0.0174865602822917));
#9564=CARTESIAN_POINT('',(-0.0151438054292725,-0.0271178513888889,0.00874328014114588));
#9565=CARTESIAN_POINT('',(-0.0201917405723634,-0.0272060458333333,1.53349547748483E-16));
#9566=CARTESIAN_POINT('',(-0.0151438054292726,-0.0272942402777778,-0.00874328014114576));
#9567=CARTESIAN_POINT('',(-0.0100958702861819,-0.0273824347222222,-0.0174865602822916));
#9568=CARTESIAN_POINT('',(-1.02812976057898E-16,-0.0274706291666667,-0.0174865602822917));
#9569=CARTESIAN_POINT('',(0.0100958702861815,-0.0275588236111111,-0.0174865602822918));
#9570=CARTESIAN_POINT('',(0.0151438054292725,-0.0276470180555555,-0.00874328014114594));
#9571=CARTESIAN_POINT('',(0.0201917405723634,-0.0277352125,-8.40868498643725E-17));
#9572=CARTESIAN_POINT('',(0.0151438054292727,-0.0278234069444445,0.0087432801411457));
#9573=CARTESIAN_POINT('',(0.0100958702861818,-0.0279116013888889,0.0174865602822916));
#9574=CARTESIAN_POINT('',(1.67079203975746E-16,-0.0279997958333334,0.0174865602822917));
#9575=CARTESIAN_POINT('',(-0.0100958702861816,-0.0280879902777778,0.0174865602822917));
#9576=CARTESIAN_POINT('',(-0.0151438054292725,-0.0281761847222222,0.00874328014114588));
#9577=CARTESIAN_POINT('',(-0.0201917405723634,-0.0282643791666667,1.58295097840715E-16));
#9578=CARTESIAN_POINT('',(-0.0151438054292726,-0.0283525736111111,-0.00874328014114575));
#9579=CARTESIAN_POINT('',(-0.0100958702861817,-0.0284407680555555,-0.0174865602822916));
#9580=CARTESIAN_POINT('',(-2.31345431893593E-16,-0.0285289625,-0.0174865602822917));
#9581=CARTESIAN_POINT('',(0.0100958702861815,-0.0286171569444444,-0.0174865602822918));
#9582=CARTESIAN_POINT('',(0.0151438054292725,-0.0287053513888889,-0.00874328014114594));
#9583=CARTESIAN_POINT('',(0.0201917405723634,-0.0287935458333333,-8.90323999566043E-17));
#9584=CARTESIAN_POINT('',(0.0151438054292725,-0.0288817402777778,0.00874328014114581));
#9585=CARTESIAN_POINT('',(0.0100958702861819,-0.0289699347222222,0.0174865602822915));
#9586=CARTESIAN_POINT('',(1.71362175991307E-16,-0.0290581291666667,0.0174865602822917));
#9587=CARTESIAN_POINT('',(0.,-0.0176810458333333,0.0174865602822917));
#9588=CARTESIAN_POINT('',(-0.0100958702861817,-0.0177692402777778,0.0174865602822916));
#9589=CARTESIAN_POINT('',(-0.0151438054292725,-0.0178574347222222,0.00874328014114583));
#9590=CARTESIAN_POINT('',(-0.0201917405723634,-0.0179456291666667,1.23638752305793E-18));
#9591=CARTESIAN_POINT('',(-0.0151438054292725,-0.0180338236111111,-0.00874328014114583));
#9592=CARTESIAN_POINT('',(-0.0100958702861817,-0.0181220180555556,-0.0174865602822916));
#9593=CARTESIAN_POINT('',(-2.14148600778057E-18,-0.0182102125,-0.0174865602822917));
#9594=CARTESIAN_POINT('',(0.0100958702861817,-0.0182984069444445,-0.0174865602822916));
#9595=CARTESIAN_POINT('',(0.0151438054292725,-0.0183866013888889,-0.00874328014114584));
#9596=CARTESIAN_POINT('',(0.0201917405723634,-0.0184747958333333,-3.70916256917379E-18));
#9597=CARTESIAN_POINT('',(0.0151438054292725,-0.0185629902777778,0.00874328014114582));
#9598=CARTESIAN_POINT('',(0.0100958702861817,-0.0186511847222222,0.0174865602822916));
#9599=CARTESIAN_POINT('',(4.28297201556114E-18,-0.0187393791666666,0.0174865602822917));
#9600=CARTESIAN_POINT('',(-0.0100958702861817,-0.0188275736111111,0.0174865602822916));
#9601=CARTESIAN_POINT('',(-0.0151438054292725,-0.0189157680555555,0.00874328014114584));
#9602=CARTESIAN_POINT('',(-0.0201917405723634,-0.0190039625,2.41158058478463E-17));
#9603=CARTESIAN_POINT('',(-0.0151438054292725,-0.0190921569444444,-0.00874328014114582));
#9604=CARTESIAN_POINT('',(-0.0100958702861817,-0.0191803513888889,-0.0174865602822916));
#9605=CARTESIAN_POINT('',(-6.42445802334171E-18,-0.0192685458333334,-0.0174865602822917));
#9606=CARTESIAN_POINT('',(0.0100958702861817,-0.0193567402777778,-0.0174865602822916));
#9607=CARTESIAN_POINT('',(0.0151438054292725,-0.0194449347222222,-0.00874328014114585));
#9608=CARTESIAN_POINT('',(0.0201917405723634,-0.0195331291666667,-8.6547126614055E-18));
#9609=CARTESIAN_POINT('',(0.0151438054292725,-0.0196213236111111,0.00874328014114581));
#9610=CARTESIAN_POINT('',(0.0100958702861817,-0.0197095180555556,0.0174865602822916));
#9611=CARTESIAN_POINT('',(8.56594403112229E-18,-0.0197977125,0.0174865602822917));
#9612=CARTESIAN_POINT('',(-0.0100958702861817,-0.0198859069444445,0.0174865602822916));
#9613=CARTESIAN_POINT('',(-0.0151438054292725,-0.0199741013888889,0.00874328014114586));
#9614=CARTESIAN_POINT('',(-0.0201917405723634,-0.0200622958333333,4.69952241726346E-17));
#9615=CARTESIAN_POINT('',(-0.0151438054292725,-0.0201504902777778,-0.00874328014114581));
#9616=CARTESIAN_POINT('',(-0.0100958702861817,-0.0202386847222222,-0.0174865602822916));
#9617=CARTESIAN_POINT('',(-4.17698009939364E-17,-0.0203268791666666,-0.0174865602822917));
#9618=CARTESIAN_POINT('',(0.0100958702861817,-0.0204150736111111,-0.0174865602822916));
#9619=CARTESIAN_POINT('',(0.0151438054292725,-0.0205032680555555,-0.00874328014114586));
#9620=CARTESIAN_POINT('',(0.0201917405723634,-0.0205914625,-4.94679992187505E-17));
#9621=CARTESIAN_POINT('',(0.0151438054292726,-0.0206796569444444,0.00874328014114578));
#9622=CARTESIAN_POINT('',(0.0100958702861818,-0.0207678513888889,0.0174865602822916));
#9623=CARTESIAN_POINT('',(1.28489160466834E-17,-0.0208560458333334,0.0174865602822917));
#9624=CARTESIAN_POINT('',(-0.0100958702861817,-0.0209442402777778,0.0174865602822916));
#9625=CARTESIAN_POINT('',(-0.0151438054292725,-0.0210324347222222,0.00874328014114586));
#9626=CARTESIAN_POINT('',(-0.0201917405723634,-0.0211206291666667,5.19407742648664E-17));
#9627=CARTESIAN_POINT('',(-0.0151438054292726,-0.0212088236111111,-0.00874328014114578));
#9628=CARTESIAN_POINT('',(-0.0100958702861818,-0.0212970180555556,-0.0174865602822916));
#9629=CARTESIAN_POINT('',(-1.4990402054464E-17,-0.0213852125,-0.0174865602822917));
#9630=CARTESIAN_POINT('',(0.0100958702861817,-0.0214734069444444,-0.0174865602822916));
#9631=CARTESIAN_POINT('',(0.0151438054292725,-0.0215616013888889,-0.00874328014114586));
#9632=CARTESIAN_POINT('',(0.0201917405723634,-0.0216497958333333,-5.44135493109823E-17));
#9633=CARTESIAN_POINT('',(0.0151438054292726,-0.0217379902777778,0.00874328014114578));
#9634=CARTESIAN_POINT('',(0.0100958702861818,-0.0218261847222222,0.0174865602822916));
#9635=CARTESIAN_POINT('',(1.71318880622445E-17,-0.0219143791666667,0.0174865602822917));
#9636=CARTESIAN_POINT('',(-0.0100958702861817,-0.0220025736111111,0.0174865602822916));
#9637=CARTESIAN_POINT('',(-0.0151438054292725,-0.0220907680555555,0.00874328014114586));
#9638=CARTESIAN_POINT('',(-0.0201917405723634,-0.0221789625,5.6886324357098E-17));
#9639=CARTESIAN_POINT('',(-0.0151438054292726,-0.0222671569444445,-0.00874328014114578));
#9640=CARTESIAN_POINT('',(-0.0100958702861818,-0.0223553513888889,-0.0174865602822916));
#9641=CARTESIAN_POINT('',(-8.13981159800923E-17,-0.0224435458333333,-0.0174865602822917));
#9642=CARTESIAN_POINT('',(0.0100958702861817,-0.0225317402777778,-0.0174865602822916));
#9643=CARTESIAN_POINT('',(0.0151438054292725,-0.0226199347222222,-0.00874328014114586));
#9644=CARTESIAN_POINT('',(0.0201917405723634,-0.0227081291666667,-5.93590994032139E-17));
#9645=CARTESIAN_POINT('',(0.0151438054292726,-0.0227963236111111,0.00874328014114578));
#9646=CARTESIAN_POINT('',(0.0100958702861818,-0.0228845180555556,0.0174865602822916));
#9647=CARTESIAN_POINT('',(8.35396019878728E-17,-0.0229727125,0.0174865602822917));
#9648=CARTESIAN_POINT('',(-0.0100958702861817,-0.0230609069444444,0.0174865602822917));
#9649=CARTESIAN_POINT('',(-0.0151438054292725,-0.0231491013888889,0.00874328014114587));
#9650=CARTESIAN_POINT('',(-0.0201917405723634,-0.0232372958333333,1.33567347379556E-16));
#9651=CARTESIAN_POINT('',(-0.0151438054292726,-0.0233254902777778,-0.00874328014114577));
#9652=CARTESIAN_POINT('',(-0.0100958702861817,-0.0234136847222222,-0.0174865602822916));
#9653=CARTESIAN_POINT('',(-8.56810879956534E-17,-0.0235018791666667,-0.0174865602822917));
#9654=CARTESIAN_POINT('',(0.0100958702861817,-0.0235900736111111,-0.0174865602822917));
#9655=CARTESIAN_POINT('',(0.0151438054292725,-0.0236782680555555,-0.00874328014114592));
#9656=CARTESIAN_POINT('',(0.0201917405723634,-0.0237664625,-6.43046494954457E-17));
#9657=CARTESIAN_POINT('',(0.0151438054292727,-0.0238546569444445,0.00874328014114572));
#9658=CARTESIAN_POINT('',(0.0100958702861818,-0.0239428513888889,0.0174865602822916));
#9659=CARTESIAN_POINT('',(2.56978320933668E-17,-0.0240310458333334,0.0174865602822917));
#9660=CARTESIAN_POINT('',(-0.0100958702861816,-0.0241192402777778,0.0174865602822917));
#9661=CARTESIAN_POINT('',(-0.0151438054292725,-0.0242074347222222,0.00874328014114587));
#9662=CARTESIAN_POINT('',(-0.0201917405723634,-0.0242956291666667,1.38512897471788E-16));
#9663=CARTESIAN_POINT('',(-0.0151438054292726,-0.0243838236111111,-0.00874328014114577));
#9664=CARTESIAN_POINT('',(-0.0100958702861817,-0.0244720180555556,-0.0174865602822916));
#9665=CARTESIAN_POINT('',(-8.99640600112146E-17,-0.0245602125,-0.0174865602822917));
#9666=CARTESIAN_POINT('',(0.0100958702861817,-0.0246484069444444,-0.0174865602822917));
#9667=CARTESIAN_POINT('',(0.0151438054292725,-0.0247366013888889,-0.00874328014114593));
#9668=CARTESIAN_POINT('',(0.0201917405723634,-0.0248247958333333,-6.92501995876774E-17));
#9669=CARTESIAN_POINT('',(0.0151438054292727,-0.0249129902777778,0.00874328014114571));
#9670=CARTESIAN_POINT('',(0.0100958702861818,-0.0250011847222222,0.0174865602822916));
#9671=CARTESIAN_POINT('',(2.9980804108928E-17,-0.0250893791666667,0.0174865602822917));
#9672=CARTESIAN_POINT('',(-0.0100958702861816,-0.0251775736111111,0.0174865602822917));
#9673=CARTESIAN_POINT('',(-0.0151438054292725,-0.0252657680555556,0.00874328014114587));
#9674=CARTESIAN_POINT('',(-0.0201917405723634,-0.0253539625,1.4345844756402E-16));
#9675=CARTESIAN_POINT('',(-0.0151438054292726,-0.0254421569444445,-0.00874328014114577));
#9676=CARTESIAN_POINT('',(-0.0100958702861818,-0.0255303513888889,-0.0174865602822916));
#9677=CARTESIAN_POINT('',(-9.42470320267757E-17,-0.0256185458333333,-0.0174865602822917));
#9678=CARTESIAN_POINT('',(0.0100958702861817,-0.0257067402777778,-0.0174865602822917));
#9679=CARTESIAN_POINT('',(0.0151438054292725,-0.0257949347222222,-0.00874328014114593));
#9680=CARTESIAN_POINT('',(0.0201917405723634,-0.0258831291666667,-7.4195749679909E-17));
#9681=CARTESIAN_POINT('',(0.0151438054292727,-0.0259713236111111,0.00874328014114571));
#9682=CARTESIAN_POINT('',(0.0100958702861818,-0.0260595180555556,0.0174865602822916));
#9683=CARTESIAN_POINT('',(3.42637761244891E-17,-0.0261477125,0.0174865602822917));
#9684=CARTESIAN_POINT('',(-0.0100958702861816,-0.0262359069444444,0.0174865602822917));
#9685=CARTESIAN_POINT('',(-0.0151438054292725,-0.0263241013888889,0.00874328014114588));
#9686=CARTESIAN_POINT('',(-0.0201917405723634,-0.0264122958333333,1.48403997656251E-16));
#9687=CARTESIAN_POINT('',(-0.0151438054292726,-0.0265004902777778,-0.00874328014114576));
#9688=CARTESIAN_POINT('',(-0.0100958702861819,-0.0265886847222222,-0.0174865602822916));
#9689=CARTESIAN_POINT('',(-9.85300040423368E-17,-0.0266768791666666,-0.0174865602822917));
#9690=CARTESIAN_POINT('',(0.0100958702861817,-0.0267650736111111,-0.0174865602822917));
#9691=CARTESIAN_POINT('',(0.0151438054292725,-0.0268532680555555,-0.00874328014114593));
#9692=CARTESIAN_POINT('',(0.0201917405723634,-0.0269414625,-7.91412997721408E-17));
#9693=CARTESIAN_POINT('',(0.0151438054292727,-0.0270296569444445,0.00874328014114571));
#9694=CARTESIAN_POINT('',(0.0100958702861818,-0.0271178513888889,0.0174865602822916));
#9695=CARTESIAN_POINT('',(1.62796231960184E-16,-0.0272060458333333,0.0174865602822917));
#9696=CARTESIAN_POINT('',(-0.0100958702861816,-0.0272942402777778,0.0174865602822917));
#9697=CARTESIAN_POINT('',(-0.0151438054292725,-0.0273824347222222,0.00874328014114588));
#9698=CARTESIAN_POINT('',(-0.0201917405723634,-0.0274706291666667,1.53349547748483E-16));
#9699=CARTESIAN_POINT('',(-0.0151438054292726,-0.0275588236111111,-0.00874328014114576));
#9700=CARTESIAN_POINT('',(-0.0100958702861819,-0.0276470180555555,-0.0174865602822916));
#9701=CARTESIAN_POINT('',(-1.02812976057898E-16,-0.0277352125,-0.0174865602822917));
#9702=CARTESIAN_POINT('',(0.0100958702861815,-0.0278234069444444,-0.0174865602822918));
#9703=CARTESIAN_POINT('',(0.0151438054292725,-0.0279116013888889,-0.00874328014114594));
#9704=CARTESIAN_POINT('',(0.0201917405723634,-0.0279997958333333,-8.40868498643725E-17));
#9705=CARTESIAN_POINT('',(0.0151438054292727,-0.0280879902777778,0.0087432801411457));
#9706=CARTESIAN_POINT('',(0.0100958702861818,-0.0281761847222222,0.0174865602822916));
#9707=CARTESIAN_POINT('',(1.67079203975746E-16,-0.0282643791666667,0.0174865602822917));
#9708=CARTESIAN_POINT('',(-0.0100958702861816,-0.0283525736111111,0.0174865602822917));
#9709=CARTESIAN_POINT('',(-0.0151438054292725,-0.0284407680555556,0.00874328014114588));
#9710=CARTESIAN_POINT('',(-0.0201917405723634,-0.0285289625,1.58295097840715E-16));
#9711=CARTESIAN_POINT('',(-0.0151438054292726,-0.0286171569444445,-0.00874328014114575));
#9712=CARTESIAN_POINT('',(-0.0100958702861817,-0.0287053513888889,-0.0174865602822916));
#9713=CARTESIAN_POINT('',(-2.31345431893593E-16,-0.0287935458333334,-0.0174865602822917));
#9714=CARTESIAN_POINT('',(0.0100958702861815,-0.0288817402777778,-0.0174865602822918));
#9715=CARTESIAN_POINT('',(0.0151438054292725,-0.0289699347222223,-0.00874328014114594));
#9716=CARTESIAN_POINT('',(0.0201917405723634,-0.0290581291666667,-8.90323999566043E-17));
#9717=CARTESIAN_POINT('',(0.0151438054292725,-0.0291463236111111,0.00874328014114581));
#9718=CARTESIAN_POINT('',(0.0100958702861819,-0.0292345180555555,0.0174865602822915));
#9719=CARTESIAN_POINT('',(1.71362175991307E-16,-0.0293227125,0.0174865602822917));
#9720=CARTESIAN_POINT('',(-0.0082642324542023,-0.0188220439134354,0.0154104591900803));
#9721=CARTESIAN_POINT('',(-0.0126535063932664,-0.0188722590694542,0.0130566045975482));
#9722=CARTESIAN_POINT('',(-0.0151438054292725,-0.0189157680555555,0.00874328014114583));
#9723=CARTESIAN_POINT('',(-0.0201917405723634,-0.0190039625,1.23638752305793E-18));
#9724=CARTESIAN_POINT('',(-0.0151438054292725,-0.0190921569444444,-0.00874328014114583));
#9725=CARTESIAN_POINT('',(-0.0100958702861817,-0.0191803513888889,-0.0174865602822916));
#9726=CARTESIAN_POINT('',(-2.14148600778057E-18,-0.0192685458333334,-0.0174865602822917));
#9727=CARTESIAN_POINT('',(0.0100958702861817,-0.0193567402777778,-0.0174865602822916));
#9728=CARTESIAN_POINT('',(0.0151438054292725,-0.0194449347222222,-0.00874328014114584));
#9729=CARTESIAN_POINT('',(0.0201917405723634,-0.0195331291666667,-3.70916256917379E-18));
#9730=CARTESIAN_POINT('',(0.0151438054292725,-0.0196213236111111,0.00874328014114582));
#9731=CARTESIAN_POINT('',(0.0100958702861817,-0.0197095180555556,0.0174865602822916));
#9732=CARTESIAN_POINT('',(0.,-0.0197977125,0.0174865602822917));
#9733=CARTESIAN_POINT('',(-0.0100958702861817,-0.0198859069444445,0.0174865602822916));
#9734=CARTESIAN_POINT('',(-0.0151438054292725,-0.0199741013888889,0.00874328014114583));
#9735=CARTESIAN_POINT('',(-0.0201917405723634,-0.0200622958333333,1.23638752305793E-18));
#9736=CARTESIAN_POINT('',(-0.0151438054292725,-0.0201504902777778,-0.00874328014114583));
#9737=CARTESIAN_POINT('',(-0.0100958702861817,-0.0202386847222222,-0.0174865602822916));
#9738=CARTESIAN_POINT('',(-2.14148600778057E-18,-0.0203268791666666,-0.0174865602822917));
#9739=CARTESIAN_POINT('',(0.0100958702861817,-0.0204150736111111,-0.0174865602822916));
#9740=CARTESIAN_POINT('',(0.0151438054292725,-0.0205032680555555,-0.00874328014114584));
#9741=CARTESIAN_POINT('',(0.0201917405723634,-0.0205914625,-3.70916256917379E-18));
#9742=CARTESIAN_POINT('',(0.0151438054292725,-0.0206796569444444,0.00874328014114582));
#9743=CARTESIAN_POINT('',(0.0100958702861817,-0.0207678513888889,0.0174865602822916));
#9744=CARTESIAN_POINT('',(0.,-0.0208560458333334,0.0174865602822917));
#9745=CARTESIAN_POINT('',(-0.0100958702861817,-0.0209442402777778,0.0174865602822916));
#9746=CARTESIAN_POINT('',(-0.0151438054292725,-0.0210324347222222,0.00874328014114583));
#9747=CARTESIAN_POINT('',(-0.0201917405723634,-0.0211206291666667,1.23638752305793E-18));
#9748=CARTESIAN_POINT('',(-0.0151438054292725,-0.0212088236111111,-0.00874328014114583));
#9749=CARTESIAN_POINT('',(-0.0100958702861817,-0.0212970180555556,-0.0174865602822916));
#9750=CARTESIAN_POINT('',(-2.14148600778057E-18,-0.0213852125,-0.0174865602822917));
#9751=CARTESIAN_POINT('',(0.0100958702861817,-0.0214734069444444,-0.0174865602822916));
#9752=CARTESIAN_POINT('',(0.0151438054292725,-0.0215616013888889,-0.00874328014114584));
#9753=CARTESIAN_POINT('',(0.0201917405723634,-0.0216497958333333,-3.70916256917379E-18));
#9754=CARTESIAN_POINT('',(0.0151438054292725,-0.0217379902777778,0.00874328014114582));
#9755=CARTESIAN_POINT('',(0.0100958702861817,-0.0218261847222222,0.0174865602822916));
#9756=CARTESIAN_POINT('',(0.,-0.0219143791666667,0.0174865602822917));
#9757=CARTESIAN_POINT('',(-0.0100958702861817,-0.0220025736111111,0.0174865602822916));
#9758=CARTESIAN_POINT('',(-0.0151438054292725,-0.0220907680555555,0.00874328014114583));
#9759=CARTESIAN_POINT('',(-0.0201917405723634,-0.0221789625,1.23638752305793E-18));
#9760=CARTESIAN_POINT('',(-0.0151438054292725,-0.0222671569444445,-0.00874328014114583));
#9761=CARTESIAN_POINT('',(-0.0100958702861817,-0.0223553513888889,-0.0174865602822916));
#9762=CARTESIAN_POINT('',(-2.14148600778057E-18,-0.0224435458333333,-0.0174865602822917));
#9763=CARTESIAN_POINT('',(0.0100958702861817,-0.0225317402777778,-0.0174865602822916));
#9764=CARTESIAN_POINT('',(0.0151438054292725,-0.0226199347222222,-0.00874328014114584));
#9765=CARTESIAN_POINT('',(0.0201917405723634,-0.0227081291666667,-3.70916256917379E-18));
#9766=CARTESIAN_POINT('',(0.0151438054292725,-0.0227963236111111,0.00874328014114582));
#9767=CARTESIAN_POINT('',(0.0100958702861817,-0.0228845180555556,0.0174865602822916));
#9768=CARTESIAN_POINT('',(0.,-0.0229727125,0.0174865602822917));
#9769=CARTESIAN_POINT('',(-0.0100958702861817,-0.0230609069444444,0.0174865602822916));
#9770=CARTESIAN_POINT('',(-0.0151438054292725,-0.0231491013888889,0.00874328014114583));
#9771=CARTESIAN_POINT('',(-0.0201917405723634,-0.0232372958333333,1.23638752305793E-18));
#9772=CARTESIAN_POINT('',(-0.0151438054292725,-0.0233254902777778,-0.00874328014114583));
#9773=CARTESIAN_POINT('',(-0.0100958702861817,-0.0234136847222222,-0.0174865602822916));
#9774=CARTESIAN_POINT('',(-2.14148600778057E-18,-0.0235018791666667,-0.0174865602822917));
#9775=CARTESIAN_POINT('',(0.0100958702861817,-0.0235900736111111,-0.0174865602822916));
#9776=CARTESIAN_POINT('',(0.0151438054292725,-0.0236782680555555,-0.00874328014114584));
#9777=CARTESIAN_POINT('',(0.0201917405723634,-0.0237664625,-3.70916256917379E-18));
#9778=CARTESIAN_POINT('',(0.0151438054292725,-0.0238546569444445,0.00874328014114582));
#9779=CARTESIAN_POINT('',(0.0100958702861817,-0.0239428513888889,0.0174865602822916));
#9780=CARTESIAN_POINT('',(0.,-0.0240310458333334,0.0174865602822917));
#9781=CARTESIAN_POINT('',(-0.0100958702861817,-0.0241192402777778,0.0174865602822916));
#9782=CARTESIAN_POINT('',(-0.0151438054292725,-0.0242074347222222,0.00874328014114583));
#9783=CARTESIAN_POINT('',(-0.0201917405723634,-0.0242956291666667,1.23638752305793E-18));
#9784=CARTESIAN_POINT('',(-0.0151438054292725,-0.0243838236111111,-0.00874328014114583));
#9785=CARTESIAN_POINT('',(-0.0100958702861817,-0.0244720180555556,-0.0174865602822916));
#9786=CARTESIAN_POINT('',(-2.14148600778057E-18,-0.0245602125,-0.0174865602822917));
#9787=CARTESIAN_POINT('',(0.0100958702861817,-0.0246484069444444,-0.0174865602822916));
#9788=CARTESIAN_POINT('',(0.0151438054292725,-0.0247366013888889,-0.00874328014114584));
#9789=CARTESIAN_POINT('',(0.0201917405723634,-0.0248247958333333,-3.70916256917379E-18));
#9790=CARTESIAN_POINT('',(0.0151438054292725,-0.0249129902777778,0.00874328014114582));
#9791=CARTESIAN_POINT('',(0.0100958702861817,-0.0250011847222222,0.0174865602822916));
#9792=CARTESIAN_POINT('',(0.,-0.0250893791666667,0.0174865602822917));
#9793=CARTESIAN_POINT('',(-0.0100958702861817,-0.0251775736111111,0.0174865602822916));
#9794=CARTESIAN_POINT('',(-0.0151438054292725,-0.0252657680555556,0.00874328014114583));
#9795=CARTESIAN_POINT('',(-0.0201917405723634,-0.0253539625,1.23638752305793E-18));
#9796=CARTESIAN_POINT('',(-0.0151438054292725,-0.0254421569444445,-0.00874328014114583));
#9797=CARTESIAN_POINT('',(-0.0100958702861817,-0.0255303513888889,-0.0174865602822916));
#9798=CARTESIAN_POINT('',(-2.14148600778057E-18,-0.0256185458333333,-0.0174865602822917));
#9799=CARTESIAN_POINT('',(0.0100958702861817,-0.0257067402777778,-0.0174865602822916));
#9800=CARTESIAN_POINT('',(0.0151438054292725,-0.0257949347222222,-0.00874328014114584));
#9801=CARTESIAN_POINT('',(0.0201917405723634,-0.0258831291666667,-3.70916256917379E-18));
#9802=CARTESIAN_POINT('',(0.0151438054292725,-0.0259713236111111,0.00874328014114582));
#9803=CARTESIAN_POINT('',(0.0100958702861817,-0.0260595180555556,0.0174865602822916));
#9804=CARTESIAN_POINT('',(0.,-0.0261477125,0.0174865602822917));
#9805=CARTESIAN_POINT('',(-0.0100958702861817,-0.0262359069444444,0.0174865602822916));
#9806=CARTESIAN_POINT('',(-0.0151438054292725,-0.0263241013888889,0.00874328014114583));
#9807=CARTESIAN_POINT('',(-0.0201917405723634,-0.0264122958333333,1.23638752305793E-18));
#9808=CARTESIAN_POINT('',(-0.0151438054292725,-0.0265004902777778,-0.00874328014114583));
#9809=CARTESIAN_POINT('',(-0.0100958702861817,-0.0265886847222222,-0.0174865602822916));
#9810=CARTESIAN_POINT('',(-2.14148600778057E-18,-0.0266768791666666,-0.0174865602822917));
#9811=CARTESIAN_POINT('',(0.00352118443552173,-0.0267076391602357,-0.0174865602822916));
#9812=CARTESIAN_POINT('',(0.00676794275146947,-0.0267428753503155,-0.0161237322422277));
#9813=CARTESIAN_POINT('',(-0.0085349592586577,-0.0191527730801021,0.0159152882101787));
#9814=CARTESIAN_POINT('',(-0.0130680207925151,-0.0192029882361209,0.0134843240329973));
#9815=CARTESIAN_POINT('',(-0.0156398991771047,-0.0192464972222222,0.0090297));
#9816=CARTESIAN_POINT('',(-0.0208531989028062,-0.0193346916666667,1.27689016441524E-18));
#9817=CARTESIAN_POINT('',(-0.0156398991771047,-0.0194228861111111,-0.0090297));
#9818=CARTESIAN_POINT('',(-0.0104265994514031,-0.0195110805555555,-0.0180594));
#9819=CARTESIAN_POINT('',(-2.21163864045217E-18,-0.019599275,-0.0180594));
#9820=CARTESIAN_POINT('',(0.0104265994514031,-0.0196874694444444,-0.0180594));
#9821=CARTESIAN_POINT('',(0.0156398991771047,-0.0197756638888889,-0.0090297));
#9822=CARTESIAN_POINT('',(0.0208531989028062,-0.0198638583333333,-3.83067049324571E-18));
#9823=CARTESIAN_POINT('',(0.0156398991771047,-0.0199520527777778,0.0090297));
#9824=CARTESIAN_POINT('',(0.0104265994514031,-0.0200402472222222,0.0180594));
#9825=CARTESIAN_POINT('',(0.,-0.0201284416666666,0.0180594));
#9826=CARTESIAN_POINT('',(-0.0104265994514031,-0.0202166361111111,0.0180594));
#9827=CARTESIAN_POINT('',(-0.0156398991771047,-0.0203048305555555,0.0090297));
#9828=CARTESIAN_POINT('',(-0.0208531989028062,-0.020393025,1.27689016441524E-18));
#9829=CARTESIAN_POINT('',(-0.0156398991771047,-0.0204812194444444,-0.0090297));
#9830=CARTESIAN_POINT('',(-0.0104265994514031,-0.0205694138888889,-0.0180594));
#9831=CARTESIAN_POINT('',(-2.21163864045217E-18,-0.0206576083333334,-0.0180594));
#9832=CARTESIAN_POINT('',(0.0104265994514031,-0.0207458027777778,-0.0180594));
#9833=CARTESIAN_POINT('',(0.0156398991771047,-0.0208339972222222,-0.0090297));
#9834=CARTESIAN_POINT('',(0.0208531989028062,-0.0209221916666666,-3.83067049324571E-18));
#9835=CARTESIAN_POINT('',(0.0156398991771047,-0.0210103861111111,0.0090297));
#9836=CARTESIAN_POINT('',(0.0104265994514031,-0.0210985805555555,0.0180594));
#9837=CARTESIAN_POINT('',(0.,-0.021186775,0.0180594));
#9838=CARTESIAN_POINT('',(-0.0104265994514031,-0.0212749694444444,0.0180594));
#9839=CARTESIAN_POINT('',(-0.0156398991771047,-0.0213631638888889,0.0090297));
#9840=CARTESIAN_POINT('',(-0.0208531989028062,-0.0214513583333333,1.27689016441524E-18));
#9841=CARTESIAN_POINT('',(-0.0156398991771047,-0.0215395527777778,-0.0090297));
#9842=CARTESIAN_POINT('',(-0.0104265994514031,-0.0216277472222222,-0.0180594));
#9843=CARTESIAN_POINT('',(-2.21163864045217E-18,-0.0217159416666667,-0.0180594));
#9844=CARTESIAN_POINT('',(0.0104265994514031,-0.0218041361111111,-0.0180594));
#9845=CARTESIAN_POINT('',(0.0156398991771047,-0.0218923305555556,-0.0090297));
#9846=CARTESIAN_POINT('',(0.0208531989028062,-0.021980525,-3.83067049324571E-18));
#9847=CARTESIAN_POINT('',(0.0156398991771047,-0.0220687194444445,0.0090297));
#9848=CARTESIAN_POINT('',(0.0104265994514031,-0.0221569138888889,0.0180594));
#9849=CARTESIAN_POINT('',(0.,-0.0222451083333334,0.0180594));
#9850=CARTESIAN_POINT('',(-0.0104265994514031,-0.0223333027777778,0.0180594));
#9851=CARTESIAN_POINT('',(-0.0156398991771047,-0.0224214972222222,0.0090297));
#9852=CARTESIAN_POINT('',(-0.0208531989028062,-0.0225096916666666,1.27689016441524E-18));
#9853=CARTESIAN_POINT('',(-0.0156398991771047,-0.0225978861111111,-0.0090297));
#9854=CARTESIAN_POINT('',(-0.0104265994514031,-0.0226860805555555,-0.0180594));
#9855=CARTESIAN_POINT('',(-2.21163864045217E-18,-0.022774275,-0.0180594));
#9856=CARTESIAN_POINT('',(0.0104265994514031,-0.0228624694444444,-0.0180594));
#9857=CARTESIAN_POINT('',(0.0156398991771047,-0.0229506638888889,-0.0090297));
#9858=CARTESIAN_POINT('',(0.0208531989028062,-0.0230388583333333,-3.83067049324571E-18));
#9859=CARTESIAN_POINT('',(0.0156398991771047,-0.0231270527777778,0.0090297));
#9860=CARTESIAN_POINT('',(0.0104265994514031,-0.0232152472222222,0.0180594));
#9861=CARTESIAN_POINT('',(0.,-0.0233034416666667,0.0180594));
#9862=CARTESIAN_POINT('',(-0.0104265994514031,-0.0233916361111111,0.0180594));
#9863=CARTESIAN_POINT('',(-0.0156398991771047,-0.0234798305555555,0.0090297));
#9864=CARTESIAN_POINT('',(-0.0208531989028062,-0.023568025,1.27689016441524E-18));
#9865=CARTESIAN_POINT('',(-0.0156398991771047,-0.0236562194444445,-0.0090297));
#9866=CARTESIAN_POINT('',(-0.0104265994514031,-0.0237444138888889,-0.0180594));
#9867=CARTESIAN_POINT('',(-2.21163864045217E-18,-0.0238326083333333,-0.0180594));
#9868=CARTESIAN_POINT('',(0.0104265994514031,-0.0239208027777777,-0.0180594));
#9869=CARTESIAN_POINT('',(0.0156398991771047,-0.0240089972222222,-0.0090297));
#9870=CARTESIAN_POINT('',(0.0208531989028062,-0.0240971916666666,-3.83067049324571E-18));
#9871=CARTESIAN_POINT('',(0.0156398991771047,-0.0241853861111111,0.0090297));
#9872=CARTESIAN_POINT('',(0.0104265994514031,-0.0242735805555556,0.0180594));
#9873=CARTESIAN_POINT('',(0.,-0.024361775,0.0180594));
#9874=CARTESIAN_POINT('',(-0.0104265994514031,-0.0244499694444445,0.0180594));
#9875=CARTESIAN_POINT('',(-0.0156398991771047,-0.0245381638888889,0.0090297));
#9876=CARTESIAN_POINT('',(-0.0208531989028062,-0.0246263583333334,1.27689016441524E-18));
#9877=CARTESIAN_POINT('',(-0.0156398991771047,-0.0247145527777778,-0.0090297));
#9878=CARTESIAN_POINT('',(-0.0104265994514031,-0.0248027472222222,-0.0180594));
#9879=CARTESIAN_POINT('',(-2.21163864045217E-18,-0.0248909416666667,-0.0180594));
#9880=CARTESIAN_POINT('',(0.0104265994514031,-0.0249791361111111,-0.0180594));
#9881=CARTESIAN_POINT('',(0.0156398991771047,-0.0250673305555555,-0.0090297));
#9882=CARTESIAN_POINT('',(0.0208531989028062,-0.025155525,-3.83067049324571E-18));
#9883=CARTESIAN_POINT('',(0.0156398991771047,-0.0252437194444445,0.0090297));
#9884=CARTESIAN_POINT('',(0.0104265994514031,-0.0253319138888889,0.0180594));
#9885=CARTESIAN_POINT('',(0.,-0.0254201083333334,0.0180594));
#9886=CARTESIAN_POINT('',(-0.0104265994514031,-0.0255083027777777,0.0180594));
#9887=CARTESIAN_POINT('',(-0.0156398991771047,-0.0255964972222222,0.0090297));
#9888=CARTESIAN_POINT('',(-0.0208531989028062,-0.0256846916666666,1.27689016441524E-18));
#9889=CARTESIAN_POINT('',(-0.0156398991771047,-0.0257728861111111,-0.0090297));
#9890=CARTESIAN_POINT('',(-0.0104265994514031,-0.0258610805555556,-0.0180594));
#9891=CARTESIAN_POINT('',(-2.21163864045217E-18,-0.025949275,-0.0180594));
#9892=CARTESIAN_POINT('',(0.0104265994514031,-0.0260374694444445,-0.0180594));
#9893=CARTESIAN_POINT('',(0.0156398991771047,-0.0261256638888889,-0.0090297));
#9894=CARTESIAN_POINT('',(0.0208531989028062,-0.0262138583333334,-3.83067049324571E-18));
#9895=CARTESIAN_POINT('',(0.0156398991771047,-0.0263020527777778,0.0090297));
#9896=CARTESIAN_POINT('',(0.0104265994514031,-0.0263902472222222,0.0180594));
#9897=CARTESIAN_POINT('',(0.,-0.0264784416666667,0.0180594));
#9898=CARTESIAN_POINT('',(-0.0104265994514031,-0.0265666361111111,0.0180594));
#9899=CARTESIAN_POINT('',(-0.0156398991771047,-0.0266548305555556,0.0090297));
#9900=CARTESIAN_POINT('',(-0.0208531989028062,-0.026743025,1.27689016441524E-18));
#9901=CARTESIAN_POINT('',(-0.0156398991771047,-0.0268312194444444,-0.0090297));
#9902=CARTESIAN_POINT('',(-0.0104265994514031,-0.0269194138888889,-0.0180594));
#9903=CARTESIAN_POINT('',(-2.21163864045217E-18,-0.0270076083333333,-0.0180594));
#9904=CARTESIAN_POINT('',(0.00363653441090174,-0.0270383683269024,-0.0180594));
#9905=CARTESIAN_POINT('',(0.00698965281637825,-0.0270736045169821,-0.0166519272718354));
#9906=CARTESIAN_POINT('',(0.0143232696311216,-0.0188288664047901,-0.0109993579555441));
#9907=CARTESIAN_POINT('',(0.0150463230919113,-0.0188395805756982,-0.0100578039377128));
#9908=CARTESIAN_POINT('',(0.0156398991771047,-0.0188496222222222,-0.0090297));
#9909=CARTESIAN_POINT('',(0.0208531989028062,-0.0189378166666667,-3.83067049324571E-18));
#9910=CARTESIAN_POINT('',(0.0156398991771047,-0.0190260111111111,0.0090297));
#9911=CARTESIAN_POINT('',(0.0104265994514031,-0.0191142055555555,0.0180594));
#9912=CARTESIAN_POINT('',(0.,-0.0192024,0.0180594));
#9913=CARTESIAN_POINT('',(-0.0104265994514031,-0.0192905944444444,0.0180594));
#9914=CARTESIAN_POINT('',(-0.0156398991771047,-0.0193787888888889,0.0090297));
#9915=CARTESIAN_POINT('',(-0.0208531989028062,-0.0194669833333333,1.27689016441524E-18));
#9916=CARTESIAN_POINT('',(-0.0156398991771047,-0.0195551777777778,-0.0090297));
#9917=CARTESIAN_POINT('',(-0.0104265994514031,-0.0196433722222222,-0.0180594));
#9918=CARTESIAN_POINT('',(-2.21163864045217E-18,-0.0197315666666667,-0.0180594));
#9919=CARTESIAN_POINT('',(0.0104265994514031,-0.0198197611111111,-0.0180594));
#9920=CARTESIAN_POINT('',(0.0156398991771047,-0.0199079555555555,-0.0090297));
#9921=CARTESIAN_POINT('',(0.0208531989028062,-0.01999615,-3.83067049324571E-18));
#9922=CARTESIAN_POINT('',(0.0156398991771047,-0.0200843444444444,0.0090297));
#9923=CARTESIAN_POINT('',(0.0104265994514031,-0.0201725388888889,0.0180594));
#9924=CARTESIAN_POINT('',(0.,-0.0202607333333334,0.0180594));
#9925=CARTESIAN_POINT('',(-0.0104265994514031,-0.0203489277777778,0.0180594));
#9926=CARTESIAN_POINT('',(-0.0156398991771047,-0.0204371222222222,0.0090297));
#9927=CARTESIAN_POINT('',(-0.0208531989028062,-0.0205253166666666,1.27689016441524E-18));
#9928=CARTESIAN_POINT('',(-0.0156398991771047,-0.0206135111111111,-0.0090297));
#9929=CARTESIAN_POINT('',(-0.0104265994514031,-0.0207017055555555,-0.0180594));
#9930=CARTESIAN_POINT('',(-2.21163864045217E-18,-0.0207899,-0.0180594));
#9931=CARTESIAN_POINT('',(0.0104265994514031,-0.0208780944444444,-0.0180594));
#9932=CARTESIAN_POINT('',(0.0156398991771047,-0.0209662888888889,-0.0090297));
#9933=CARTESIAN_POINT('',(0.0208531989028062,-0.0210544833333333,-3.83067049324571E-18));
#9934=CARTESIAN_POINT('',(0.0156398991771047,-0.0211426777777778,0.0090297));
#9935=CARTESIAN_POINT('',(0.0104265994514031,-0.0212308722222222,0.0180594));
#9936=CARTESIAN_POINT('',(0.,-0.0213190666666667,0.0180594));
#9937=CARTESIAN_POINT('',(-0.0104265994514031,-0.0214072611111111,0.0180594));
#9938=CARTESIAN_POINT('',(-0.0156398991771047,-0.0214954555555555,0.0090297));
#9939=CARTESIAN_POINT('',(-0.0208531989028062,-0.02158365,1.27689016441524E-18));
#9940=CARTESIAN_POINT('',(-0.0156398991771047,-0.0216718444444445,-0.0090297));
#9941=CARTESIAN_POINT('',(-0.0104265994514031,-0.0217600388888889,-0.0180594));
#9942=CARTESIAN_POINT('',(-2.21163864045217E-18,-0.0218482333333333,-0.0180594));
#9943=CARTESIAN_POINT('',(0.0104265994514031,-0.0219364277777778,-0.0180594));
#9944=CARTESIAN_POINT('',(0.0156398991771047,-0.0220246222222222,-0.0090297));
#9945=CARTESIAN_POINT('',(0.0208531989028062,-0.0221128166666666,-3.83067049324571E-18));
#9946=CARTESIAN_POINT('',(0.0156398991771047,-0.0222010111111111,0.0090297));
#9947=CARTESIAN_POINT('',(0.0104265994514031,-0.0222892055555555,0.0180594));
#9948=CARTESIAN_POINT('',(0.,-0.0223774,0.0180594));
#9949=CARTESIAN_POINT('',(-0.0104265994514031,-0.0224655944444444,0.0180594));
#9950=CARTESIAN_POINT('',(-0.0156398991771047,-0.0225537888888889,0.0090297));
#9951=CARTESIAN_POINT('',(-0.0208531989028062,-0.0226419833333334,1.27689016441524E-18));
#9952=CARTESIAN_POINT('',(-0.0156398991771047,-0.0227301777777778,-0.0090297));
#9953=CARTESIAN_POINT('',(-0.0104265994514031,-0.0228183722222222,-0.0180594));
#9954=CARTESIAN_POINT('',(-2.21163864045217E-18,-0.0229065666666667,-0.0180594));
#9955=CARTESIAN_POINT('',(0.0104265994514031,-0.0229947611111111,-0.0180594));
#9956=CARTESIAN_POINT('',(0.0156398991771047,-0.0230829555555555,-0.0090297));
#9957=CARTESIAN_POINT('',(0.0208531989028062,-0.02317115,-3.83067049324571E-18));
#9958=CARTESIAN_POINT('',(0.0156398991771047,-0.0232593444444445,0.0090297));
#9959=CARTESIAN_POINT('',(0.0104265994514031,-0.0233475388888889,0.0180594));
#9960=CARTESIAN_POINT('',(0.,-0.0234357333333334,0.0180594));
#9961=CARTESIAN_POINT('',(-0.0104265994514031,-0.0235239277777778,0.0180594));
#9962=CARTESIAN_POINT('',(-0.0156398991771047,-0.0236121222222222,0.0090297));
#9963=CARTESIAN_POINT('',(-0.0208531989028062,-0.0237003166666666,1.27689016441524E-18));
#9964=CARTESIAN_POINT('',(-0.0156398991771047,-0.0237885111111111,-0.0090297));
#9965=CARTESIAN_POINT('',(-0.0104265994514031,-0.0238767055555555,-0.0180594));
#9966=CARTESIAN_POINT('',(-2.21163864045217E-18,-0.0239649,-0.0180594));
#9967=CARTESIAN_POINT('',(0.0104265994514031,-0.0240530944444445,-0.0180594));
#9968=CARTESIAN_POINT('',(0.0156398991771047,-0.0241412888888889,-0.0090297));
#9969=CARTESIAN_POINT('',(0.0208531989028062,-0.0242294833333334,-3.83067049324571E-18));
#9970=CARTESIAN_POINT('',(0.0156398991771047,-0.0243176777777778,0.0090297));
#9971=CARTESIAN_POINT('',(0.0104265994514031,-0.0244058722222222,0.0180594));
#9972=CARTESIAN_POINT('',(0.,-0.0244940666666667,0.0180594));
#9973=CARTESIAN_POINT('',(-0.0104265994514031,-0.0245822611111111,0.0180594));
#9974=CARTESIAN_POINT('',(-0.0156398991771047,-0.0246704555555556,0.0090297));
#9975=CARTESIAN_POINT('',(-0.0208531989028062,-0.02475865,1.27689016441524E-18));
#9976=CARTESIAN_POINT('',(-0.0156398991771047,-0.0248468444444444,-0.0090297));
#9977=CARTESIAN_POINT('',(-0.0104265994514031,-0.0249350388888889,-0.0180594));
#9978=CARTESIAN_POINT('',(-2.21163864045217E-18,-0.0250232333333333,-0.0180594));
#9979=CARTESIAN_POINT('',(0.0104265994514031,-0.0251114277777777,-0.0180594));
#9980=CARTESIAN_POINT('',(0.0156398991771047,-0.0251996222222222,-0.0090297));
#9981=CARTESIAN_POINT('',(0.0208531989028062,-0.0252878166666666,-3.83067049324571E-18));
#9982=CARTESIAN_POINT('',(0.0156398991771047,-0.0253760111111111,0.0090297));
#9983=CARTESIAN_POINT('',(0.0104265994514031,-0.0254642055555556,0.0180594));
#9984=CARTESIAN_POINT('',(0.,-0.0255524,0.0180594));
#9985=CARTESIAN_POINT('',(-0.0104265994514031,-0.0256405944444445,0.0180594));
#9986=CARTESIAN_POINT('',(-0.0156398991771047,-0.0257287888888889,0.0090297));
#9987=CARTESIAN_POINT('',(-0.0208531989028062,-0.0258169833333334,1.27689016441524E-18));
#9988=CARTESIAN_POINT('',(-0.0156398991771047,-0.0259051777777778,-0.0090297));
#9989=CARTESIAN_POINT('',(-0.0104265994514031,-0.0259933722222222,-0.0180594));
#9990=CARTESIAN_POINT('',(-2.21163864045217E-18,-0.0260815666666667,-0.0180594));
#9991=CARTESIAN_POINT('',(0.0104265994514031,-0.0261697611111111,-0.0180594));
#9992=CARTESIAN_POINT('',(0.0156398991771047,-0.0262579555555555,-0.0090297));
#9993=CARTESIAN_POINT('',(0.0208531989028062,-0.02634615,-3.83067049324571E-18));
#9994=CARTESIAN_POINT('',(0.0156398991771047,-0.0264343444444445,0.0090297));
#9995=CARTESIAN_POINT('',(0.0104265994514031,-0.0265225388888889,0.0180594));
#9996=CARTESIAN_POINT('',(0.,-0.0266107333333334,0.0180594));
#9997=CARTESIAN_POINT('',(-0.00749982150491391,-0.0266741713309414,0.0180594));
#9998=CARTESIAN_POINT('',(-0.0127932793183492,-0.0267448923986057,0.0127465262971015));
#9999=CARTESIAN_POINT('',(0.0138689390480373,-0.0191595955714568,-0.0106504610317134));
#10000=CARTESIAN_POINT('',(0.0145690574312294,-0.0191703097423649,-0.00973877287530514));
#10001=CARTESIAN_POINT('',(0.0151438054292725,-0.0191803513888889,-0.00874328014114584));
#10002=CARTESIAN_POINT('',(0.0201917405723634,-0.0192685458333333,-3.70916256917379E-18));
#10003=CARTESIAN_POINT('',(0.0151438054292725,-0.0193567402777778,0.00874328014114582));
#10004=CARTESIAN_POINT('',(0.0100958702861817,-0.0194449347222222,0.0174865602822916));
#10005=CARTESIAN_POINT('',(0.,-0.0195331291666666,0.0174865602822917));
#10006=CARTESIAN_POINT('',(-0.0100958702861817,-0.0196213236111111,0.0174865602822916));
#10007=CARTESIAN_POINT('',(-0.0151438054292725,-0.0197095180555555,0.00874328014114583));
#10008=CARTESIAN_POINT('',(-0.0201917405723634,-0.0197977125,1.23638752305793E-18));
#10009=CARTESIAN_POINT('',(-0.0151438054292725,-0.0198859069444444,-0.00874328014114583));
#10010=CARTESIAN_POINT('',(-0.0100958702861817,-0.0199741013888889,-0.0174865602822916));
#10011=CARTESIAN_POINT('',(-2.14148600778057E-18,-0.0200622958333334,-0.0174865602822917));
#10012=CARTESIAN_POINT('',(0.0100958702861817,-0.0201504902777778,-0.0174865602822916));
#10013=CARTESIAN_POINT('',(0.0151438054292725,-0.0202386847222223,-0.00874328014114584));
#10014=CARTESIAN_POINT('',(0.0201917405723634,-0.0203268791666667,-3.70916256917379E-18));
#10015=CARTESIAN_POINT('',(0.0151438054292725,-0.0204150736111111,0.00874328014114582));
#10016=CARTESIAN_POINT('',(0.0100958702861817,-0.0205032680555556,0.0174865602822916));
#10017=CARTESIAN_POINT('',(0.,-0.0205914625,0.0174865602822917));
#10018=CARTESIAN_POINT('',(-0.0100958702861817,-0.0206796569444445,0.0174865602822916));
#10019=CARTESIAN_POINT('',(-0.0151438054292725,-0.0207678513888889,0.00874328014114583));
#10020=CARTESIAN_POINT('',(-0.0201917405723634,-0.0208560458333333,1.23638752305793E-18));
#10021=CARTESIAN_POINT('',(-0.0151438054292725,-0.0209442402777778,-0.00874328014114583));
#10022=CARTESIAN_POINT('',(-0.0100958702861817,-0.0210324347222222,-0.0174865602822916));
#10023=CARTESIAN_POINT('',(-2.14148600778057E-18,-0.0211206291666667,-0.0174865602822917));
#10024=CARTESIAN_POINT('',(0.0100958702861817,-0.0212088236111111,-0.0174865602822916));
#10025=CARTESIAN_POINT('',(0.0151438054292725,-0.0212970180555556,-0.00874328014114584));
#10026=CARTESIAN_POINT('',(0.0201917405723634,-0.0213852125,-3.70916256917379E-18));
#10027=CARTESIAN_POINT('',(0.0151438054292725,-0.0214734069444444,0.00874328014114582));
#10028=CARTESIAN_POINT('',(0.0100958702861817,-0.0215616013888889,0.0174865602822916));
#10029=CARTESIAN_POINT('',(0.,-0.0216497958333333,0.0174865602822917));
#10030=CARTESIAN_POINT('',(-0.0100958702861817,-0.0217379902777778,0.0174865602822916));
#10031=CARTESIAN_POINT('',(-0.0151438054292725,-0.0218261847222222,0.00874328014114583));
#10032=CARTESIAN_POINT('',(-0.0201917405723634,-0.0219143791666667,1.23638752305793E-18));
#10033=CARTESIAN_POINT('',(-0.0151438054292725,-0.0220025736111111,-0.00874328014114583));
#10034=CARTESIAN_POINT('',(-0.0100958702861817,-0.0220907680555556,-0.0174865602822916));
#10035=CARTESIAN_POINT('',(-2.14148600778057E-18,-0.0221789625,-0.0174865602822917));
#10036=CARTESIAN_POINT('',(0.0100958702861817,-0.0222671569444445,-0.0174865602822916));
#10037=CARTESIAN_POINT('',(0.0151438054292725,-0.0223553513888889,-0.00874328014114584));
#10038=CARTESIAN_POINT('',(0.0201917405723634,-0.0224435458333333,-3.70916256917379E-18));
#10039=CARTESIAN_POINT('',(0.0151438054292725,-0.0225317402777778,0.00874328014114582));
#10040=CARTESIAN_POINT('',(0.0100958702861817,-0.0226199347222222,0.0174865602822916));
#10041=CARTESIAN_POINT('',(0.,-0.0227081291666666,0.0174865602822917));
#10042=CARTESIAN_POINT('',(-0.0100958702861817,-0.0227963236111111,0.0174865602822916));
#10043=CARTESIAN_POINT('',(-0.0151438054292725,-0.0228845180555555,0.00874328014114583));
#10044=CARTESIAN_POINT('',(-0.0201917405723634,-0.0229727125,1.23638752305793E-18));
#10045=CARTESIAN_POINT('',(-0.0151438054292725,-0.0230609069444445,-0.00874328014114583));
#10046=CARTESIAN_POINT('',(-0.0100958702861817,-0.0231491013888889,-0.0174865602822916));
#10047=CARTESIAN_POINT('',(-2.14148600778057E-18,-0.0232372958333333,-0.0174865602822917));
#10048=CARTESIAN_POINT('',(0.0100958702861817,-0.0233254902777778,-0.0174865602822916));
#10049=CARTESIAN_POINT('',(0.0151438054292725,-0.0234136847222222,-0.00874328014114584));
#10050=CARTESIAN_POINT('',(0.0201917405723634,-0.0235018791666667,-3.70916256917379E-18));
#10051=CARTESIAN_POINT('',(0.0151438054292725,-0.0235900736111111,0.00874328014114582));
#10052=CARTESIAN_POINT('',(0.0100958702861817,-0.0236782680555556,0.0174865602822916));
#10053=CARTESIAN_POINT('',(0.,-0.0237664625,0.0174865602822917));
#10054=CARTESIAN_POINT('',(-0.0100958702861817,-0.0238546569444444,0.0174865602822916));
#10055=CARTESIAN_POINT('',(-0.0151438054292725,-0.0239428513888889,0.00874328014114583));
#10056=CARTESIAN_POINT('',(-0.0201917405723634,-0.0240310458333333,1.23638752305793E-18));
#10057=CARTESIAN_POINT('',(-0.0151438054292725,-0.0241192402777778,-0.00874328014114583));
#10058=CARTESIAN_POINT('',(-0.0100958702861817,-0.0242074347222222,-0.0174865602822916));
#10059=CARTESIAN_POINT('',(-2.14148600778057E-18,-0.0242956291666667,-0.0174865602822917));
#10060=CARTESIAN_POINT('',(0.0100958702861817,-0.0243838236111111,-0.0174865602822916));
#10061=CARTESIAN_POINT('',(0.0151438054292725,-0.0244720180555556,-0.00874328014114584));
#10062=CARTESIAN_POINT('',(0.0201917405723634,-0.0245602125,-3.70916256917379E-18));
#10063=CARTESIAN_POINT('',(0.0151438054292725,-0.0246484069444445,0.00874328014114582));
#10064=CARTESIAN_POINT('',(0.0100958702861817,-0.0247366013888889,0.0174865602822916));
#10065=CARTESIAN_POINT('',(0.,-0.0248247958333334,0.0174865602822917));
#10066=CARTESIAN_POINT('',(-0.0100958702861817,-0.0249129902777778,0.0174865602822916));
#10067=CARTESIAN_POINT('',(-0.0151438054292725,-0.0250011847222222,0.00874328014114583));
#10068=CARTESIAN_POINT('',(-0.0201917405723634,-0.0250893791666667,1.23638752305793E-18));
#10069=CARTESIAN_POINT('',(-0.0151438054292725,-0.0251775736111111,-0.00874328014114583));
#10070=CARTESIAN_POINT('',(-0.0100958702861817,-0.0252657680555556,-0.0174865602822916));
#10071=CARTESIAN_POINT('',(-2.14148600778057E-18,-0.0253539625,-0.0174865602822917));
#10072=CARTESIAN_POINT('',(0.0100958702861817,-0.0254421569444444,-0.0174865602822916));
#10073=CARTESIAN_POINT('',(0.0151438054292725,-0.0255303513888889,-0.00874328014114584));
#10074=CARTESIAN_POINT('',(0.0201917405723634,-0.0256185458333333,-3.70916256917379E-18));
#10075=CARTESIAN_POINT('',(0.0151438054292725,-0.0257067402777778,0.00874328014114582));
#10076=CARTESIAN_POINT('',(0.0100958702861817,-0.0257949347222222,0.0174865602822916));
#10077=CARTESIAN_POINT('',(0.,-0.0258831291666667,0.0174865602822917));
#10078=CARTESIAN_POINT('',(-0.0100958702861817,-0.0259713236111111,0.0174865602822916));
#10079=CARTESIAN_POINT('',(-0.0151438054292725,-0.0260595180555556,0.00874328014114583));
#10080=CARTESIAN_POINT('',(-0.0201917405723634,-0.0261477125,1.23638752305793E-18));
#10081=CARTESIAN_POINT('',(-0.0151438054292725,-0.0262359069444445,-0.00874328014114583));
#10082=CARTESIAN_POINT('',(-0.0100958702861817,-0.0263241013888889,-0.0174865602822916));
#10083=CARTESIAN_POINT('',(-2.14148600778057E-18,-0.0264122958333333,-0.0174865602822917));
#10084=CARTESIAN_POINT('',(0.0100958702861817,-0.0265004902777778,-0.0174865602822916));
#10085=CARTESIAN_POINT('',(0.0151438054292725,-0.0265886847222222,-0.00874328014114584));
#10086=CARTESIAN_POINT('',(0.0201917405723634,-0.0266768791666667,-3.70916256917379E-18));
#10087=CARTESIAN_POINT('',(0.0151438054292725,-0.0267650736111111,0.00874328014114582));
#10088=CARTESIAN_POINT('',(0.0100958702861817,-0.0268532680555555,0.0174865602822916));
#10089=CARTESIAN_POINT('',(0.,-0.0269414625,0.0174865602822917));
#10090=CARTESIAN_POINT('',(-0.00726192901492323,-0.0270049004976081,0.0174865602822916));
#10091=CARTESIAN_POINT('',(-0.0123874796509578,-0.0270756215652724,0.012342209624023));
#10092=CARTESIAN_POINT('',(0.,-0.0136144,0.));
#10093=MECHANICAL_DESIGN_GEOMETRIC_PRESENTATION_REPRESENTATION('',(#4190),
#10094);
#10094=(
GEOMETRIC_REPRESENTATION_CONTEXT(3)
GLOBAL_UNCERTAINTY_ASSIGNED_CONTEXT((#10095))
GLOBAL_UNIT_ASSIGNED_CONTEXT((#10098,#10097,#10096))
REPRESENTATION_CONTEXT('RMS-38 Delay Forward Closure',
'TOP_LEVEL_ASSEMBLY_PART')
);
#10095=UNCERTAINTY_MEASURE_WITH_UNIT(LENGTH_MEASURE(2.E-5),#10098,
'DISTANCE_ACCURACY_VALUE','Maximum Tolerance applied to model');
#10096=(
NAMED_UNIT(*)
SI_UNIT($,.STERADIAN.)
SOLID_ANGLE_UNIT()
);
#10097=(
NAMED_UNIT(*)
PLANE_ANGLE_UNIT()
SI_UNIT($,.RADIAN.)
);
#10098=(
LENGTH_UNIT()
NAMED_UNIT(*)
SI_UNIT($,.METRE.)
);
#10099=PRODUCT_DEFINITION_SHAPE('','',#10100);
#10100=PRODUCT_DEFINITION('','',#10102,#10101);
#10101=PRODUCT_DEFINITION_CONTEXT('',#10108,'design');
#10102=PRODUCT_DEFINITION_FORMATION_WITH_SPECIFIED_SOURCE('','',#10104,
 .NOT_KNOWN.);
#10103=PRODUCT_RELATED_PRODUCT_CATEGORY('','',(#10104));
#10104=PRODUCT('RMS-38 Delay Forward Closure',
'RMS-38 Delay Forward Closure','RMS-38 Delay Forward Closure',(#10106));
#10105=PRODUCT_CATEGORY('','');
#10106=PRODUCT_CONTEXT('',#10108,'mechanical');
#10107=APPLICATION_PROTOCOL_DEFINITION('international standard',
'ap242_managed_model_based_3d_engineering',2020,#10108);
#10108=APPLICATION_CONTEXT('managed model based 3d engineering');
ENDSEC;
END-ISO-10303-21;
