ISO-10303-21;
HEADER;
/* Generated by software containing ST-Developer
 * from STEP Tools, Inc. (www.steptools.com) 
 */
/* OPTION: using custom renumber hook */

FILE_DESCRIPTION(
/* description */ ('STEP AP242 Edition 2',
'CAx-IF Rec.Pracs.---Representation and Presentation of Product Manufa
cturing Information (PMI)---4.0---2014-10-13',
'CAx-IF Rec.Pracs.---3D Tessellated Geometry---0.4---2014-09-14','2;1',
'CAx-IF Rec.Pracs.---User Defined Attributes---1.5---2016-08-15'),
/* implementation_level */ '2;1');

FILE_NAME(
/* name */ '696af64535f9f08c813e0f64',
/* time_stamp */ '2026-01-17T02:39:02Z',
/* author */ (''),
/* organization */ (''),
/* preprocessor_version */ 'ST-DEVELOPER v20',
/* originating_system */ 'ONSHAPE BY PTC INC, 1.209',
/* authorisation */ '  ');

FILE_SCHEMA (('AP242_MANAGED_MODEL_BASED_3D_ENGINEERING_MIM_LF { 1 0 10303 442 3 1 4 }'));
ENDSEC;

DATA;
#10=SHAPE_REPRESENTATION_RELATIONSHIP('','',#297,#11);
#11=ADVANCED_BREP_SHAPE_REPRESENTATION('',(#295),#3185);
#12=(
BOUNDED_CURVE()
B_SPLINE_CURVE(2,(#741,#742,#743,#744,#745,#746,#747,#748,#749,#750,#751,
#752,#753,#754,#755,#756,#757,#758,#759,#760,#761,#762,#763,#764,#765,#766,
#767,#768,#769,#770,#771,#772,#773,#774,#775,#776,#777,#778,#779,#780,#781,
#782,#783,#784,#785,#786,#787,#788,#789,#790,#791,#792,#793,#794,#795,#796,
#797,#798,#799,#800,#801,#802,#803,#804,#805,#806,#807,#808,#809,#810,#811,
#812,#813,#814,#815,#816,#817,#818,#819,#820,#821,#822,#823,#824,#825,#826,
#827,#828,#829,#830,#831,#832,#833,#834,#835,#836,#837,#838,#839,#840,#841,
#842,#843,#844,#845,#846,#847,#848,#849,#850,#851,#852,#853,#854,#855,#856,
#857,#858,#859,#860,#861,#862,#863,#864,#865,#866,#867,#868,#869,#870,#871,
#872,#873),.UNSPECIFIED.,.F.,.F.)
B_SPLINE_CURVE_WITH_KNOTS((3,2,2,2,2,2,2,2,2,2,2,2,2,2,2,2,2,2,2,2,2,2,
2,2,2,2,2,2,2,2,2,2,2,2,2,2,2,2,2,2,2,2,2,2,2,2,2,2,2,2,2,2,2,2,2,2,2,2,
2,2,2,2,2,2,2,2,3),(0.,0.0151515151515152,0.0303030303030303,0.0454545454545455,
0.0606060606060606,0.0757575757575758,0.0909090909090909,0.106060606060606,
0.121212121212121,0.136363636363636,0.151515151515151,0.166666666666667,
0.181818181818182,0.196969696969697,0.212121212121212,0.227272727272728,
0.242424242424243,0.257575757575758,0.272727272727273,0.287878787878788,
0.303030303030303,0.318181818181818,0.333333333333334,0.348484848484849,
0.363636363636364,0.378787878787879,0.393939393939394,0.409090909090909,
0.424242424242425,0.43939393939394,0.454545454545455,0.46969696969697,0.484848484848485,
0.5,0.515151515151515,0.53030303030303,0.545454545454545,0.560606060606061,
0.575757575757576,0.590909090909091,0.606060606060606,0.621212121212121,
0.636363636363636,0.651515151515152,0.666666666666667,0.681818181818182,
0.696969696969697,0.712121212121212,0.727272727272727,0.742424242424242,
0.757575757575758,0.772727272727273,0.787878787878788,0.803030303030303,
0.818181818181818,0.833333333333333,0.848484848484849,0.863636363636364,
0.878787878787879,0.893939393939394,0.909090909090909,0.924242424242424,
0.939393939393939,0.954545454545455,0.96969696969697,0.984848484848485,
1.),.UNSPECIFIED.)
CURVE()
GEOMETRIC_REPRESENTATION_ITEM()
RATIONAL_B_SPLINE_CURVE((1.,0.866025403784439,1.,0.866025403784439,1.,0.866025403784439,
1.,0.866025403784439,1.,0.866025403784439,1.,0.866025403784439,1.,0.866025403784439,
1.,0.866025403784439,1.,0.866025403784439,1.,0.866025403784439,1.,0.866025403784439,
1.,0.866025403784439,1.,0.866025403784439,1.,0.866025403784439,1.,0.866025403784439,
1.,0.866025403784439,1.,0.866025403784439,1.,0.866025403784439,1.,0.866025403784439,
1.,0.866025403784439,1.,0.866025403784439,1.,0.866025403784439,1.,0.866025403784439,
1.,0.866025403784439,1.,0.866025403784439,1.,0.866025403784439,1.,0.866025403784439,
1.,0.866025403784439,1.,0.866025403784439,1.,0.866025403784439,1.,0.866025403784439,
1.,0.866025403784439,1.,0.866025403784439,1.,0.866025403784439,1.,0.866025403784439,
1.,0.866025403784439,1.,0.866025403784439,1.,0.866025403784439,1.,0.866025403784439,
1.,0.866025403784439,1.,0.866025403784439,1.,0.866025403784439,1.,0.866025403784439,
1.,0.866025403784439,1.,0.866025403784439,1.,0.866025403784439,1.,0.866025403784439,
1.,0.866025403784439,1.,0.866025403784439,1.,0.866025403784439,1.,0.866025403784439,
1.,0.866025403784439,1.,0.866025403784439,1.,0.866025403784439,1.,0.866025403784439,
1.,0.866025403784439,1.,0.866025403784439,1.,0.866025403784439,1.,0.866025403784439,
1.,0.866025403784439,1.,0.866025403784439,1.,0.866025403784439,1.,0.866025403784439,
1.,0.866025403784439,1.,0.866025403784439,1.,0.866025403784439,1.))
REPRESENTATION_ITEM('')
);
#13=(
BOUNDED_CURVE()
B_SPLINE_CURVE(2,(#874,#875,#876,#877,#878,#879,#880,#881,#882,#883,#884,
#885,#886,#887,#888,#889,#890,#891,#892,#893,#894,#895,#896,#897,#898,#899,
#900,#901,#902,#903,#904,#905,#906,#907,#908,#909,#910,#911,#912,#913,#914,
#915,#916,#917,#918,#919,#920,#921,#922,#923,#924,#925,#926,#927,#928,#929,
#930,#931,#932,#933,#934,#935,#936,#937,#938,#939,#940,#941,#942,#943,#944,
#945,#946,#947,#948,#949,#950,#951,#952,#953,#954,#955,#956,#957,#958,#959,
#960,#961,#962,#963,#964,#965,#966,#967,#968,#969,#970,#971,#972,#973,#974,
#975,#976,#977,#978,#979,#980,#981,#982,#983,#984,#985,#986,#987,#988,#989,
#990,#991,#992,#993,#994,#995,#996,#997,#998,#999,#1000,#1001,#1002,#1003,
#1004,#1005,#1006),.UNSPECIFIED.,.F.,.F.)
B_SPLINE_CURVE_WITH_KNOTS((3,2,2,2,2,2,2,2,2,2,2,2,2,2,2,2,2,2,2,2,2,2,
2,2,2,2,2,2,2,2,2,2,2,2,2,2,2,2,2,2,2,2,2,2,2,2,2,2,2,2,2,2,2,2,2,2,2,2,
2,2,2,2,2,2,2,2,3),(0.,0.0151515151515152,0.0303030303030303,0.0454545454545455,
0.0606060606060606,0.0757575757575758,0.0909090909090909,0.106060606060606,
0.121212121212121,0.136363636363636,0.151515151515151,0.166666666666667,
0.181818181818182,0.196969696969697,0.212121212121212,0.227272727272728,
0.242424242424243,0.257575757575758,0.272727272727273,0.287878787878788,
0.303030303030303,0.318181818181818,0.333333333333334,0.348484848484849,
0.363636363636364,0.378787878787879,0.393939393939394,0.409090909090909,
0.424242424242425,0.43939393939394,0.454545454545455,0.46969696969697,0.484848484848485,
0.5,0.515151515151515,0.53030303030303,0.545454545454545,0.560606060606061,
0.575757575757576,0.590909090909091,0.606060606060606,0.621212121212121,
0.636363636363636,0.651515151515152,0.666666666666667,0.681818181818182,
0.696969696969697,0.712121212121212,0.727272727272727,0.742424242424242,
0.757575757575758,0.772727272727273,0.787878787878788,0.803030303030303,
0.818181818181818,0.833333333333333,0.848484848484849,0.863636363636364,
0.878787878787879,0.893939393939394,0.909090909090909,0.924242424242424,
0.939393939393939,0.954545454545455,0.96969696969697,0.984848484848485,
1.),.UNSPECIFIED.)
CURVE()
GEOMETRIC_REPRESENTATION_ITEM()
RATIONAL_B_SPLINE_CURVE((1.,0.866025403784439,1.,0.866025403784439,1.,0.866025403784439,
1.,0.866025403784439,1.,0.866025403784439,1.,0.866025403784439,1.,0.866025403784439,
1.,0.866025403784439,1.,0.866025403784439,1.,0.866025403784439,1.,0.866025403784439,
1.,0.866025403784439,1.,0.866025403784439,1.,0.866025403784439,1.,0.866025403784439,
1.,0.866025403784439,1.,0.866025403784439,1.,0.866025403784439,1.,0.866025403784439,
1.,0.866025403784439,1.,0.866025403784439,1.,0.866025403784439,1.,0.866025403784439,
1.,0.866025403784439,1.,0.866025403784439,1.,0.866025403784439,1.,0.866025403784439,
1.,0.866025403784439,1.,0.866025403784439,1.,0.866025403784439,1.,0.866025403784439,
1.,0.866025403784439,1.,0.866025403784439,1.,0.866025403784439,1.,0.866025403784439,
1.,0.866025403784439,1.,0.866025403784439,1.,0.866025403784439,1.,0.866025403784439,
1.,0.866025403784439,1.,0.866025403784439,1.,0.866025403784439,1.,0.866025403784439,
1.,0.866025403784439,1.,0.866025403784439,1.,0.866025403784439,1.,0.866025403784439,
1.,0.866025403784439,1.,0.866025403784439,1.,0.866025403784439,1.,0.866025403784439,
1.,0.866025403784439,1.,0.866025403784439,1.,0.866025403784439,1.,0.866025403784439,
1.,0.866025403784439,1.,0.866025403784439,1.,0.866025403784439,1.,0.866025403784439,
1.,0.866025403784439,1.,0.866025403784439,1.,0.866025403784439,1.,0.866025403784439,
1.,0.866025403784439,1.,0.866025403784439,1.,0.866025403784439,1.))
REPRESENTATION_ITEM('')
);
#14=(
BOUNDED_CURVE()
B_SPLINE_CURVE(2,(#1201,#1202,#1203,#1204,#1205,#1206,#1207,#1208,#1209,
#1210,#1211,#1212,#1213,#1214,#1215,#1216,#1217,#1218,#1219,#1220,#1221,
#1222,#1223,#1224,#1225,#1226,#1227,#1228,#1229,#1230,#1231,#1232,#1233,
#1234,#1235,#1236,#1237,#1238,#1239,#1240,#1241,#1242,#1243,#1244,#1245,
#1246,#1247,#1248,#1249,#1250,#1251,#1252,#1253,#1254,#1255,#1256,#1257,
#1258,#1259,#1260,#1261,#1262,#1263,#1264,#1265,#1266,#1267,#1268,#1269,
#1270,#1271,#1272,#1273,#1274,#1275,#1276,#1277,#1278,#1279,#1280,#1281,
#1282,#1283,#1284,#1285,#1286,#1287,#1288,#1289,#1290,#1291,#1292,#1293,
#1294,#1295,#1296,#1297,#1298,#1299,#1300,#1301,#1302,#1303,#1304,#1305,
#1306,#1307,#1308,#1309,#1310,#1311,#1312,#1313,#1314,#1315,#1316,#1317,
#1318,#1319,#1320,#1321,#1322,#1323,#1324,#1325,#1326,#1327,#1328,#1329,
#1330,#1331,#1332,#1333),.UNSPECIFIED.,.F.,.F.)
B_SPLINE_CURVE_WITH_KNOTS((3,2,2,2,2,2,2,2,2,2,2,2,2,2,2,2,2,2,2,2,2,2,
2,2,2,2,2,2,2,2,2,2,2,2,2,2,2,2,2,2,2,2,2,2,2,2,2,2,2,2,2,2,2,2,2,2,2,2,
2,2,2,2,2,2,2,2,3),(0.,0.0151515151515152,0.0303030303030303,0.0454545454545455,
0.0606060606060606,0.0757575757575758,0.0909090909090909,0.106060606060606,
0.121212121212121,0.136363636363636,0.151515151515151,0.166666666666667,
0.181818181818182,0.196969696969697,0.212121212121212,0.227272727272728,
0.242424242424243,0.257575757575758,0.272727272727273,0.287878787878788,
0.303030303030303,0.318181818181818,0.333333333333334,0.348484848484849,
0.363636363636364,0.378787878787879,0.393939393939394,0.409090909090909,
0.424242424242425,0.43939393939394,0.454545454545455,0.46969696969697,0.484848484848485,
0.5,0.515151515151515,0.53030303030303,0.545454545454545,0.560606060606061,
0.575757575757576,0.590909090909091,0.606060606060606,0.621212121212121,
0.636363636363636,0.651515151515152,0.666666666666667,0.681818181818182,
0.696969696969697,0.712121212121212,0.727272727272727,0.742424242424242,
0.757575757575758,0.772727272727273,0.787878787878788,0.803030303030303,
0.818181818181818,0.833333333333333,0.848484848484849,0.863636363636364,
0.878787878787879,0.893939393939394,0.909090909090909,0.924242424242424,
0.939393939393939,0.954545454545455,0.96969696969697,0.984848484848485,
1.),.UNSPECIFIED.)
CURVE()
GEOMETRIC_REPRESENTATION_ITEM()
RATIONAL_B_SPLINE_CURVE((1.,0.866025403784439,1.,0.866025403784439,1.,0.866025403784439,
1.,0.866025403784439,1.,0.866025403784439,1.,0.866025403784439,1.,0.866025403784439,
1.,0.866025403784439,1.,0.866025403784439,1.,0.866025403784439,1.,0.866025403784439,
1.,0.866025403784439,1.,0.866025403784439,1.,0.866025403784439,1.,0.866025403784439,
1.,0.866025403784439,1.,0.866025403784439,1.,0.866025403784439,1.,0.866025403784439,
1.,0.866025403784439,1.,0.866025403784439,1.,0.866025403784439,1.,0.866025403784439,
1.,0.866025403784439,1.,0.866025403784439,1.,0.866025403784439,1.,0.866025403784439,
1.,0.866025403784439,1.,0.866025403784439,1.,0.866025403784439,1.,0.866025403784439,
1.,0.866025403784439,1.,0.866025403784439,1.,0.866025403784439,1.,0.866025403784439,
1.,0.866025403784439,1.,0.866025403784439,1.,0.866025403784439,1.,0.866025403784439,
1.,0.866025403784439,1.,0.866025403784439,1.,0.866025403784439,1.,0.866025403784439,
1.,0.866025403784439,1.,0.866025403784439,1.,0.866025403784439,1.,0.866025403784439,
1.,0.866025403784439,1.,0.866025403784439,1.,0.866025403784439,1.,0.866025403784439,
1.,0.866025403784439,1.,0.866025403784439,1.,0.866025403784439,1.,0.866025403784439,
1.,0.866025403784439,1.,0.866025403784439,1.,0.866025403784439,1.,0.866025403784439,
1.,0.866025403784439,1.,0.866025403784439,1.,0.866025403784439,1.,0.866025403784439,
1.,0.866025403784439,1.,0.866025403784439,1.,0.866025403784439,1.))
REPRESENTATION_ITEM('')
);
#15=(
BOUNDED_CURVE()
B_SPLINE_CURVE(2,(#1339,#1340,#1341,#1342,#1343,#1344,#1345,#1346,#1347,
#1348,#1349,#1350,#1351,#1352,#1353,#1354,#1355,#1356,#1357,#1358,#1359,
#1360,#1361,#1362,#1363,#1364,#1365,#1366,#1367,#1368,#1369,#1370,#1371,
#1372,#1373,#1374,#1375,#1376,#1377,#1378,#1379,#1380,#1381,#1382,#1383,
#1384,#1385,#1386,#1387,#1388,#1389,#1390,#1391,#1392,#1393,#1394,#1395,
#1396,#1397,#1398,#1399,#1400,#1401,#1402,#1403,#1404,#1405,#1406,#1407,
#1408,#1409,#1410,#1411,#1412,#1413,#1414,#1415,#1416,#1417,#1418,#1419,
#1420,#1421,#1422,#1423,#1424,#1425,#1426,#1427,#1428,#1429,#1430,#1431,
#1432,#1433,#1434,#1435,#1436,#1437,#1438,#1439,#1440,#1441,#1442,#1443,
#1444,#1445,#1446,#1447,#1448,#1449,#1450,#1451,#1452,#1453,#1454,#1455,
#1456,#1457,#1458,#1459,#1460,#1461,#1462,#1463,#1464,#1465,#1466,#1467,
#1468,#1469,#1470,#1471),.UNSPECIFIED.,.F.,.F.)
B_SPLINE_CURVE_WITH_KNOTS((3,2,2,2,2,2,2,2,2,2,2,2,2,2,2,2,2,2,2,2,2,2,
2,2,2,2,2,2,2,2,2,2,2,2,2,2,2,2,2,2,2,2,2,2,2,2,2,2,2,2,2,2,2,2,2,2,2,2,
2,2,2,2,2,2,2,2,3),(0.,0.0151515151515152,0.0303030303030303,0.0454545454545455,
0.0606060606060606,0.0757575757575758,0.0909090909090909,0.106060606060606,
0.121212121212121,0.136363636363636,0.151515151515151,0.166666666666667,
0.181818181818182,0.196969696969697,0.212121212121212,0.227272727272728,
0.242424242424243,0.257575757575758,0.272727272727273,0.287878787878788,
0.303030303030303,0.318181818181818,0.333333333333334,0.348484848484849,
0.363636363636364,0.378787878787879,0.393939393939394,0.409090909090909,
0.424242424242425,0.43939393939394,0.454545454545455,0.46969696969697,0.484848484848485,
0.5,0.515151515151515,0.53030303030303,0.545454545454545,0.560606060606061,
0.575757575757576,0.590909090909091,0.606060606060606,0.621212121212121,
0.636363636363636,0.651515151515152,0.666666666666667,0.681818181818182,
0.696969696969697,0.712121212121212,0.727272727272727,0.742424242424242,
0.757575757575758,0.772727272727273,0.787878787878788,0.803030303030303,
0.818181818181818,0.833333333333333,0.848484848484849,0.863636363636364,
0.878787878787879,0.893939393939394,0.909090909090909,0.924242424242424,
0.939393939393939,0.954545454545455,0.96969696969697,0.984848484848485,
1.),.UNSPECIFIED.)
CURVE()
GEOMETRIC_REPRESENTATION_ITEM()
RATIONAL_B_SPLINE_CURVE((1.,0.866025403784439,1.,0.866025403784439,1.,0.866025403784439,
1.,0.866025403784439,1.,0.866025403784439,1.,0.866025403784439,1.,0.866025403784439,
1.,0.866025403784439,1.,0.866025403784439,1.,0.866025403784439,1.,0.866025403784439,
1.,0.866025403784439,1.,0.866025403784439,1.,0.866025403784439,1.,0.866025403784439,
1.,0.866025403784439,1.,0.866025403784439,1.,0.866025403784439,1.,0.866025403784439,
1.,0.866025403784439,1.,0.866025403784439,1.,0.866025403784439,1.,0.866025403784439,
1.,0.866025403784439,1.,0.866025403784439,1.,0.866025403784439,1.,0.866025403784439,
1.,0.866025403784439,1.,0.866025403784439,1.,0.866025403784439,1.,0.866025403784439,
1.,0.866025403784439,1.,0.866025403784439,1.,0.866025403784439,1.,0.866025403784439,
1.,0.866025403784439,1.,0.866025403784439,1.,0.866025403784439,1.,0.866025403784439,
1.,0.866025403784439,1.,0.866025403784439,1.,0.866025403784439,1.,0.866025403784439,
1.,0.866025403784439,1.,0.866025403784439,1.,0.866025403784439,1.,0.866025403784439,
1.,0.866025403784439,1.,0.866025403784439,1.,0.866025403784439,1.,0.866025403784439,
1.,0.866025403784439,1.,0.866025403784439,1.,0.866025403784439,1.,0.866025403784439,
1.,0.866025403784439,1.,0.866025403784439,1.,0.866025403784439,1.,0.866025403784439,
1.,0.866025403784439,1.,0.866025403784439,1.,0.866025403784439,1.,0.866025403784439,
1.,0.866025403784439,1.,0.866025403784439,1.,0.866025403784439,1.))
REPRESENTATION_ITEM('')
);
#16=(
BOUNDED_CURVE()
B_SPLINE_CURVE(2,(#2059,#2060,#2061,#2062,#2063,#2064,#2065,#2066,#2067,
#2068,#2069,#2070,#2071,#2072,#2073,#2074,#2075,#2076,#2077,#2078,#2079,
#2080,#2081,#2082,#2083,#2084,#2085,#2086,#2087,#2088,#2089,#2090,#2091,
#2092,#2093,#2094,#2095,#2096,#2097,#2098,#2099,#2100,#2101,#2102,#2103,
#2104,#2105,#2106,#2107,#2108,#2109,#2110,#2111,#2112,#2113,#2114,#2115,
#2116,#2117,#2118,#2119,#2120,#2121,#2122,#2123,#2124,#2125,#2126,#2127,
#2128,#2129,#2130,#2131,#2132,#2133,#2134,#2135,#2136,#2137,#2138,#2139,
#2140,#2141,#2142,#2143,#2144,#2145,#2146,#2147,#2148,#2149,#2150,#2151,
#2152,#2153,#2154,#2155,#2156,#2157,#2158,#2159,#2160,#2161,#2162,#2163,
#2164,#2165,#2166,#2167,#2168,#2169,#2170,#2171,#2172,#2173,#2174,#2175,
#2176,#2177,#2178,#2179,#2180,#2181,#2182,#2183,#2184,#2185,#2186,#2187,
#2188,#2189,#2190,#2191),.UNSPECIFIED.,.F.,.F.)
B_SPLINE_CURVE_WITH_KNOTS((3,2,2,2,2,2,2,2,2,2,2,2,2,2,2,2,2,2,2,2,2,2,
2,2,2,2,2,2,2,2,2,2,2,2,2,2,2,2,2,2,2,2,2,2,2,2,2,2,2,2,2,2,2,2,2,2,2,2,
2,2,2,2,2,2,2,2,3),(0.,0.0151515151515152,0.0303030303030303,0.0454545454545455,
0.0606060606060606,0.0757575757575758,0.0909090909090909,0.106060606060606,
0.121212121212121,0.136363636363636,0.151515151515151,0.166666666666667,
0.181818181818182,0.196969696969697,0.212121212121212,0.227272727272728,
0.242424242424243,0.257575757575758,0.272727272727273,0.287878787878788,
0.303030303030303,0.318181818181818,0.333333333333334,0.348484848484849,
0.363636363636364,0.378787878787879,0.393939393939394,0.409090909090909,
0.424242424242425,0.43939393939394,0.454545454545455,0.46969696969697,0.484848484848485,
0.5,0.515151515151515,0.53030303030303,0.545454545454545,0.560606060606061,
0.575757575757576,0.590909090909091,0.606060606060606,0.621212121212121,
0.636363636363636,0.651515151515152,0.666666666666667,0.681818181818182,
0.696969696969697,0.712121212121212,0.727272727272727,0.742424242424242,
0.757575757575758,0.772727272727273,0.787878787878788,0.803030303030303,
0.818181818181818,0.833333333333333,0.848484848484849,0.863636363636364,
0.878787878787879,0.893939393939394,0.909090909090909,0.924242424242424,
0.939393939393939,0.954545454545455,0.96969696969697,0.984848484848485,
1.),.UNSPECIFIED.)
CURVE()
GEOMETRIC_REPRESENTATION_ITEM()
RATIONAL_B_SPLINE_CURVE((1.,0.866025403784439,1.,0.866025403784439,1.,0.866025403784439,
1.,0.866025403784439,1.,0.866025403784439,1.,0.866025403784439,1.,0.866025403784439,
1.,0.866025403784439,1.,0.866025403784439,1.,0.866025403784439,1.,0.866025403784439,
1.,0.866025403784439,1.,0.866025403784439,1.,0.866025403784439,1.,0.866025403784439,
1.,0.866025403784439,1.,0.866025403784439,1.,0.866025403784439,1.,0.866025403784439,
1.,0.866025403784439,1.,0.866025403784439,1.,0.866025403784439,1.,0.866025403784439,
1.,0.866025403784439,1.,0.866025403784439,1.,0.866025403784439,1.,0.866025403784439,
1.,0.866025403784439,1.,0.866025403784439,1.,0.866025403784439,1.,0.866025403784439,
1.,0.866025403784439,1.,0.866025403784439,1.,0.866025403784439,1.,0.866025403784439,
1.,0.866025403784439,1.,0.866025403784439,1.,0.866025403784439,1.,0.866025403784439,
1.,0.866025403784439,1.,0.866025403784439,1.,0.866025403784439,1.,0.866025403784439,
1.,0.866025403784439,1.,0.866025403784439,1.,0.866025403784439,1.,0.866025403784439,
1.,0.866025403784439,1.,0.866025403784439,1.,0.866025403784439,1.,0.866025403784439,
1.,0.866025403784439,1.,0.866025403784439,1.,0.866025403784439,1.,0.866025403784439,
1.,0.866025403784439,1.,0.866025403784439,1.,0.866025403784439,1.,0.866025403784439,
1.,0.866025403784439,1.,0.866025403784439,1.,0.866025403784439,1.,0.866025403784439,
1.,0.866025403784439,1.,0.866025403784439,1.,0.866025403784439,1.))
REPRESENTATION_ITEM('')
);
#17=(
BOUNDED_CURVE()
B_SPLINE_CURVE(2,(#2197,#2198,#2199,#2200,#2201,#2202,#2203,#2204,#2205,
#2206,#2207,#2208,#2209,#2210,#2211,#2212,#2213,#2214,#2215,#2216,#2217,
#2218,#2219,#2220,#2221,#2222,#2223,#2224,#2225,#2226,#2227,#2228,#2229,
#2230,#2231,#2232,#2233,#2234,#2235,#2236,#2237,#2238,#2239,#2240,#2241,
#2242,#2243,#2244,#2245,#2246,#2247,#2248,#2249,#2250,#2251,#2252,#2253,
#2254,#2255,#2256,#2257,#2258,#2259,#2260,#2261,#2262,#2263,#2264,#2265,
#2266,#2267,#2268,#2269,#2270,#2271,#2272,#2273,#2274,#2275,#2276,#2277,
#2278,#2279,#2280,#2281,#2282,#2283,#2284,#2285,#2286,#2287,#2288,#2289,
#2290,#2291,#2292,#2293,#2294,#2295,#2296,#2297,#2298,#2299,#2300,#2301,
#2302,#2303,#2304,#2305,#2306,#2307,#2308,#2309,#2310,#2311,#2312,#2313,
#2314,#2315,#2316,#2317,#2318,#2319,#2320,#2321,#2322,#2323,#2324,#2325,
#2326,#2327,#2328,#2329),.UNSPECIFIED.,.F.,.F.)
B_SPLINE_CURVE_WITH_KNOTS((3,2,2,2,2,2,2,2,2,2,2,2,2,2,2,2,2,2,2,2,2,2,
2,2,2,2,2,2,2,2,2,2,2,2,2,2,2,2,2,2,2,2,2,2,2,2,2,2,2,2,2,2,2,2,2,2,2,2,
2,2,2,2,2,2,2,2,3),(0.,0.0151515151515152,0.0303030303030303,0.0454545454545455,
0.0606060606060606,0.0757575757575758,0.0909090909090909,0.106060606060606,
0.121212121212121,0.136363636363636,0.151515151515151,0.166666666666667,
0.181818181818182,0.196969696969697,0.212121212121212,0.227272727272728,
0.242424242424243,0.257575757575758,0.272727272727273,0.287878787878788,
0.303030303030303,0.318181818181818,0.333333333333334,0.348484848484849,
0.363636363636364,0.378787878787879,0.393939393939394,0.409090909090909,
0.424242424242425,0.43939393939394,0.454545454545455,0.46969696969697,0.484848484848485,
0.5,0.515151515151515,0.53030303030303,0.545454545454545,0.560606060606061,
0.575757575757576,0.590909090909091,0.606060606060606,0.621212121212121,
0.636363636363636,0.651515151515152,0.666666666666667,0.681818181818182,
0.696969696969697,0.712121212121212,0.727272727272727,0.742424242424242,
0.757575757575758,0.772727272727273,0.787878787878788,0.803030303030303,
0.818181818181818,0.833333333333333,0.848484848484849,0.863636363636364,
0.878787878787879,0.893939393939394,0.909090909090909,0.924242424242424,
0.939393939393939,0.954545454545455,0.96969696969697,0.984848484848485,
1.),.UNSPECIFIED.)
CURVE()
GEOMETRIC_REPRESENTATION_ITEM()
RATIONAL_B_SPLINE_CURVE((1.,0.866025403784439,1.,0.866025403784439,1.,0.866025403784439,
1.,0.866025403784439,1.,0.866025403784439,1.,0.866025403784439,1.,0.866025403784439,
1.,0.866025403784439,1.,0.866025403784439,1.,0.866025403784439,1.,0.866025403784439,
1.,0.866025403784439,1.,0.866025403784439,1.,0.866025403784439,1.,0.866025403784439,
1.,0.866025403784439,1.,0.866025403784439,1.,0.866025403784439,1.,0.866025403784439,
1.,0.866025403784439,1.,0.866025403784439,1.,0.866025403784439,1.,0.866025403784439,
1.,0.866025403784439,1.,0.866025403784439,1.,0.866025403784439,1.,0.866025403784439,
1.,0.866025403784439,1.,0.866025403784439,1.,0.866025403784439,1.,0.866025403784439,
1.,0.866025403784439,1.,0.866025403784439,1.,0.866025403784439,1.,0.866025403784439,
1.,0.866025403784439,1.,0.866025403784439,1.,0.866025403784439,1.,0.866025403784439,
1.,0.866025403784439,1.,0.866025403784439,1.,0.866025403784439,1.,0.866025403784439,
1.,0.866025403784439,1.,0.866025403784439,1.,0.866025403784439,1.,0.866025403784439,
1.,0.866025403784439,1.,0.866025403784439,1.,0.866025403784439,1.,0.866025403784439,
1.,0.866025403784439,1.,0.866025403784439,1.,0.866025403784439,1.,0.866025403784439,
1.,0.866025403784439,1.,0.866025403784439,1.,0.866025403784439,1.,0.866025403784439,
1.,0.866025403784439,1.,0.866025403784439,1.,0.866025403784439,1.,0.866025403784439,
1.,0.866025403784439,1.,0.866025403784439,1.,0.866025403784439,1.))
REPRESENTATION_ITEM('')
);
#18=(
BOUNDED_CURVE()
B_SPLINE_CURVE(2,(#2529,#2530,#2531,#2532,#2533,#2534,#2535,#2536,#2537,
#2538,#2539,#2540,#2541,#2542,#2543,#2544,#2545,#2546,#2547,#2548,#2549,
#2550,#2551,#2552,#2553,#2554,#2555,#2556,#2557,#2558,#2559,#2560,#2561,
#2562,#2563,#2564,#2565,#2566,#2567,#2568,#2569,#2570,#2571,#2572,#2573,
#2574,#2575,#2576,#2577,#2578,#2579,#2580,#2581,#2582,#2583,#2584,#2585,
#2586,#2587,#2588,#2589,#2590,#2591,#2592,#2593,#2594,#2595,#2596,#2597,
#2598,#2599,#2600,#2601,#2602,#2603,#2604,#2605,#2606,#2607,#2608,#2609,
#2610,#2611,#2612,#2613,#2614,#2615,#2616,#2617,#2618,#2619,#2620,#2621,
#2622,#2623,#2624,#2625,#2626,#2627,#2628,#2629,#2630,#2631,#2632,#2633,
#2634,#2635,#2636,#2637,#2638,#2639,#2640,#2641,#2642,#2643,#2644,#2645,
#2646,#2647,#2648,#2649,#2650,#2651,#2652,#2653,#2654,#2655,#2656,#2657,
#2658,#2659,#2660,#2661),.UNSPECIFIED.,.F.,.F.)
B_SPLINE_CURVE_WITH_KNOTS((3,2,2,2,2,2,2,2,2,2,2,2,2,2,2,2,2,2,2,2,2,2,
2,2,2,2,2,2,2,2,2,2,2,2,2,2,2,2,2,2,2,2,2,2,2,2,2,2,2,2,2,2,2,2,2,2,2,2,
2,2,2,2,2,2,2,2,3),(0.,0.0151515151515152,0.0303030303030303,0.0454545454545455,
0.0606060606060606,0.0757575757575758,0.0909090909090909,0.106060606060606,
0.121212121212121,0.136363636363636,0.151515151515151,0.166666666666667,
0.181818181818182,0.196969696969697,0.212121212121212,0.227272727272728,
0.242424242424243,0.257575757575758,0.272727272727273,0.287878787878788,
0.303030303030303,0.318181818181818,0.333333333333334,0.348484848484849,
0.363636363636364,0.378787878787879,0.393939393939394,0.409090909090909,
0.424242424242425,0.43939393939394,0.454545454545455,0.46969696969697,0.484848484848485,
0.5,0.515151515151515,0.53030303030303,0.545454545454545,0.560606060606061,
0.575757575757576,0.590909090909091,0.606060606060606,0.621212121212121,
0.636363636363636,0.651515151515152,0.666666666666667,0.681818181818182,
0.696969696969697,0.712121212121212,0.727272727272727,0.742424242424242,
0.757575757575758,0.772727272727273,0.787878787878788,0.803030303030303,
0.818181818181818,0.833333333333333,0.848484848484849,0.863636363636364,
0.878787878787879,0.893939393939394,0.909090909090909,0.924242424242424,
0.939393939393939,0.954545454545455,0.96969696969697,0.984848484848485,
1.),.UNSPECIFIED.)
CURVE()
GEOMETRIC_REPRESENTATION_ITEM()
RATIONAL_B_SPLINE_CURVE((1.,0.866025403784439,1.,0.866025403784439,1.,0.866025403784439,
1.,0.866025403784439,1.,0.866025403784439,1.,0.866025403784439,1.,0.866025403784439,
1.,0.866025403784439,1.,0.866025403784439,1.,0.866025403784439,1.,0.866025403784439,
1.,0.866025403784439,1.,0.866025403784439,1.,0.866025403784439,1.,0.866025403784439,
1.,0.866025403784439,1.,0.866025403784439,1.,0.866025403784439,1.,0.866025403784439,
1.,0.866025403784439,1.,0.866025403784439,1.,0.866025403784439,1.,0.866025403784439,
1.,0.866025403784439,1.,0.866025403784439,1.,0.866025403784439,1.,0.866025403784439,
1.,0.866025403784439,1.,0.866025403784439,1.,0.866025403784439,1.,0.866025403784439,
1.,0.866025403784439,1.,0.866025403784439,1.,0.866025403784439,1.,0.866025403784439,
1.,0.866025403784439,1.,0.866025403784439,1.,0.866025403784439,1.,0.866025403784439,
1.,0.866025403784439,1.,0.866025403784439,1.,0.866025403784439,1.,0.866025403784439,
1.,0.866025403784439,1.,0.866025403784439,1.,0.866025403784439,1.,0.866025403784439,
1.,0.866025403784439,1.,0.866025403784439,1.,0.866025403784439,1.,0.866025403784439,
1.,0.866025403784439,1.,0.866025403784439,1.,0.866025403784439,1.,0.866025403784439,
1.,0.866025403784439,1.,0.866025403784439,1.,0.866025403784439,1.,0.866025403784439,
1.,0.866025403784439,1.,0.866025403784439,1.,0.866025403784439,1.,0.866025403784439,
1.,0.866025403784439,1.,0.866025403784439,1.,0.866025403784439,1.))
REPRESENTATION_ITEM('')
);
#19=(
BOUNDED_CURVE()
B_SPLINE_CURVE(2,(#2662,#2663,#2664,#2665,#2666,#2667,#2668,#2669,#2670,
#2671,#2672,#2673,#2674,#2675,#2676,#2677,#2678,#2679,#2680,#2681,#2682,
#2683,#2684,#2685,#2686,#2687,#2688,#2689,#2690,#2691,#2692,#2693,#2694,
#2695,#2696,#2697,#2698,#2699,#2700,#2701,#2702,#2703,#2704,#2705,#2706,
#2707,#2708,#2709,#2710,#2711,#2712,#2713,#2714,#2715,#2716,#2717,#2718,
#2719,#2720,#2721,#2722,#2723,#2724,#2725,#2726,#2727,#2728,#2729,#2730,
#2731,#2732,#2733,#2734,#2735,#2736,#2737,#2738,#2739,#2740,#2741,#2742,
#2743,#2744,#2745,#2746,#2747,#2748,#2749,#2750,#2751,#2752,#2753,#2754,
#2755,#2756,#2757,#2758,#2759,#2760,#2761,#2762,#2763,#2764,#2765,#2766,
#2767,#2768,#2769,#2770,#2771,#2772,#2773,#2774,#2775,#2776,#2777,#2778,
#2779,#2780,#2781,#2782,#2783,#2784,#2785,#2786,#2787,#2788,#2789,#2790,
#2791,#2792,#2793,#2794),.UNSPECIFIED.,.F.,.F.)
B_SPLINE_CURVE_WITH_KNOTS((3,2,2,2,2,2,2,2,2,2,2,2,2,2,2,2,2,2,2,2,2,2,
2,2,2,2,2,2,2,2,2,2,2,2,2,2,2,2,2,2,2,2,2,2,2,2,2,2,2,2,2,2,2,2,2,2,2,2,
2,2,2,2,2,2,2,2,3),(0.,0.0151515151515152,0.0303030303030303,0.0454545454545455,
0.0606060606060606,0.0757575757575758,0.0909090909090909,0.106060606060606,
0.121212121212121,0.136363636363636,0.151515151515151,0.166666666666667,
0.181818181818182,0.196969696969697,0.212121212121212,0.227272727272728,
0.242424242424243,0.257575757575758,0.272727272727273,0.287878787878788,
0.303030303030303,0.318181818181818,0.333333333333334,0.348484848484849,
0.363636363636364,0.378787878787879,0.393939393939394,0.409090909090909,
0.424242424242425,0.43939393939394,0.454545454545455,0.46969696969697,0.484848484848485,
0.5,0.515151515151515,0.53030303030303,0.545454545454545,0.560606060606061,
0.575757575757576,0.590909090909091,0.606060606060606,0.621212121212121,
0.636363636363636,0.651515151515152,0.666666666666667,0.681818181818182,
0.696969696969697,0.712121212121212,0.727272727272727,0.742424242424242,
0.757575757575758,0.772727272727273,0.787878787878788,0.803030303030303,
0.818181818181818,0.833333333333333,0.848484848484849,0.863636363636364,
0.878787878787879,0.893939393939394,0.909090909090909,0.924242424242424,
0.939393939393939,0.954545454545455,0.96969696969697,0.984848484848485,
1.),.UNSPECIFIED.)
CURVE()
GEOMETRIC_REPRESENTATION_ITEM()
RATIONAL_B_SPLINE_CURVE((1.,0.866025403784439,1.,0.866025403784439,1.,0.866025403784439,
1.,0.866025403784439,1.,0.866025403784439,1.,0.866025403784439,1.,0.866025403784439,
1.,0.866025403784439,1.,0.866025403784439,1.,0.866025403784439,1.,0.866025403784439,
1.,0.866025403784439,1.,0.866025403784439,1.,0.866025403784439,1.,0.866025403784439,
1.,0.866025403784439,1.,0.866025403784439,1.,0.866025403784439,1.,0.866025403784439,
1.,0.866025403784439,1.,0.866025403784439,1.,0.866025403784439,1.,0.866025403784439,
1.,0.866025403784439,1.,0.866025403784439,1.,0.866025403784439,1.,0.866025403784439,
1.,0.866025403784439,1.,0.866025403784439,1.,0.866025403784439,1.,0.866025403784439,
1.,0.866025403784439,1.,0.866025403784439,1.,0.866025403784439,1.,0.866025403784439,
1.,0.866025403784439,1.,0.866025403784439,1.,0.866025403784439,1.,0.866025403784439,
1.,0.866025403784439,1.,0.866025403784439,1.,0.866025403784439,1.,0.866025403784439,
1.,0.866025403784439,1.,0.866025403784439,1.,0.866025403784439,1.,0.866025403784439,
1.,0.866025403784439,1.,0.866025403784439,1.,0.866025403784439,1.,0.866025403784439,
1.,0.866025403784439,1.,0.866025403784439,1.,0.866025403784439,1.,0.866025403784439,
1.,0.866025403784439,1.,0.866025403784439,1.,0.866025403784439,1.,0.866025403784439,
1.,0.866025403784439,1.,0.866025403784439,1.,0.866025403784439,1.,0.866025403784439,
1.,0.866025403784439,1.,0.866025403784439,1.,0.866025403784439,1.))
REPRESENTATION_ITEM('')
);
#20=(
BOUNDED_SURFACE()
B_SPLINE_SURFACE(1,2,((#538,#539,#540,#541,#542,#543,#544,#545,#546,#547,
#548,#549,#550,#551,#552,#553,#554,#555,#556,#557,#558,#559,#560,#561,#562,
#563,#564,#565,#566,#567,#568,#569,#570,#571,#572,#573,#574,#575,#576,#577,
#578,#579,#580,#581,#582,#583,#584,#585,#586,#587,#588,#589,#590,#591,#592,
#593,#594,#595,#596,#597,#598,#599,#600,#601,#602,#603,#604,#605,#606,#607,
#608,#609,#610,#611,#612,#613,#614,#615,#616,#617,#618,#619,#620,#621,#622,
#623,#624,#625,#626,#627,#628,#629,#630,#631,#632,#633,#634,#635,#636),
(#637,#638,#639,#640,#641,#642,#643,#644,#645,#646,#647,#648,#649,#650,
#651,#652,#653,#654,#655,#656,#657,#658,#659,#660,#661,#662,#663,#664,#665,
#666,#667,#668,#669,#670,#671,#672,#673,#674,#675,#676,#677,#678,#679,#680,
#681,#682,#683,#684,#685,#686,#687,#688,#689,#690,#691,#692,#693,#694,#695,
#696,#697,#698,#699,#700,#701,#702,#703,#704,#705,#706,#707,#708,#709,#710,
#711,#712,#713,#714,#715,#716,#717,#718,#719,#720,#721,#722,#723,#724,#725,
#726,#727,#728,#729,#730,#731,#732,#733,#734,#735)),.UNSPECIFIED.,.F.,.F.,
 .F.)
B_SPLINE_SURFACE_WITH_KNOTS((2,2),(3,2,2,2,2,2,2,2,2,2,2,2,2,2,2,2,2,2,
2,2,2,2,2,2,2,2,2,2,2,2,2,2,2,2,2,2,2,2,2,2,2,2,2,2,2,2,2,2,2,3),(0.,1.),
(0.14932866270419,0.151515151515151,0.166666666666667,0.181818181818182,
0.196969696969697,0.212121212121212,0.227272727272728,0.242424242424243,
0.257575757575758,0.272727272727273,0.287878787878788,0.303030303030303,
0.318181818181818,0.333333333333334,0.348484848484849,0.363636363636364,
0.378787878787879,0.393939393939394,0.409090909090909,0.424242424242425,
0.43939393939394,0.454545454545455,0.46969696969697,0.484848484848485,0.5,
0.515151515151515,0.53030303030303,0.545454545454545,0.560606060606061,
0.575757575757576,0.590909090909091,0.606060606060606,0.621212121212121,
0.636363636363636,0.651515151515152,0.666666666666667,0.681818181818182,
0.696969696969697,0.712121212121212,0.727272727272727,0.742424242424242,
0.757575757575758,0.772727272727273,0.787878787878788,0.803030303030303,
0.818181818181818,0.833333333333333,0.848484848484849,0.863636363636364,
0.867896648134965),.PIECEWISE_BEZIER_KNOTS.)
GEOMETRIC_REPRESENTATION_ITEM()
RATIONAL_B_SPLINE_SURFACE(((0.966912726126582,0.980666358931824,1.,0.866025403784439,
1.,0.866025403784439,1.,0.866025403784439,1.,0.866025403784439,1.,0.866025403784439,
1.,0.866025403784439,1.,0.866025403784439,1.,0.866025403784439,1.,0.866025403784439,
1.,0.866025403784439,1.,0.866025403784439,1.,0.866025403784439,1.,0.866025403784439,
1.,0.866025403784439,1.,0.866025403784439,1.,0.866025403784439,1.,0.866025403784439,
1.,0.866025403784439,1.,0.866025403784439,1.,0.866025403784439,1.,0.866025403784439,
1.,0.866025403784439,1.,0.866025403784439,1.,0.866025403784439,1.,0.866025403784439,
1.,0.866025403784439,1.,0.866025403784439,1.,0.866025403784439,1.,0.866025403784439,
1.,0.866025403784439,1.,0.866025403784439,1.,0.866025403784439,1.,0.866025403784439,
1.,0.866025403784439,1.,0.866025403784439,1.,0.866025403784439,1.,0.866025403784439,
1.,0.866025403784439,1.,0.866025403784439,1.,0.866025403784439,1.,0.866025403784439,
1.,0.866025403784439,1.,0.866025403784439,1.,0.866025403784439,1.,0.866025403784439,
1.,0.866025403784439,1.,0.866025403784439,1.,0.962329186899408,0.945842840104301),
(0.966912726126582,0.980666358931824,1.,0.866025403784439,1.,0.866025403784439,
1.,0.866025403784439,1.,0.866025403784439,1.,0.866025403784439,1.,0.866025403784439,
1.,0.866025403784439,1.,0.866025403784439,1.,0.866025403784439,1.,0.866025403784439,
1.,0.866025403784439,1.,0.866025403784439,1.,0.866025403784439,1.,0.866025403784439,
1.,0.866025403784439,1.,0.866025403784439,1.,0.866025403784439,1.,0.866025403784439,
1.,0.866025403784439,1.,0.866025403784439,1.,0.866025403784439,1.,0.866025403784439,
1.,0.866025403784439,1.,0.866025403784439,1.,0.866025403784439,1.,0.866025403784439,
1.,0.866025403784439,1.,0.866025403784439,1.,0.866025403784439,1.,0.866025403784439,
1.,0.866025403784439,1.,0.866025403784439,1.,0.866025403784439,1.,0.866025403784439,
1.,0.866025403784439,1.,0.866025403784439,1.,0.866025403784439,1.,0.866025403784439,
1.,0.866025403784439,1.,0.866025403784439,1.,0.866025403784439,1.,0.866025403784439,
1.,0.866025403784439,1.,0.866025403784439,1.,0.866025403784439,1.,0.866025403784439,
1.,0.866025403784439,1.,0.962329186899408,0.945842840104301)))
REPRESENTATION_ITEM('')
SURFACE()
);
#21=(
BOUNDED_SURFACE()
B_SPLINE_SURFACE(1,2,((#1007,#1008,#1009,#1010,#1011,#1012,#1013,#1014,
#1015,#1016,#1017,#1018,#1019,#1020,#1021,#1022,#1023,#1024,#1025,#1026,
#1027,#1028,#1029,#1030,#1031,#1032,#1033,#1034,#1035,#1036,#1037,#1038,
#1039,#1040,#1041,#1042,#1043,#1044,#1045,#1046,#1047,#1048,#1049,#1050,
#1051,#1052,#1053,#1054,#1055,#1056,#1057,#1058,#1059,#1060,#1061,#1062,
#1063,#1064,#1065,#1066,#1067,#1068,#1069,#1070,#1071,#1072,#1073,#1074,
#1075,#1076,#1077,#1078,#1079,#1080,#1081,#1082,#1083,#1084,#1085,#1086,
#1087,#1088,#1089,#1090,#1091,#1092,#1093,#1094,#1095,#1096,#1097,#1098,
#1099,#1100,#1101,#1102,#1103),(#1104,#1105,#1106,#1107,#1108,#1109,#1110,
#1111,#1112,#1113,#1114,#1115,#1116,#1117,#1118,#1119,#1120,#1121,#1122,
#1123,#1124,#1125,#1126,#1127,#1128,#1129,#1130,#1131,#1132,#1133,#1134,
#1135,#1136,#1137,#1138,#1139,#1140,#1141,#1142,#1143,#1144,#1145,#1146,
#1147,#1148,#1149,#1150,#1151,#1152,#1153,#1154,#1155,#1156,#1157,#1158,
#1159,#1160,#1161,#1162,#1163,#1164,#1165,#1166,#1167,#1168,#1169,#1170,
#1171,#1172,#1173,#1174,#1175,#1176,#1177,#1178,#1179,#1180,#1181,#1182,
#1183,#1184,#1185,#1186,#1187,#1188,#1189,#1190,#1191,#1192,#1193,#1194,
#1195,#1196,#1197,#1198,#1199,#1200)),.UNSPECIFIED.,.F.,.F.,.F.)
B_SPLINE_SURFACE_WITH_KNOTS((2,2),(3,2,2,2,2,2,2,2,2,2,2,2,2,2,2,2,2,2,
2,2,2,2,2,2,2,2,2,2,2,2,2,2,2,2,2,2,2,2,2,2,2,2,2,2,2,2,2,2,3),(0.,1.),
(0.109374280523148,0.121212121212121,0.136363636363636,0.151515151515151,
0.166666666666667,0.181818181818182,0.196969696969697,0.212121212121212,
0.227272727272728,0.242424242424243,0.257575757575758,0.272727272727273,
0.287878787878788,0.303030303030303,0.318181818181818,0.333333333333334,
0.348484848484849,0.363636363636364,0.378787878787879,0.393939393939394,
0.409090909090909,0.424242424242425,0.43939393939394,0.454545454545455,
0.46969696969697,0.484848484848485,0.5,0.515151515151515,0.53030303030303,
0.545454545454545,0.560606060606061,0.575757575757576,0.590909090909091,
0.606060606060606,0.621212121212121,0.636363636363636,0.651515151515152,
0.666666666666667,0.681818181818182,0.696969696969697,0.712121212121212,
0.727272727272727,0.742424242424242,0.757575757575758,0.772727272727273,
0.787878787878788,0.803030303030303,0.818181818181818,0.828245632285211),
 .PIECEWISE_BEZIER_KNOTS.)
GEOMETRIC_REPRESENTATION_ITEM()
RATIONAL_B_SPLINE_SURFACE(((0.954215059366162,0.895325984859626,1.,0.866025403784439,
1.,0.866025403784439,1.,0.866025403784439,1.,0.866025403784439,1.,0.866025403784439,
1.,0.866025403784439,1.,0.866025403784439,1.,0.866025403784439,1.,0.866025403784439,
1.,0.866025403784439,1.,0.866025403784439,1.,0.866025403784439,1.,0.866025403784439,
1.,0.866025403784439,1.,0.866025403784439,1.,0.866025403784439,1.,0.866025403784439,
1.,0.866025403784439,1.,0.866025403784439,1.,0.866025403784439,1.,0.866025403784439,
1.,0.866025403784439,1.,0.866025403784439,1.,0.866025403784439,1.,0.866025403784439,
1.,0.866025403784439,1.,0.866025403784439,1.,0.866025403784439,1.,0.866025403784439,
1.,0.866025403784439,1.,0.866025403784439,1.,0.866025403784439,1.,0.866025403784439,
1.,0.866025403784439,1.,0.866025403784439,1.,0.866025403784439,1.,0.866025403784439,
1.,0.866025403784439,1.,0.866025403784439,1.,0.866025403784439,1.,0.866025403784439,
1.,0.866025403784439,1.,0.866025403784439,1.,0.866025403784439,1.,0.866025403784439,
1.,0.866025403784439,1.,0.911012501561223,0.940238083841873),(0.954215059366162,
0.895325984859626,1.,0.866025403784439,1.,0.866025403784439,1.,0.866025403784439,
1.,0.866025403784439,1.,0.866025403784439,1.,0.866025403784439,1.,0.866025403784439,
1.,0.866025403784439,1.,0.866025403784439,1.,0.866025403784439,1.,0.866025403784439,
1.,0.866025403784439,1.,0.866025403784439,1.,0.866025403784439,1.,0.866025403784439,
1.,0.866025403784439,1.,0.866025403784439,1.,0.866025403784439,1.,0.866025403784439,
1.,0.866025403784439,1.,0.866025403784439,1.,0.866025403784439,1.,0.866025403784439,
1.,0.866025403784439,1.,0.866025403784439,1.,0.866025403784439,1.,0.866025403784439,
1.,0.866025403784439,1.,0.866025403784439,1.,0.866025403784439,1.,0.866025403784439,
1.,0.866025403784439,1.,0.866025403784439,1.,0.866025403784439,1.,0.866025403784439,
1.,0.866025403784439,1.,0.866025403784439,1.,0.866025403784439,1.,0.866025403784439,
1.,0.866025403784439,1.,0.866025403784439,1.,0.866025403784439,1.,0.866025403784439,
1.,0.866025403784439,1.,0.866025403784439,1.,0.866025403784439,1.,0.911012501561223,
0.940238083841873)))
REPRESENTATION_ITEM('')
SURFACE()
);
#22=(
BOUNDED_SURFACE()
B_SPLINE_SURFACE(3,2,((#1472,#1473,#1474,#1475,#1476,#1477,#1478,#1479,
#1480,#1481,#1482,#1483,#1484,#1485,#1486,#1487,#1488,#1489,#1490,#1491,
#1492,#1493,#1494,#1495,#1496,#1497,#1498,#1499,#1500,#1501,#1502,#1503,
#1504,#1505,#1506,#1507,#1508,#1509,#1510,#1511,#1512,#1513,#1514,#1515,
#1516,#1517,#1518,#1519,#1520,#1521,#1522,#1523,#1524,#1525,#1526,#1527,
#1528,#1529,#1530,#1531,#1532,#1533,#1534,#1535,#1536,#1537,#1538,#1539,
#1540,#1541,#1542,#1543,#1544,#1545,#1546,#1547,#1548,#1549,#1550,#1551,
#1552,#1553,#1554,#1555,#1556,#1557,#1558,#1559,#1560,#1561,#1562,#1563,
#1564,#1565,#1566),(#1567,#1568,#1569,#1570,#1571,#1572,#1573,#1574,#1575,
#1576,#1577,#1578,#1579,#1580,#1581,#1582,#1583,#1584,#1585,#1586,#1587,
#1588,#1589,#1590,#1591,#1592,#1593,#1594,#1595,#1596,#1597,#1598,#1599,
#1600,#1601,#1602,#1603,#1604,#1605,#1606,#1607,#1608,#1609,#1610,#1611,
#1612,#1613,#1614,#1615,#1616,#1617,#1618,#1619,#1620,#1621,#1622,#1623,
#1624,#1625,#1626,#1627,#1628,#1629,#1630,#1631,#1632,#1633,#1634,#1635,
#1636,#1637,#1638,#1639,#1640,#1641,#1642,#1643,#1644,#1645,#1646,#1647,
#1648,#1649,#1650,#1651,#1652,#1653,#1654,#1655,#1656,#1657,#1658,#1659,
#1660,#1661),(#1662,#1663,#1664,#1665,#1666,#1667,#1668,#1669,#1670,#1671,
#1672,#1673,#1674,#1675,#1676,#1677,#1678,#1679,#1680,#1681,#1682,#1683,
#1684,#1685,#1686,#1687,#1688,#1689,#1690,#1691,#1692,#1693,#1694,#1695,
#1696,#1697,#1698,#1699,#1700,#1701,#1702,#1703,#1704,#1705,#1706,#1707,
#1708,#1709,#1710,#1711,#1712,#1713,#1714,#1715,#1716,#1717,#1718,#1719,
#1720,#1721,#1722,#1723,#1724,#1725,#1726,#1727,#1728,#1729,#1730,#1731,
#1732,#1733,#1734,#1735,#1736,#1737,#1738,#1739,#1740,#1741,#1742,#1743,
#1744,#1745,#1746,#1747,#1748,#1749,#1750,#1751,#1752,#1753,#1754,#1755,
#1756),(#1757,#1758,#1759,#1760,#1761,#1762,#1763,#1764,#1765,#1766,#1767,
#1768,#1769,#1770,#1771,#1772,#1773,#1774,#1775,#1776,#1777,#1778,#1779,
#1780,#1781,#1782,#1783,#1784,#1785,#1786,#1787,#1788,#1789,#1790,#1791,
#1792,#1793,#1794,#1795,#1796,#1797,#1798,#1799,#1800,#1801,#1802,#1803,
#1804,#1805,#1806,#1807,#1808,#1809,#1810,#1811,#1812,#1813,#1814,#1815,
#1816,#1817,#1818,#1819,#1820,#1821,#1822,#1823,#1824,#1825,#1826,#1827,
#1828,#1829,#1830,#1831,#1832,#1833,#1834,#1835,#1836,#1837,#1838,#1839,
#1840,#1841,#1842,#1843,#1844,#1845,#1846,#1847,#1848,#1849,#1850,#1851)),
 .UNSPECIFIED.,.F.,.F.,.F.)
B_SPLINE_SURFACE_WITH_KNOTS((4,4),(3,2,2,2,2,2,2,2,2,2,2,2,2,2,2,2,2,2,
2,2,2,2,2,2,2,2,2,2,2,2,2,2,2,2,2,2,2,2,2,2,2,2,2,2,2,2,2,3),(0.,1.),(0.138005916783814,
0.151515151515151,0.166666666666667,0.181818181818182,0.196969696969697,
0.212121212121212,0.227272727272728,0.242424242424243,0.257575757575758,
0.272727272727273,0.287878787878788,0.303030303030303,0.318181818181818,
0.333333333333334,0.348484848484849,0.363636363636364,0.378787878787879,
0.393939393939394,0.409090909090909,0.424242424242425,0.43939393939394,
0.454545454545455,0.46969696969697,0.484848484848485,0.5,0.515151515151515,
0.53030303030303,0.545454545454545,0.560606060606061,0.575757575757576,
0.590909090909091,0.606060606060606,0.621212121212121,0.636363636363636,
0.651515151515152,0.666666666666667,0.681818181818182,0.696969696969697,
0.712121212121212,0.727272727272727,0.742424242424242,0.757575757575758,
0.772727272727273,0.787878787878788,0.803030303030303,0.818181818181818,
0.833333333333333,0.839566579590982),.PIECEWISE_BEZIER_KNOTS.)
GEOMETRIC_REPRESENTATION_ITEM()
RATIONAL_B_SPLINE_SURFACE(((0.974104852653836,0.880546978291393,1.,0.866025403784439,
1.,0.866025403784439,1.,0.866025403784439,1.,0.866025403784439,1.,0.866025403784439,
1.,0.866025403784439,1.,0.866025403784439,1.,0.866025403784439,1.,0.866025403784439,
1.,0.866025403784439,1.,0.866025403784439,1.,0.866025403784439,1.,0.866025403784439,
1.,0.866025403784439,1.,0.866025403784439,1.,0.866025403784439,1.,0.866025403784439,
1.,0.866025403784439,1.,0.866025403784439,1.,0.866025403784439,1.,0.866025403784439,
1.,0.866025403784439,1.,0.866025403784439,1.,0.866025403784439,1.,0.866025403784439,
1.,0.866025403784439,1.,0.866025403784439,1.,0.866025403784439,1.,0.866025403784439,
1.,0.866025403784439,1.,0.866025403784439,1.,0.866025403784439,1.,0.866025403784439,
1.,0.866025403784439,1.,0.866025403784439,1.,0.866025403784439,1.,0.866025403784439,
1.,0.866025403784439,1.,0.866025403784439,1.,0.866025403784439,1.,0.866025403784439,
1.,0.866025403784439,1.,0.866025403784439,1.,0.866025403784439,1.,0.866025403784439,
1.,0.944883621068276,0.935116365214447),(0.71434355861277,0.645734450746982,
0.733333333333289,0.63508529610855,0.733333333333289,0.63508529610855,0.733333333333289,
0.63508529610855,0.733333333333289,0.63508529610855,0.733333333333289,0.63508529610855,
0.733333333333289,0.63508529610855,0.733333333333289,0.63508529610855,0.733333333333289,
0.63508529610855,0.733333333333289,0.63508529610855,0.733333333333289,0.63508529610855,
0.733333333333289,0.63508529610855,0.733333333333289,0.63508529610855,0.733333333333289,
0.63508529610855,0.733333333333289,0.63508529610855,0.733333333333289,0.63508529610855,
0.733333333333289,0.63508529610855,0.733333333333289,0.63508529610855,0.733333333333289,
0.63508529610855,0.733333333333289,0.63508529610855,0.733333333333289,0.63508529610855,
0.733333333333289,0.63508529610855,0.733333333333289,0.63508529610855,0.733333333333289,
0.63508529610855,0.733333333333289,0.63508529610855,0.733333333333289,0.63508529610855,
0.733333333333289,0.63508529610855,0.733333333333289,0.63508529610855,0.733333333333289,
0.63508529610855,0.733333333333289,0.63508529610855,0.733333333333289,0.63508529610855,
0.733333333333289,0.63508529610855,0.733333333333289,0.63508529610855,0.733333333333289,
0.63508529610855,0.733333333333289,0.63508529610855,0.733333333333289,0.63508529610855,
0.733333333333289,0.63508529610855,0.733333333333289,0.63508529610855,0.733333333333289,
0.63508529610855,0.733333333333289,0.63508529610855,0.733333333333289,0.63508529610855,
0.733333333333289,0.63508529610855,0.733333333333289,0.63508529610855,0.733333333333289,
0.63508529610855,0.733333333333289,0.63508529610855,0.733333333333289,0.63508529610855,
0.733333333333289,0.692914655450027,0.68575200115722),(0.71434355861277,
0.645734450746982,0.733333333333289,0.63508529610855,0.733333333333289,
0.63508529610855,0.733333333333289,0.63508529610855,0.733333333333289,0.63508529610855,
0.733333333333289,0.63508529610855,0.733333333333289,0.63508529610855,0.733333333333289,
0.63508529610855,0.733333333333289,0.63508529610855,0.733333333333289,0.63508529610855,
0.733333333333289,0.63508529610855,0.733333333333289,0.63508529610855,0.733333333333289,
0.63508529610855,0.733333333333289,0.63508529610855,0.733333333333289,0.63508529610855,
0.733333333333289,0.63508529610855,0.733333333333289,0.63508529610855,0.733333333333289,
0.63508529610855,0.733333333333289,0.63508529610855,0.733333333333289,0.63508529610855,
0.733333333333289,0.63508529610855,0.733333333333289,0.63508529610855,0.733333333333289,
0.63508529610855,0.733333333333289,0.63508529610855,0.733333333333289,0.63508529610855,
0.733333333333289,0.63508529610855,0.733333333333289,0.63508529610855,0.733333333333289,
0.63508529610855,0.733333333333289,0.63508529610855,0.733333333333289,0.63508529610855,
0.733333333333289,0.63508529610855,0.733333333333289,0.63508529610855,0.733333333333289,
0.63508529610855,0.733333333333289,0.63508529610855,0.733333333333289,0.63508529610855,
0.733333333333289,0.63508529610855,0.733333333333289,0.63508529610855,0.733333333333289,
0.63508529610855,0.733333333333289,0.63508529610855,0.733333333333289,0.63508529610855,
0.733333333333289,0.63508529610855,0.733333333333289,0.63508529610855,0.733333333333289,
0.63508529610855,0.733333333333289,0.63508529610855,0.733333333333289,0.63508529610855,
0.733333333333289,0.63508529610855,0.733333333333289,0.692914655450027,
0.68575200115722),(0.974104852653836,0.880546978291393,1.,0.866025403784439,
1.,0.866025403784439,1.,0.866025403784439,1.,0.866025403784439,1.,0.866025403784439,
1.,0.866025403784439,1.,0.866025403784439,1.,0.866025403784439,1.,0.866025403784439,
1.,0.866025403784439,1.,0.866025403784439,1.,0.866025403784439,1.,0.866025403784439,
1.,0.866025403784439,1.,0.866025403784439,1.,0.866025403784439,1.,0.866025403784439,
1.,0.866025403784439,1.,0.866025403784439,1.,0.866025403784439,1.,0.866025403784439,
1.,0.866025403784439,1.,0.866025403784439,1.,0.866025403784439,1.,0.866025403784439,
1.,0.866025403784439,1.,0.866025403784439,1.,0.866025403784439,1.,0.866025403784439,
1.,0.866025403784439,1.,0.866025403784439,1.,0.866025403784439,1.,0.866025403784439,
1.,0.866025403784439,1.,0.866025403784439,1.,0.866025403784439,1.,0.866025403784439,
1.,0.866025403784439,1.,0.866025403784439,1.,0.866025403784439,1.,0.866025403784439,
1.,0.866025403784439,1.,0.866025403784439,1.,0.866025403784439,1.,0.866025403784439,
1.,0.944883621068276,0.935116365214447)))
REPRESENTATION_ITEM('')
SURFACE()
);
#23=(
BOUNDED_SURFACE()
B_SPLINE_SURFACE(1,2,((#1861,#1862,#1863,#1864,#1865,#1866,#1867,#1868,
#1869,#1870,#1871,#1872,#1873,#1874,#1875,#1876,#1877,#1878,#1879,#1880,
#1881,#1882,#1883,#1884,#1885,#1886,#1887,#1888,#1889,#1890,#1891,#1892,
#1893,#1894,#1895,#1896,#1897,#1898,#1899,#1900,#1901,#1902,#1903,#1904,
#1905,#1906,#1907,#1908,#1909,#1910,#1911,#1912,#1913,#1914,#1915,#1916,
#1917,#1918,#1919,#1920,#1921,#1922,#1923,#1924,#1925,#1926,#1927,#1928,
#1929,#1930,#1931,#1932,#1933,#1934,#1935,#1936,#1937,#1938,#1939,#1940,
#1941,#1942,#1943,#1944,#1945,#1946,#1947,#1948,#1949,#1950,#1951,#1952,
#1953,#1954,#1955,#1956,#1957,#1958,#1959),(#1960,#1961,#1962,#1963,#1964,
#1965,#1966,#1967,#1968,#1969,#1970,#1971,#1972,#1973,#1974,#1975,#1976,
#1977,#1978,#1979,#1980,#1981,#1982,#1983,#1984,#1985,#1986,#1987,#1988,
#1989,#1990,#1991,#1992,#1993,#1994,#1995,#1996,#1997,#1998,#1999,#2000,
#2001,#2002,#2003,#2004,#2005,#2006,#2007,#2008,#2009,#2010,#2011,#2012,
#2013,#2014,#2015,#2016,#2017,#2018,#2019,#2020,#2021,#2022,#2023,#2024,
#2025,#2026,#2027,#2028,#2029,#2030,#2031,#2032,#2033,#2034,#2035,#2036,
#2037,#2038,#2039,#2040,#2041,#2042,#2043,#2044,#2045,#2046,#2047,#2048,
#2049,#2050,#2051,#2052,#2053,#2054,#2055,#2056,#2057,#2058)),
 .UNSPECIFIED.,.F.,.F.,.F.)
B_SPLINE_SURFACE_WITH_KNOTS((2,2),(3,2,2,2,2,2,2,2,2,2,2,2,2,2,2,2,2,2,
2,2,2,2,2,2,2,2,2,2,2,2,2,2,2,2,2,2,2,2,2,2,2,2,2,2,2,2,2,2,2,3),(0.,1.),
(0.14932866270419,0.151515151515151,0.166666666666667,0.181818181818182,
0.196969696969697,0.212121212121212,0.227272727272728,0.242424242424243,
0.257575757575758,0.272727272727273,0.287878787878788,0.303030303030303,
0.318181818181818,0.333333333333334,0.348484848484849,0.363636363636364,
0.378787878787879,0.393939393939394,0.409090909090909,0.424242424242425,
0.43939393939394,0.454545454545455,0.46969696969697,0.484848484848485,0.5,
0.515151515151515,0.53030303030303,0.545454545454545,0.560606060606061,
0.575757575757576,0.590909090909091,0.606060606060606,0.621212121212121,
0.636363636363636,0.651515151515152,0.666666666666667,0.681818181818182,
0.696969696969697,0.712121212121212,0.727272727272727,0.742424242424242,
0.757575757575758,0.772727272727273,0.787878787878788,0.803030303030303,
0.818181818181818,0.833333333333333,0.848484848484849,0.863636363636364,
0.867896648134966),.PIECEWISE_BEZIER_KNOTS.)
GEOMETRIC_REPRESENTATION_ITEM()
RATIONAL_B_SPLINE_SURFACE(((0.966912726126582,0.980666358931824,1.,0.866025403784439,
1.,0.866025403784439,1.,0.866025403784439,1.,0.866025403784439,1.,0.866025403784439,
1.,0.866025403784439,1.,0.866025403784439,1.,0.866025403784439,1.,0.866025403784439,
1.,0.866025403784439,1.,0.866025403784439,1.,0.866025403784439,1.,0.866025403784439,
1.,0.866025403784439,1.,0.866025403784439,1.,0.866025403784439,1.,0.866025403784439,
1.,0.866025403784439,1.,0.866025403784439,1.,0.866025403784439,1.,0.866025403784439,
1.,0.866025403784439,1.,0.866025403784439,1.,0.866025403784439,1.,0.866025403784439,
1.,0.866025403784439,1.,0.866025403784439,1.,0.866025403784439,1.,0.866025403784439,
1.,0.866025403784439,1.,0.866025403784439,1.,0.866025403784439,1.,0.866025403784439,
1.,0.866025403784439,1.,0.866025403784439,1.,0.866025403784439,1.,0.866025403784439,
1.,0.866025403784439,1.,0.866025403784439,1.,0.866025403784439,1.,0.866025403784439,
1.,0.866025403784439,1.,0.866025403784439,1.,0.866025403784439,1.,0.866025403784439,
1.,0.866025403784439,1.,0.866025403784439,1.,0.962329186899401,0.945842840104294),
(0.966912726126582,0.980666358931824,1.,0.866025403784439,1.,0.866025403784439,
1.,0.866025403784439,1.,0.866025403784439,1.,0.866025403784439,1.,0.866025403784439,
1.,0.866025403784439,1.,0.866025403784439,1.,0.866025403784439,1.,0.866025403784439,
1.,0.866025403784439,1.,0.866025403784439,1.,0.866025403784439,1.,0.866025403784439,
1.,0.866025403784439,1.,0.866025403784439,1.,0.866025403784439,1.,0.866025403784439,
1.,0.866025403784439,1.,0.866025403784439,1.,0.866025403784439,1.,0.866025403784439,
1.,0.866025403784439,1.,0.866025403784439,1.,0.866025403784439,1.,0.866025403784439,
1.,0.866025403784439,1.,0.866025403784439,1.,0.866025403784439,1.,0.866025403784439,
1.,0.866025403784439,1.,0.866025403784439,1.,0.866025403784439,1.,0.866025403784439,
1.,0.866025403784439,1.,0.866025403784439,1.,0.866025403784439,1.,0.866025403784439,
1.,0.866025403784439,1.,0.866025403784439,1.,0.866025403784439,1.,0.866025403784439,
1.,0.866025403784439,1.,0.866025403784439,1.,0.866025403784439,1.,0.866025403784439,
1.,0.866025403784439,1.,0.962329186899401,0.945842840104294)))
REPRESENTATION_ITEM('')
SURFACE()
);
#24=(
BOUNDED_SURFACE()
B_SPLINE_SURFACE(1,2,((#2330,#2331,#2332,#2333,#2334,#2335,#2336,#2337,
#2338,#2339,#2340,#2341,#2342,#2343,#2344,#2345,#2346,#2347,#2348,#2349,
#2350,#2351,#2352,#2353,#2354,#2355,#2356,#2357,#2358,#2359,#2360,#2361,
#2362,#2363,#2364,#2365,#2366,#2367,#2368,#2369,#2370,#2371,#2372,#2373,
#2374,#2375,#2376,#2377,#2378,#2379,#2380,#2381,#2382,#2383,#2384,#2385,
#2386,#2387,#2388,#2389,#2390,#2391,#2392,#2393,#2394,#2395,#2396,#2397,
#2398,#2399,#2400,#2401,#2402,#2403,#2404,#2405,#2406,#2407,#2408,#2409,
#2410,#2411,#2412,#2413,#2414,#2415,#2416,#2417,#2418,#2419,#2420,#2421,
#2422,#2423,#2424,#2425,#2426),(#2427,#2428,#2429,#2430,#2431,#2432,#2433,
#2434,#2435,#2436,#2437,#2438,#2439,#2440,#2441,#2442,#2443,#2444,#2445,
#2446,#2447,#2448,#2449,#2450,#2451,#2452,#2453,#2454,#2455,#2456,#2457,
#2458,#2459,#2460,#2461,#2462,#2463,#2464,#2465,#2466,#2467,#2468,#2469,
#2470,#2471,#2472,#2473,#2474,#2475,#2476,#2477,#2478,#2479,#2480,#2481,
#2482,#2483,#2484,#2485,#2486,#2487,#2488,#2489,#2490,#2491,#2492,#2493,
#2494,#2495,#2496,#2497,#2498,#2499,#2500,#2501,#2502,#2503,#2504,#2505,
#2506,#2507,#2508,#2509,#2510,#2511,#2512,#2513,#2514,#2515,#2516,#2517,
#2518,#2519,#2520,#2521,#2522,#2523)),.UNSPECIFIED.,.F.,.F.,.F.)
B_SPLINE_SURFACE_WITH_KNOTS((2,2),(3,2,2,2,2,2,2,2,2,2,2,2,2,2,2,2,2,2,
2,2,2,2,2,2,2,2,2,2,2,2,2,2,2,2,2,2,2,2,2,2,2,2,2,2,2,2,2,2,3),(0.,1.),
(0.10937428052315,0.121212121212121,0.136363636363636,0.151515151515151,
0.166666666666667,0.181818181818182,0.196969696969697,0.212121212121212,
0.227272727272728,0.242424242424243,0.257575757575758,0.272727272727273,
0.287878787878788,0.303030303030303,0.318181818181818,0.333333333333334,
0.348484848484849,0.363636363636364,0.378787878787879,0.393939393939394,
0.409090909090909,0.424242424242425,0.43939393939394,0.454545454545455,
0.46969696969697,0.484848484848485,0.5,0.515151515151515,0.53030303030303,
0.545454545454545,0.560606060606061,0.575757575757576,0.590909090909091,
0.606060606060606,0.621212121212121,0.636363636363636,0.651515151515152,
0.666666666666667,0.681818181818182,0.696969696969697,0.712121212121212,
0.727272727272727,0.742424242424242,0.757575757575758,0.772727272727273,
0.787878787878788,0.803030303030303,0.818181818181818,0.828245632285214),
 .PIECEWISE_BEZIER_KNOTS.)
GEOMETRIC_REPRESENTATION_ITEM()
RATIONAL_B_SPLINE_SURFACE(((0.954215059366146,0.895325984859641,1.,0.866025403784439,
1.,0.866025403784439,1.,0.866025403784439,1.,0.866025403784439,1.,0.866025403784439,
1.,0.866025403784439,1.,0.866025403784439,1.,0.866025403784439,1.,0.866025403784439,
1.,0.866025403784439,1.,0.866025403784439,1.,0.866025403784439,1.,0.866025403784439,
1.,0.866025403784439,1.,0.866025403784439,1.,0.866025403784439,1.,0.866025403784439,
1.,0.866025403784439,1.,0.866025403784439,1.,0.866025403784439,1.,0.866025403784439,
1.,0.866025403784439,1.,0.866025403784439,1.,0.866025403784439,1.,0.866025403784439,
1.,0.866025403784439,1.,0.866025403784439,1.,0.866025403784439,1.,0.866025403784439,
1.,0.866025403784439,1.,0.866025403784439,1.,0.866025403784439,1.,0.866025403784439,
1.,0.866025403784439,1.,0.866025403784439,1.,0.866025403784439,1.,0.866025403784439,
1.,0.866025403784439,1.,0.866025403784439,1.,0.866025403784439,1.,0.866025403784439,
1.,0.866025403784439,1.,0.866025403784439,1.,0.866025403784439,1.,0.866025403784439,
1.,0.866025403784439,1.,0.911012501561195,0.940238083841891),(0.954215059366146,
0.895325984859641,1.,0.866025403784439,1.,0.866025403784439,1.,0.866025403784439,
1.,0.866025403784439,1.,0.866025403784439,1.,0.866025403784439,1.,0.866025403784439,
1.,0.866025403784439,1.,0.866025403784439,1.,0.866025403784439,1.,0.866025403784439,
1.,0.866025403784439,1.,0.866025403784439,1.,0.866025403784439,1.,0.866025403784439,
1.,0.866025403784439,1.,0.866025403784439,1.,0.866025403784439,1.,0.866025403784439,
1.,0.866025403784439,1.,0.866025403784439,1.,0.866025403784439,1.,0.866025403784439,
1.,0.866025403784439,1.,0.866025403784439,1.,0.866025403784439,1.,0.866025403784439,
1.,0.866025403784439,1.,0.866025403784439,1.,0.866025403784439,1.,0.866025403784439,
1.,0.866025403784439,1.,0.866025403784439,1.,0.866025403784439,1.,0.866025403784439,
1.,0.866025403784439,1.,0.866025403784439,1.,0.866025403784439,1.,0.866025403784439,
1.,0.866025403784439,1.,0.866025403784439,1.,0.866025403784439,1.,0.866025403784439,
1.,0.866025403784439,1.,0.866025403784439,1.,0.866025403784439,1.,0.911012501561195,
0.940238083841891)))
REPRESENTATION_ITEM('')
SURFACE()
);
#25=(
BOUNDED_SURFACE()
B_SPLINE_SURFACE(3,2,((#2795,#2796,#2797,#2798,#2799,#2800,#2801,#2802,
#2803,#2804,#2805,#2806,#2807,#2808,#2809,#2810,#2811,#2812,#2813,#2814,
#2815,#2816,#2817,#2818,#2819,#2820,#2821,#2822,#2823,#2824,#2825,#2826,
#2827,#2828,#2829,#2830,#2831,#2832,#2833,#2834,#2835,#2836,#2837,#2838,
#2839,#2840,#2841,#2842,#2843,#2844,#2845,#2846,#2847,#2848,#2849,#2850,
#2851,#2852,#2853,#2854,#2855,#2856,#2857,#2858,#2859,#2860,#2861,#2862,
#2863,#2864,#2865,#2866,#2867,#2868,#2869,#2870,#2871,#2872,#2873,#2874,
#2875,#2876,#2877,#2878,#2879,#2880,#2881,#2882,#2883,#2884,#2885,#2886,
#2887,#2888,#2889),(#2890,#2891,#2892,#2893,#2894,#2895,#2896,#2897,#2898,
#2899,#2900,#2901,#2902,#2903,#2904,#2905,#2906,#2907,#2908,#2909,#2910,
#2911,#2912,#2913,#2914,#2915,#2916,#2917,#2918,#2919,#2920,#2921,#2922,
#2923,#2924,#2925,#2926,#2927,#2928,#2929,#2930,#2931,#2932,#2933,#2934,
#2935,#2936,#2937,#2938,#2939,#2940,#2941,#2942,#2943,#2944,#2945,#2946,
#2947,#2948,#2949,#2950,#2951,#2952,#2953,#2954,#2955,#2956,#2957,#2958,
#2959,#2960,#2961,#2962,#2963,#2964,#2965,#2966,#2967,#2968,#2969,#2970,
#2971,#2972,#2973,#2974,#2975,#2976,#2977,#2978,#2979,#2980,#2981,#2982,
#2983,#2984),(#2985,#2986,#2987,#2988,#2989,#2990,#2991,#2992,#2993,#2994,
#2995,#2996,#2997,#2998,#2999,#3000,#3001,#3002,#3003,#3004,#3005,#3006,
#3007,#3008,#3009,#3010,#3011,#3012,#3013,#3014,#3015,#3016,#3017,#3018,
#3019,#3020,#3021,#3022,#3023,#3024,#3025,#3026,#3027,#3028,#3029,#3030,
#3031,#3032,#3033,#3034,#3035,#3036,#3037,#3038,#3039,#3040,#3041,#3042,
#3043,#3044,#3045,#3046,#3047,#3048,#3049,#3050,#3051,#3052,#3053,#3054,
#3055,#3056,#3057,#3058,#3059,#3060,#3061,#3062,#3063,#3064,#3065,#3066,
#3067,#3068,#3069,#3070,#3071,#3072,#3073,#3074,#3075,#3076,#3077,#3078,
#3079),(#3080,#3081,#3082,#3083,#3084,#3085,#3086,#3087,#3088,#3089,#3090,
#3091,#3092,#3093,#3094,#3095,#3096,#3097,#3098,#3099,#3100,#3101,#3102,
#3103,#3104,#3105,#3106,#3107,#3108,#3109,#3110,#3111,#3112,#3113,#3114,
#3115,#3116,#3117,#3118,#3119,#3120,#3121,#3122,#3123,#3124,#3125,#3126,
#3127,#3128,#3129,#3130,#3131,#3132,#3133,#3134,#3135,#3136,#3137,#3138,
#3139,#3140,#3141,#3142,#3143,#3144,#3145,#3146,#3147,#3148,#3149,#3150,
#3151,#3152,#3153,#3154,#3155,#3156,#3157,#3158,#3159,#3160,#3161,#3162,
#3163,#3164,#3165,#3166,#3167,#3168,#3169,#3170,#3171,#3172,#3173,#3174)),
 .UNSPECIFIED.,.F.,.F.,.F.)
B_SPLINE_SURFACE_WITH_KNOTS((4,4),(3,2,2,2,2,2,2,2,2,2,2,2,2,2,2,2,2,2,
2,2,2,2,2,2,2,2,2,2,2,2,2,2,2,2,2,2,2,2,2,2,2,2,2,2,2,2,2,3),(0.,1.),(0.138005916783816,
0.151515151515151,0.166666666666667,0.181818181818182,0.196969696969697,
0.212121212121212,0.227272727272728,0.242424242424243,0.257575757575758,
0.272727272727273,0.287878787878788,0.303030303030303,0.318181818181818,
0.333333333333334,0.348484848484849,0.363636363636364,0.378787878787879,
0.393939393939394,0.409090909090909,0.424242424242425,0.43939393939394,
0.454545454545455,0.46969696969697,0.484848484848485,0.5,0.515151515151515,
0.53030303030303,0.545454545454545,0.560606060606061,0.575757575757576,
0.590909090909091,0.606060606060606,0.621212121212121,0.636363636363636,
0.651515151515152,0.666666666666667,0.681818181818182,0.696969696969697,
0.712121212121212,0.727272727272727,0.742424242424242,0.757575757575758,
0.772727272727273,0.787878787878788,0.803030303030303,0.818181818181818,
0.833333333333333,0.839566579590976),.PIECEWISE_BEZIER_KNOTS.)
GEOMETRIC_REPRESENTATION_ITEM()
RATIONAL_B_SPLINE_SURFACE(((0.97410485265381,0.88054697829141,1.,0.866025403784439,
1.,0.866025403784439,1.,0.866025403784439,1.,0.866025403784439,1.,0.866025403784439,
1.,0.866025403784439,1.,0.866025403784439,1.,0.866025403784439,1.,0.866025403784439,
1.,0.866025403784439,1.,0.866025403784439,1.,0.866025403784439,1.,0.866025403784439,
1.,0.866025403784439,1.,0.866025403784439,1.,0.866025403784439,1.,0.866025403784439,
1.,0.866025403784439,1.,0.866025403784439,1.,0.866025403784439,1.,0.866025403784439,
1.,0.866025403784439,1.,0.866025403784439,1.,0.866025403784439,1.,0.866025403784439,
1.,0.866025403784439,1.,0.866025403784439,1.,0.866025403784439,1.,0.866025403784439,
1.,0.866025403784439,1.,0.866025403784439,1.,0.866025403784439,1.,0.866025403784439,
1.,0.866025403784439,1.,0.866025403784439,1.,0.866025403784439,1.,0.866025403784439,
1.,0.866025403784439,1.,0.866025403784439,1.,0.866025403784439,1.,0.866025403784439,
1.,0.866025403784439,1.,0.866025403784439,1.,0.866025403784439,1.,0.866025403784439,
1.,0.944883621068332,0.935116365214467),(0.714343558612774,0.645734450747016,
0.733333333333313,0.635085296108571,0.733333333333313,0.635085296108571,
0.733333333333313,0.635085296108571,0.733333333333313,0.635085296108571,
0.733333333333313,0.635085296108571,0.733333333333313,0.635085296108571,
0.733333333333313,0.635085296108571,0.733333333333313,0.635085296108571,
0.733333333333313,0.635085296108571,0.733333333333313,0.635085296108571,
0.733333333333313,0.635085296108571,0.733333333333313,0.635085296108571,
0.733333333333313,0.635085296108571,0.733333333333313,0.635085296108571,
0.733333333333313,0.635085296108571,0.733333333333313,0.635085296108571,
0.733333333333313,0.635085296108571,0.733333333333313,0.635085296108571,
0.733333333333313,0.635085296108571,0.733333333333313,0.635085296108571,
0.733333333333313,0.635085296108571,0.733333333333313,0.635085296108571,
0.733333333333313,0.635085296108571,0.733333333333313,0.635085296108571,
0.733333333333313,0.635085296108571,0.733333333333313,0.635085296108571,
0.733333333333313,0.635085296108571,0.733333333333313,0.635085296108571,
0.733333333333313,0.635085296108571,0.733333333333313,0.635085296108571,
0.733333333333313,0.635085296108571,0.733333333333313,0.635085296108571,
0.733333333333313,0.635085296108571,0.733333333333313,0.635085296108571,
0.733333333333313,0.635085296108571,0.733333333333313,0.635085296108571,
0.733333333333313,0.635085296108571,0.733333333333313,0.635085296108571,
0.733333333333313,0.635085296108571,0.733333333333313,0.635085296108571,
0.733333333333313,0.635085296108571,0.733333333333313,0.635085296108571,
0.733333333333313,0.635085296108571,0.733333333333313,0.635085296108571,
0.733333333333313,0.635085296108571,0.733333333333313,0.692914655450091,
0.685752001157257),(0.714343558612774,0.645734450747016,0.733333333333313,
0.635085296108571,0.733333333333313,0.635085296108571,0.733333333333313,
0.635085296108571,0.733333333333313,0.635085296108571,0.733333333333313,
0.635085296108571,0.733333333333313,0.635085296108571,0.733333333333313,
0.635085296108571,0.733333333333313,0.635085296108571,0.733333333333313,
0.635085296108571,0.733333333333313,0.635085296108571,0.733333333333313,
0.635085296108571,0.733333333333313,0.635085296108571,0.733333333333313,
0.635085296108571,0.733333333333313,0.635085296108571,0.733333333333313,
0.635085296108571,0.733333333333313,0.635085296108571,0.733333333333313,
0.635085296108571,0.733333333333313,0.635085296108571,0.733333333333313,
0.635085296108571,0.733333333333313,0.635085296108571,0.733333333333313,
0.635085296108571,0.733333333333313,0.635085296108571,0.733333333333313,
0.635085296108571,0.733333333333313,0.635085296108571,0.733333333333313,
0.635085296108571,0.733333333333313,0.635085296108571,0.733333333333313,
0.635085296108571,0.733333333333313,0.635085296108571,0.733333333333313,
0.635085296108571,0.733333333333313,0.635085296108571,0.733333333333313,
0.635085296108571,0.733333333333313,0.635085296108571,0.733333333333313,
0.635085296108571,0.733333333333313,0.635085296108571,0.733333333333313,
0.635085296108571,0.733333333333313,0.635085296108571,0.733333333333313,
0.635085296108571,0.733333333333313,0.635085296108571,0.733333333333313,
0.635085296108571,0.733333333333313,0.635085296108571,0.733333333333313,
0.635085296108571,0.733333333333313,0.635085296108571,0.733333333333313,
0.635085296108571,0.733333333333313,0.635085296108571,0.733333333333313,
0.635085296108571,0.733333333333313,0.692914655450091,0.685752001157257),
(0.97410485265381,0.88054697829141,1.,0.866025403784439,1.,0.866025403784439,
1.,0.866025403784439,1.,0.866025403784439,1.,0.866025403784439,1.,0.866025403784439,
1.,0.866025403784439,1.,0.866025403784439,1.,0.866025403784439,1.,0.866025403784439,
1.,0.866025403784439,1.,0.866025403784439,1.,0.866025403784439,1.,0.866025403784439,
1.,0.866025403784439,1.,0.866025403784439,1.,0.866025403784439,1.,0.866025403784439,
1.,0.866025403784439,1.,0.866025403784439,1.,0.866025403784439,1.,0.866025403784439,
1.,0.866025403784439,1.,0.866025403784439,1.,0.866025403784439,1.,0.866025403784439,
1.,0.866025403784439,1.,0.866025403784439,1.,0.866025403784439,1.,0.866025403784439,
1.,0.866025403784439,1.,0.866025403784439,1.,0.866025403784439,1.,0.866025403784439,
1.,0.866025403784439,1.,0.866025403784439,1.,0.866025403784439,1.,0.866025403784439,
1.,0.866025403784439,1.,0.866025403784439,1.,0.866025403784439,1.,0.866025403784439,
1.,0.866025403784439,1.,0.866025403784439,1.,0.866025403784439,1.,0.944883621068332,
0.935116365214467)))
REPRESENTATION_ITEM('')
SURFACE()
);
#26=CYLINDRICAL_SURFACE('',#308,0.01905);
#27=CYLINDRICAL_SURFACE('',#312,0.0180721);
#28=CYLINDRICAL_SURFACE('',#317,0.0175768);
#29=CYLINDRICAL_SURFACE('',#321,0.0180721);
#30=CYLINDRICAL_SURFACE('',#324,0.0175302333333333);
#31=CYLINDRICAL_SURFACE('',#326,0.0175302333333333);
#32=CIRCLE('',#300,0.0180721);
#33=CIRCLE('',#301,0.0175302333333333);
#34=CIRCLE('',#303,0.01905);
#35=CIRCLE('',#304,0.0175302333333333);
#36=CIRCLE('',#306,0.0175302333333333);
#37=CIRCLE('',#307,0.01905);
#38=CIRCLE('',#310,0.0175302333333333);
#39=CIRCLE('',#311,0.0180721);
#40=CIRCLE('',#313,0.0180721);
#41=CIRCLE('',#314,0.0180721);
#42=CIRCLE('',#316,0.0175768);
#43=CIRCLE('',#318,0.0175768);
#44=CIRCLE('',#320,0.0180721);
#45=CIRCLE('',#322,0.0180721);
#46=ORIENTED_EDGE('',*,*,#122,.F.);
#47=ORIENTED_EDGE('',*,*,#123,.F.);
#48=ORIENTED_EDGE('',*,*,#124,.F.);
#49=ORIENTED_EDGE('',*,*,#125,.T.);
#50=ORIENTED_EDGE('',*,*,#126,.F.);
#51=ORIENTED_EDGE('',*,*,#127,.F.);
#52=ORIENTED_EDGE('',*,*,#128,.F.);
#53=ORIENTED_EDGE('',*,*,#129,.F.);
#54=ORIENTED_EDGE('',*,*,#130,.T.);
#55=ORIENTED_EDGE('',*,*,#131,.T.);
#56=ORIENTED_EDGE('',*,*,#132,.T.);
#57=ORIENTED_EDGE('',*,*,#133,.F.);
#58=ORIENTED_EDGE('',*,*,#134,.T.);
#59=ORIENTED_EDGE('',*,*,#135,.T.);
#60=ORIENTED_EDGE('',*,*,#135,.F.);
#61=ORIENTED_EDGE('',*,*,#126,.T.);
#62=ORIENTED_EDGE('',*,*,#136,.T.);
#63=ORIENTED_EDGE('',*,*,#137,.F.);
#64=ORIENTED_EDGE('',*,*,#138,.T.);
#65=ORIENTED_EDGE('',*,*,#139,.T.);
#66=ORIENTED_EDGE('',*,*,#140,.F.);
#67=ORIENTED_EDGE('',*,*,#139,.F.);
#68=ORIENTED_EDGE('',*,*,#141,.T.);
#69=ORIENTED_EDGE('',*,*,#141,.F.);
#70=ORIENTED_EDGE('',*,*,#142,.T.);
#71=ORIENTED_EDGE('',*,*,#142,.F.);
#72=ORIENTED_EDGE('',*,*,#143,.T.);
#73=ORIENTED_EDGE('',*,*,#143,.F.);
#74=ORIENTED_EDGE('',*,*,#144,.T.);
#75=ORIENTED_EDGE('',*,*,#144,.F.);
#76=ORIENTED_EDGE('',*,*,#145,.T.);
#77=ORIENTED_EDGE('',*,*,#123,.T.);
#78=ORIENTED_EDGE('',*,*,#136,.F.);
#79=ORIENTED_EDGE('',*,*,#146,.F.);
#80=ORIENTED_EDGE('',*,*,#147,.T.);
#81=ORIENTED_EDGE('',*,*,#127,.T.);
#82=ORIENTED_EDGE('',*,*,#148,.F.);
#83=ORIENTED_EDGE('',*,*,#129,.T.);
#84=ORIENTED_EDGE('',*,*,#149,.F.);
#85=ORIENTED_EDGE('',*,*,#150,.F.);
#86=ORIENTED_EDGE('',*,*,#138,.F.);
#87=ORIENTED_EDGE('',*,*,#151,.T.);
#88=ORIENTED_EDGE('',*,*,#128,.T.);
#89=ORIENTED_EDGE('',*,*,#147,.F.);
#90=ORIENTED_EDGE('',*,*,#152,.F.);
#91=ORIENTED_EDGE('',*,*,#149,.T.);
#92=ORIENTED_EDGE('',*,*,#140,.T.);
#93=ORIENTED_EDGE('',*,*,#150,.T.);
#94=ORIENTED_EDGE('',*,*,#152,.T.);
#95=ORIENTED_EDGE('',*,*,#146,.T.);
#96=ORIENTED_EDGE('',*,*,#137,.T.);
#97=ORIENTED_EDGE('',*,*,#148,.T.);
#98=ORIENTED_EDGE('',*,*,#130,.F.);
#99=ORIENTED_EDGE('',*,*,#151,.F.);
#100=ORIENTED_EDGE('',*,*,#132,.F.);
#101=ORIENTED_EDGE('',*,*,#153,.T.);
#102=ORIENTED_EDGE('',*,*,#154,.T.);
#103=ORIENTED_EDGE('',*,*,#122,.T.);
#104=ORIENTED_EDGE('',*,*,#155,.F.);
#105=ORIENTED_EDGE('',*,*,#124,.T.);
#106=ORIENTED_EDGE('',*,*,#156,.T.);
#107=ORIENTED_EDGE('',*,*,#157,.F.);
#108=ORIENTED_EDGE('',*,*,#134,.F.);
#109=ORIENTED_EDGE('',*,*,#158,.T.);
#110=ORIENTED_EDGE('',*,*,#159,.T.);
#111=ORIENTED_EDGE('',*,*,#153,.F.);
#112=ORIENTED_EDGE('',*,*,#131,.F.);
#113=ORIENTED_EDGE('',*,*,#157,.T.);
#114=ORIENTED_EDGE('',*,*,#154,.F.);
#115=ORIENTED_EDGE('',*,*,#159,.F.);
#116=ORIENTED_EDGE('',*,*,#156,.F.);
#117=ORIENTED_EDGE('',*,*,#145,.F.);
#118=ORIENTED_EDGE('',*,*,#133,.T.);
#119=ORIENTED_EDGE('',*,*,#155,.T.);
#120=ORIENTED_EDGE('',*,*,#125,.F.);
#121=ORIENTED_EDGE('',*,*,#158,.F.);
#122=EDGE_CURVE('',#160,#161,#186,.T.);
#123=EDGE_CURVE('',#162,#160,#32,.T.);
#124=EDGE_CURVE('',#163,#162,#187,.F.);
#125=EDGE_CURVE('',#163,#161,#33,.T.);
#126=EDGE_CURVE('',#164,#164,#34,.T.);
#127=EDGE_CURVE('',#165,#166,#188,.T.);
#128=EDGE_CURVE('',#167,#165,#189,.T.);
#129=EDGE_CURVE('',#168,#167,#190,.F.);
#130=EDGE_CURVE('',#168,#166,#35,.T.);
#131=EDGE_CURVE('',#169,#170,#191,.T.);
#132=EDGE_CURVE('',#170,#171,#192,.T.);
#133=EDGE_CURVE('',#172,#171,#36,.T.);
#134=EDGE_CURVE('',#172,#169,#193,.T.);
#135=EDGE_CURVE('',#173,#173,#37,.T.);
#136=EDGE_CURVE('',#174,#175,#194,.T.);
#137=EDGE_CURVE('',#176,#175,#38,.T.);
#138=EDGE_CURVE('',#176,#177,#195,.F.);
#139=EDGE_CURVE('',#177,#174,#39,.T.);
#140=EDGE_CURVE('',#174,#177,#40,.T.);
#141=EDGE_CURVE('',#178,#178,#41,.T.);
#142=EDGE_CURVE('',#179,#179,#42,.T.);
#143=EDGE_CURVE('',#180,#180,#43,.T.);
#144=EDGE_CURVE('',#181,#181,#44,.T.);
#145=EDGE_CURVE('',#160,#162,#45,.T.);
#146=EDGE_CURVE('',#182,#174,#196,.T.);
#147=EDGE_CURVE('',#182,#165,#12,.T.);
#148=EDGE_CURVE('',#175,#166,#13,.T.);
#149=EDGE_CURVE('',#183,#167,#14,.T.);
#150=EDGE_CURVE('',#177,#183,#197,.T.);
#151=EDGE_CURVE('',#176,#168,#15,.T.);
#152=EDGE_CURVE('',#183,#182,#198,.T.);
#153=EDGE_CURVE('',#170,#184,#16,.T.);
#154=EDGE_CURVE('',#184,#160,#199,.T.);
#155=EDGE_CURVE('',#171,#161,#17,.T.);
#156=EDGE_CURVE('',#162,#185,#200,.T.);
#157=EDGE_CURVE('',#169,#185,#18,.T.);
#158=EDGE_CURVE('',#172,#163,#19,.T.);
#159=EDGE_CURVE('',#185,#184,#201,.T.);
#160=VERTEX_POINT('',#397);
#161=VERTEX_POINT('',#398);
#162=VERTEX_POINT('',#400);
#163=VERTEX_POINT('',#415);
#164=VERTEX_POINT('',#419);
#165=VERTEX_POINT('',#433);
#166=VERTEX_POINT('',#434);
#167=VERTEX_POINT('',#442);
#168=VERTEX_POINT('',#450);
#169=VERTEX_POINT('',#460);
#170=VERTEX_POINT('',#461);
#171=VERTEX_POINT('',#475);
#172=VERTEX_POINT('',#477);
#173=VERTEX_POINT('',#490);
#174=VERTEX_POINT('',#503);
#175=VERTEX_POINT('',#504);
#176=VERTEX_POINT('',#506);
#177=VERTEX_POINT('',#521);
#178=VERTEX_POINT('',#526);
#179=VERTEX_POINT('',#529);
#180=VERTEX_POINT('',#532);
#181=VERTEX_POINT('',#535);
#182=VERTEX_POINT('',#740);
#183=VERTEX_POINT('',#1334);
#184=VERTEX_POINT('',#2192);
#185=VERTEX_POINT('',#2528);
#186=B_SPLINE_CURVE_WITH_KNOTS('',3,(#387,#388,#389,#390,#391,#392,#393,
#394,#395,#396),.UNSPECIFIED.,.F.,.F.,(4,1,1,1,1,1,1,4),(0.0804454298468736,
0.0845874323834404,0.0887294349200072,0.092871437456574,0.0970134399931408,
0.105297445066274,0.109439447602841,0.113581450139408),.UNSPECIFIED.);
#187=B_SPLINE_CURVE_WITH_KNOTS('',3,(#401,#402,#403,#404,#405,#406,#407,
#408,#409,#410,#411,#412,#413,#414),.UNSPECIFIED.,.F.,.F.,(4,1,1,1,1,1,
1,1,1,1,1,4),(0.054364098913816,0.0585516668428339,0.0627392347718519,0.0648330187363608,
0.0669268027008698,0.0690205866653787,0.0711143706298877,0.0753019385589057,
0.0773957225234146,0.0794895064879236,0.0836770744169415,0.0878646423459594),
 .UNSPECIFIED.);
#188=B_SPLINE_CURVE_WITH_KNOTS('',3,(#420,#421,#422,#423,#424,#425,#426,
#427,#428,#429,#430,#431,#432),.UNSPECIFIED.,.F.,.F.,(4,1,1,1,1,1,1,1,1,
1,4),(0.0838001097882114,0.0881870299227928,0.0925739500573743,0.0969608701919558,
0.0991543302592465,0.101347790326537,0.105734710461119,0.107928170528409,
0.1101216305957,0.114508550730282,0.118895470864863),.UNSPECIFIED.);
#189=B_SPLINE_CURVE_WITH_KNOTS('',3,(#435,#436,#437,#438,#439,#440,#441),
 .UNSPECIFIED.,.F.,.F.,(4,1,1,1,4),(0.0341667264649919,0.0377646193197367,
0.0413625121744814,0.0449604050292262,0.048558297883971),.UNSPECIFIED.);
#190=B_SPLINE_CURVE_WITH_KNOTS('',3,(#443,#444,#445,#446,#447,#448,#449),
 .UNSPECIFIED.,.F.,.F.,(4,1,1,1,4),(0.119919627577597,0.128357251353188,
0.136794875128779,0.145232498904369,0.15367012267996),.UNSPECIFIED.);
#191=B_SPLINE_CURVE_WITH_KNOTS('',3,(#453,#454,#455,#456,#457,#458,#459),
 .UNSPECIFIED.,.F.,.F.,(4,1,1,1,4),(0.0341667264648161,0.0377646193195584,
0.0413625121743007,0.044960405029043,0.0485582978837853),.UNSPECIFIED.);
#192=B_SPLINE_CURVE_WITH_KNOTS('',3,(#462,#463,#464,#465,#466,#467,#468,
#469,#470,#471,#472,#473,#474),.UNSPECIFIED.,.F.,.F.,(4,1,1,1,1,1,1,1,1,
1,4),(0.083800109788219,0.0881870299228018,0.0925739500573845,0.0969608701919673,
0.0991543302592586,0.10134779032655,0.105734710461133,0.107928170528424,
0.110121630595716,0.114508550730298,0.118895470864881),.UNSPECIFIED.);
#193=B_SPLINE_CURVE_WITH_KNOTS('',3,(#478,#479,#480,#481,#482,#483,#484,
#485,#486,#487,#488),.UNSPECIFIED.,.F.,.F.,(4,1,1,1,1,1,1,1,4),(0.108165271200854,
0.112554888873143,0.116944506545433,0.125723741890012,0.130113359562301,
0.132308168398446,0.134502977234591,0.13889259490688,0.14328221257917),
 .UNSPECIFIED.);
#194=B_SPLINE_CURVE_WITH_KNOTS('',3,(#493,#494,#495,#496,#497,#498,#499,
#500,#501,#502),.UNSPECIFIED.,.F.,.F.,(4,1,1,1,1,1,1,4),(0.0837280283016182,
0.0878715053612319,0.0920149824208456,0.0961584594804592,0.100301936540073,
0.1085888906593,0.112732367718914,0.116875844778528),.UNSPECIFIED.);
#195=B_SPLINE_CURVE_WITH_KNOTS('',3,(#507,#508,#509,#510,#511,#512,#513,
#514,#515,#516,#517,#518,#519,#520),.UNSPECIFIED.,.F.,.F.,(4,1,1,1,1,1,
1,1,1,1,1,4),(0.054364098913814,0.0585516668428322,0.0627392347718504,0.0648330187363595,
0.0669268027008686,0.0690205866653777,0.0711143706298868,0.075301938558905,
0.0773957225234141,0.0794895064879232,0.0836770744169414,0.0878646423459596),
 .UNSPECIFIED.);
#196=B_SPLINE_CURVE_WITH_KNOTS('',3,(#736,#737,#738,#739),.UNSPECIFIED.,
 .F.,.F.,(4,4),(5.20417042793042E-18,0.00193922576433882),.UNSPECIFIED.);
#197=B_SPLINE_CURVE_WITH_KNOTS('',3,(#1335,#1336,#1337,#1338),
 .UNSPECIFIED.,.F.,.F.,(4,4),(3.46944695195361E-18,0.00186313162958664),
 .UNSPECIFIED.);
#198=B_SPLINE_CURVE_WITH_KNOTS('',3,(#1852,#1853,#1854,#1855,#1856,#1857,
#1858),.UNSPECIFIED.,.F.,.F.,(4,1,1,1,4),(6.2546344413855E-18,0.00359406640124367,
0.00718813280248734,0.010782199203731,0.0143762656049747),.UNSPECIFIED.);
#199=B_SPLINE_CURVE_WITH_KNOTS('',3,(#2193,#2194,#2195,#2196),
 .UNSPECIFIED.,.F.,.F.,(4,4),(7.75791922889773E-18,0.00193922576434072),
 .UNSPECIFIED.);
#200=B_SPLINE_CURVE_WITH_KNOTS('',3,(#2524,#2525,#2526,#2527),
 .UNSPECIFIED.,.F.,.F.,(4,4),(2.27672130252826E-17,0.00186313162958977),
 .UNSPECIFIED.);
#201=B_SPLINE_CURVE_WITH_KNOTS('',3,(#3175,#3176,#3177,#3178,#3179,#3180,
#3181),.UNSPECIFIED.,.F.,.F.,(4,1,1,1,4),(2.11216385733701E-17,0.00359406640124295,
0.00718813280248588,0.0107821992037288,0.0143762656049717),
 .UNSPECIFIED.);
#202=EDGE_LOOP('',(#46,#47,#48,#49));
#203=EDGE_LOOP('',(#50));
#204=EDGE_LOOP('',(#51,#52,#53,#54));
#205=EDGE_LOOP('',(#55,#56,#57,#58));
#206=EDGE_LOOP('',(#59));
#207=EDGE_LOOP('',(#60));
#208=EDGE_LOOP('',(#61));
#209=EDGE_LOOP('',(#62,#63,#64,#65));
#210=EDGE_LOOP('',(#66,#67));
#211=EDGE_LOOP('',(#68));
#212=EDGE_LOOP('',(#69));
#213=EDGE_LOOP('',(#70));
#214=EDGE_LOOP('',(#71));
#215=EDGE_LOOP('',(#72));
#216=EDGE_LOOP('',(#73));
#217=EDGE_LOOP('',(#74));
#218=EDGE_LOOP('',(#75));
#219=EDGE_LOOP('',(#76,#77));
#220=EDGE_LOOP('',(#78,#79,#80,#81,#82));
#221=EDGE_LOOP('',(#83,#84,#85,#86,#87));
#222=EDGE_LOOP('',(#88,#89,#90,#91));
#223=EDGE_LOOP('',(#92,#93,#94,#95));
#224=EDGE_LOOP('',(#96,#97,#98,#99));
#225=EDGE_LOOP('',(#100,#101,#102,#103,#104));
#226=EDGE_LOOP('',(#105,#106,#107,#108,#109));
#227=EDGE_LOOP('',(#110,#111,#112,#113));
#228=EDGE_LOOP('',(#114,#115,#116,#117));
#229=EDGE_LOOP('',(#118,#119,#120,#121));
#230=FACE_BOUND('',#202,.T.);
#231=FACE_BOUND('',#203,.T.);
#232=FACE_BOUND('',#204,.T.);
#233=FACE_BOUND('',#205,.T.);
#234=FACE_BOUND('',#206,.T.);
#235=FACE_BOUND('',#207,.T.);
#236=FACE_BOUND('',#208,.T.);
#237=FACE_BOUND('',#209,.T.);
#238=FACE_BOUND('',#210,.T.);
#239=FACE_BOUND('',#211,.T.);
#240=FACE_BOUND('',#212,.T.);
#241=FACE_BOUND('',#213,.T.);
#242=FACE_BOUND('',#214,.T.);
#243=FACE_BOUND('',#215,.T.);
#244=FACE_BOUND('',#216,.T.);
#245=FACE_BOUND('',#217,.T.);
#246=FACE_BOUND('',#218,.T.);
#247=FACE_BOUND('',#219,.T.);
#248=FACE_BOUND('',#220,.T.);
#249=FACE_BOUND('',#221,.T.);
#250=FACE_BOUND('',#222,.T.);
#251=FACE_BOUND('',#223,.T.);
#252=FACE_BOUND('',#224,.T.);
#253=FACE_BOUND('',#225,.T.);
#254=FACE_BOUND('',#226,.T.);
#255=FACE_BOUND('',#227,.T.);
#256=FACE_BOUND('',#228,.T.);
#257=FACE_BOUND('',#229,.T.);
#258=PLANE('',#299);
#259=PLANE('',#302);
#260=PLANE('',#305);
#261=PLANE('',#309);
#262=PLANE('',#315);
#263=PLANE('',#319);
#264=PLANE('',#323);
#265=PLANE('',#325);
#266=ADVANCED_FACE('',(#230),#258,.F.);
#267=ADVANCED_FACE('',(#231,#232),#259,.F.);
#268=ADVANCED_FACE('',(#233,#234),#260,.F.);
#269=ADVANCED_FACE('',(#235,#236),#26,.T.);
#270=ADVANCED_FACE('',(#237),#261,.F.);
#271=ADVANCED_FACE('',(#238,#239),#27,.F.);
#272=ADVANCED_FACE('',(#240,#241),#262,.F.);
#273=ADVANCED_FACE('',(#242,#243),#28,.F.);
#274=ADVANCED_FACE('',(#244,#245),#263,.F.);
#275=ADVANCED_FACE('',(#246,#247),#29,.F.);
#276=ADVANCED_FACE('',(#248),#20,.F.);
#277=ADVANCED_FACE('',(#249),#21,.F.);
#278=ADVANCED_FACE('',(#250),#22,.F.);
#279=ADVANCED_FACE('',(#251),#264,.F.);
#280=ADVANCED_FACE('',(#252),#30,.F.);
#281=ADVANCED_FACE('',(#253),#23,.F.);
#282=ADVANCED_FACE('',(#254),#24,.F.);
#283=ADVANCED_FACE('',(#255),#25,.F.);
#284=ADVANCED_FACE('',(#256),#265,.T.);
#285=ADVANCED_FACE('',(#257),#31,.F.);
#286=CLOSED_SHELL('',(#266,#267,#268,#269,#270,#271,#272,#273,#274,#275,
#276,#277,#278,#279,#280,#281,#282,#283,#284,#285));
#287=STYLED_ITEM('',(#288),#295);
#288=PRESENTATION_STYLE_ASSIGNMENT((#289));
#289=SURFACE_STYLE_USAGE(.BOTH.,#290);
#290=SURFACE_SIDE_STYLE('',(#291));
#291=SURFACE_STYLE_FILL_AREA(#292);
#292=FILL_AREA_STYLE('',(#293));
#293=FILL_AREA_STYLE_COLOUR('',#294);
#294=COLOUR_RGB('',0.125490196078431,0.125490196078431,0.125490196078431);
#295=MANIFOLD_SOLID_BREP('RMS-38/480',#286);
#296=SHAPE_DEFINITION_REPRESENTATION(#3190,#297);
#297=SHAPE_REPRESENTATION('RMS-38/480',(#298),#3185);
#298=AXIS2_PLACEMENT_3D('',#385,#327,#328);
#299=AXIS2_PLACEMENT_3D('',#386,#329,#330);
#300=AXIS2_PLACEMENT_3D('',#399,#331,#332);
#301=AXIS2_PLACEMENT_3D('',#416,#333,#334);
#302=AXIS2_PLACEMENT_3D('',#417,#335,#336);
#303=AXIS2_PLACEMENT_3D('',#418,#337,#338);
#304=AXIS2_PLACEMENT_3D('',#451,#339,#340);
#305=AXIS2_PLACEMENT_3D('',#452,#341,#342);
#306=AXIS2_PLACEMENT_3D('',#476,#343,#344);
#307=AXIS2_PLACEMENT_3D('',#489,#345,#346);
#308=AXIS2_PLACEMENT_3D('',#491,#347,#348);
#309=AXIS2_PLACEMENT_3D('',#492,#349,#350);
#310=AXIS2_PLACEMENT_3D('',#505,#351,#352);
#311=AXIS2_PLACEMENT_3D('',#522,#353,#354);
#312=AXIS2_PLACEMENT_3D('',#523,#355,#356);
#313=AXIS2_PLACEMENT_3D('',#524,#357,#358);
#314=AXIS2_PLACEMENT_3D('',#525,#359,#360);
#315=AXIS2_PLACEMENT_3D('',#527,#361,#362);
#316=AXIS2_PLACEMENT_3D('',#528,#363,#364);
#317=AXIS2_PLACEMENT_3D('',#530,#365,#366);
#318=AXIS2_PLACEMENT_3D('',#531,#367,#368);
#319=AXIS2_PLACEMENT_3D('',#533,#369,#370);
#320=AXIS2_PLACEMENT_3D('',#534,#371,#372);
#321=AXIS2_PLACEMENT_3D('',#536,#373,#374);
#322=AXIS2_PLACEMENT_3D('',#537,#375,#376);
#323=AXIS2_PLACEMENT_3D('',#1859,#377,#378);
#324=AXIS2_PLACEMENT_3D('',#1860,#379,#380);
#325=AXIS2_PLACEMENT_3D('',#3182,#381,#382);
#326=AXIS2_PLACEMENT_3D('',#3183,#383,#384);
#327=DIRECTION('',(0.,0.,1.));
#328=DIRECTION('',(1.,0.,0.));
#329=DIRECTION('',(0.,1.,0.));
#330=DIRECTION('',(0.,0.,1.));
#331=DIRECTION('',(0.,1.,0.));
#332=DIRECTION('',(0.,0.,1.));
#333=DIRECTION('',(0.,1.,0.));
#334=DIRECTION('',(0.,0.,1.));
#335=DIRECTION('',(0.,1.,0.));
#336=DIRECTION('',(0.,0.,1.));
#337=DIRECTION('',(0.,1.,0.));
#338=DIRECTION('',(0.,0.,1.));
#339=DIRECTION('',(0.,1.,0.));
#340=DIRECTION('',(0.,0.,1.));
#341=DIRECTION('',(0.,-1.,0.));
#342=DIRECTION('',(0.,0.,-1.));
#343=DIRECTION('',(0.,1.,0.));
#344=DIRECTION('',(0.,0.,1.));
#345=DIRECTION('',(0.,1.,0.));
#346=DIRECTION('',(0.,0.,1.));
#347=DIRECTION('',(0.,1.,0.));
#348=DIRECTION('',(0.,0.,1.));
#349=DIRECTION('',(0.,-1.,0.));
#350=DIRECTION('',(0.,0.,-1.));
#351=DIRECTION('',(0.,1.,0.));
#352=DIRECTION('',(0.,0.,1.));
#353=DIRECTION('',(0.,1.,0.));
#354=DIRECTION('',(0.,0.,1.));
#355=DIRECTION('',(0.,1.,0.));
#356=DIRECTION('',(0.,0.,1.));
#357=DIRECTION('',(0.,1.,0.));
#358=DIRECTION('',(0.,0.,1.));
#359=DIRECTION('',(0.,1.,0.));
#360=DIRECTION('',(0.,0.,1.));
#361=DIRECTION('',(0.,1.,0.));
#362=DIRECTION('',(0.,0.,1.));
#363=DIRECTION('',(0.,1.,0.));
#364=DIRECTION('',(0.,0.,1.));
#365=DIRECTION('',(0.,1.,0.));
#366=DIRECTION('',(0.,0.,1.));
#367=DIRECTION('',(0.,1.,0.));
#368=DIRECTION('',(0.,0.,1.));
#369=DIRECTION('',(0.,-1.,0.));
#370=DIRECTION('',(0.,0.,-1.));
#371=DIRECTION('',(0.,1.,0.));
#372=DIRECTION('',(0.,0.,1.));
#373=DIRECTION('',(0.,1.,0.));
#374=DIRECTION('',(0.,0.,1.));
#375=DIRECTION('',(0.,1.,0.));
#376=DIRECTION('',(0.,0.,1.));
#377=DIRECTION('',(0.,1.,0.));
#378=DIRECTION('',(0.,0.,1.));
#379=DIRECTION('',(0.,-1.,0.));
#380=DIRECTION('',(0.,0.,-1.));
#381=DIRECTION('',(0.,1.,0.));
#382=DIRECTION('',(0.,0.,1.));
#383=DIRECTION('',(0.,-1.,0.));
#384=DIRECTION('',(0.,0.,-1.));
#385=CARTESIAN_POINT('',(0.,0.,0.));
#386=CARTESIAN_POINT('',(0.,-0.0079375,0.01806575));
#387=CARTESIAN_POINT('',(-0.0173824300618638,-0.0079375,0.0049448886291212));
#388=CARTESIAN_POINT('',(-0.0177391269876879,-0.0079375,0.00360885065873874));
#389=CARTESIAN_POINT('',(-0.0181395544820442,-0.0079375,0.000879753487717181));
#390=CARTESIAN_POINT('',(-0.0177956235331512,-0.0079375,-0.00325151780285594));
#391=CARTESIAN_POINT('',(-0.0165360219060013,-0.00793749999999999,-0.00716944830753492));
#392=CARTESIAN_POINT('',(-0.0136972911525996,-0.0079375,-0.0119212176338908));
#393=CARTESIAN_POINT('',(-0.00934488973422834,-0.00793750000000001,-0.0154579972192332));
#394=CARTESIAN_POINT('',(-0.00412366329757779,-0.00793749999999999,-0.0172703804139078));
#395=CARTESIAN_POINT('',(-0.0013780571620694,-0.0079375,-0.017551032312385));
#396=CARTESIAN_POINT('',(-2.14683441399729E-18,-0.0079375,-0.0175302333333333));
#397=CARTESIAN_POINT('',(-0.0173824300618638,-0.0079375,0.00494488862912122));
#398=CARTESIAN_POINT('',(-1.03069753621846E-16,-0.0079375,-0.0175302333333333));
#399=CARTESIAN_POINT('',(0.,-0.0079375,0.));
#400=CARTESIAN_POINT('',(-0.00525841606692002,-0.0079375,0.017290166536999));
#401=CARTESIAN_POINT('',(-0.00525841606692006,-0.0079375,0.0172901665369989));
#402=CARTESIAN_POINT('',(-0.00393401050747492,-0.0079375,0.017669248120384));
#403=CARTESIAN_POINT('',(-0.00116133508812698,-0.00793750000000001,0.0181271223665457));
#404=CARTESIAN_POINT('',(0.0022785747671866,-0.0079375,0.0179045566232146));
#405=CARTESIAN_POINT('',(0.00499983736942167,-0.00793749999999999,0.0172391696442233));
#406=CARTESIAN_POINT('',(0.00693720844741384,-0.0079375,0.0165158004613271));
#407=CARTESIAN_POINT('',(0.00878165041991793,-0.0079375,0.0155746798840594));
#408=CARTESIAN_POINT('',(0.0111095628944953,-0.00793750000000001,0.0140170438658924));
#409=CARTESIAN_POINT('',(0.0130983268383461,-0.00793750000000001,0.0121124796988984));
#410=CARTESIAN_POINT('',(0.0147540700291523,-0.0079375,0.00985164661430325));
#411=CARTESIAN_POINT('',(0.0161098700104373,-0.00793749999999999,0.00746094375919333));
#412=CARTESIAN_POINT('',(0.0172765148159468,-0.0079375,0.00414301370848238));
#413=CARTESIAN_POINT('',(0.0175545944296113,-0.0079375,0.0013978245860293));
#414=CARTESIAN_POINT('',(0.0175302333333333,-0.0079375,-7.43708407166873E-18));
#415=CARTESIAN_POINT('',(0.0175302333333333,-0.0079375,-6.97226631718943E-18));
#416=CARTESIAN_POINT('',(0.,-0.0079375,0.));
#417=CARTESIAN_POINT('',(0.,-0.222123,0.0185547));
#418=CARTESIAN_POINT('',(0.,-0.222123,0.));
#419=CARTESIAN_POINT('',(0.,-0.222123,0.01905));
#420=CARTESIAN_POINT('',(-0.0167819978716172,-0.222123,0.00678865239413354));
#421=CARTESIAN_POINT('',(-0.0173099927232971,-0.222123,0.00542231043985667));
#422=CARTESIAN_POINT('',(-0.0180239504043234,-0.222123,0.00259072946136086));
#423=CARTESIAN_POINT('',(-0.018042711743622,-0.222123,-0.00181048425019186));
#424=CARTESIAN_POINT('',(-0.0171924150658368,-0.222123,-0.00533703043375917));
#425=CARTESIAN_POINT('',(-0.0159997931463671,-0.222123,-0.00801567288744423));
#426=CARTESIAN_POINT('',(-0.0145208286805844,-0.222123,-0.0104870471864403));
#427=CARTESIAN_POINT('',(-0.0125635029757089,-0.222123,-0.0126996853251013));
#428=CARTESIAN_POINT('',(-0.0102912305918103,-0.222123,-0.0144700626924323));
#429=CARTESIAN_POINT('',(-0.00777329822712275,-0.222123,-0.0159761687148112));
#430=CARTESIAN_POINT('',(-0.00437376940616868,-0.222123,-0.0172325161518384));
#431=CARTESIAN_POINT('',(-0.00144421114592155,-0.222123,-0.0175520307726536));
#432=CARTESIAN_POINT('',(-2.14683441399729E-18,-0.222123,-0.0175302333333333));
#433=CARTESIAN_POINT('',(-0.0167819978716174,-0.222123,0.00678865239413376));
#434=CARTESIAN_POINT('',(-1.03069753621846E-16,-0.222123,-0.0175302333333333));
#435=CARTESIAN_POINT('',(-0.00702082784248018,-0.222123,0.0166861987971379));
#436=CARTESIAN_POINT('',(-0.00813205290727864,-0.222123,0.0162354115270009));
#437=CARTESIAN_POINT('',(-0.0102591070889544,-0.222123,0.0150933023755904));
#438=CARTESIAN_POINT('',(-0.0130040157536727,-0.222123,0.0128136638319324));
#439=CARTESIAN_POINT('',(-0.0152636238861983,-0.222123,0.0099985067182683));
#440=CARTESIAN_POINT('',(-0.0163477783149498,-0.222123,0.00790040039064477));
#441=CARTESIAN_POINT('',(-0.0167819978716174,-0.222123,0.00678865239413377));
#442=CARTESIAN_POINT('',(-0.00702082784248014,-0.222123,0.0166861987971378));
#443=CARTESIAN_POINT('',(-0.00702082784248018,-0.222123,0.0166861987971379));
#444=CARTESIAN_POINT('',(-0.00430885939572481,-0.222123,0.0177742029247181));
#445=CARTESIAN_POINT('',(0.00167095767579619,-0.222123,0.0186184973788737));
#446=CARTESIAN_POINT('',(0.0101318371714676,-0.222123,0.0155402787092404));
#447=CARTESIAN_POINT('',(0.0161810687503461,-0.222123,0.00879032805219639));
#448=CARTESIAN_POINT('',(0.0175816426592151,-0.222123,0.00294983521467753));
#449=CARTESIAN_POINT('',(0.0175302333333335,-0.222123,2.19579907216019E-15));
#450=CARTESIAN_POINT('',(0.0175302333333333,-0.222123,2.19626388991467E-15));
#451=CARTESIAN_POINT('',(0.,-0.222123,0.));
#452=CARTESIAN_POINT('',(0.,0.,0.0185547));
#453=CARTESIAN_POINT('',(0.00702082784248372,-1.88091682842412E-19,-0.0166861987971364));
#454=CARTESIAN_POINT('',(0.00813205290728121,-1.88091682842412E-19,-0.0162354115269996));
#455=CARTESIAN_POINT('',(0.0102591070889551,1.93044837207508E-18,-0.0150933023755898));
#456=CARTESIAN_POINT('',(0.0130040157536712,-4.78513016237849E-18,-0.0128136638319336));
#457=CARTESIAN_POINT('',(0.0152636238861958,1.74506928425804E-17,-0.00999850671827203));
#458=CARTESIAN_POINT('',(0.0163477783149471,-3.79087027733637E-17,-0.0079004003906503));
#459=CARTESIAN_POINT('',(0.0167819978716147,-3.79087027733637E-17,-0.00678865239414079));
#460=CARTESIAN_POINT('',(0.00702082784248371,-5.42572162045419E-20,-0.0166861987971364));
#461=CARTESIAN_POINT('',(0.0167819978716146,-4.96842105663967E-19,-0.00678865239414077));
#462=CARTESIAN_POINT('',(0.0167819978716146,-7.43513714461923E-19,-0.00678865239414077));
#463=CARTESIAN_POINT('',(0.0173099927232951,-7.43513714461923E-19,-0.00542231043986379));
#464=CARTESIAN_POINT('',(0.0180239504043225,-2.00345769853545E-19,-0.0025907294613675));
#465=CARTESIAN_POINT('',(0.0180427117436229,7.75958691405749E-19,0.0018104842501859));
#466=CARTESIAN_POINT('',(0.0171924150658383,-1.17635212039849E-18,0.00533703043375445));
#467=CARTESIAN_POINT('',(0.0159997931463691,3.46976420213018E-18,0.00801567288744052));
#468=CARTESIAN_POINT('',(0.0145208286805868,-2.10137084950793E-18,0.0104870471864373));
#469=CARTESIAN_POINT('',(0.0125635029757111,1.29802374058049E-19,0.0126996853250993));
#470=CARTESIAN_POINT('',(0.0102912305918122,-2.67078233836518E-19,0.0144700626924311));
#471=CARTESIAN_POINT('',(0.00777329822712435,-5.64973177467916E-21,0.0159761687148105));
#472=CARTESIAN_POINT('',(0.00437376940616925,4.65379071267454E-18,0.0172325161518383));
#473=CARTESIAN_POINT('',(0.0014442111459219,-2.60208521396521E-18,0.0175520307726537));
#474=CARTESIAN_POINT('',(0.,-2.60208521396521E-18,0.0175302333333334));
#475=CARTESIAN_POINT('',(8.58733765598916E-18,-1.7347234759768E-18,0.0175302333333333));
#476=CARTESIAN_POINT('',(0.,0.,0.));
#477=CARTESIAN_POINT('',(-0.0175302333333333,7.26277741373899E-20,-5.11299529927225E-18));
#478=CARTESIAN_POINT('',(-0.0175302333333333,3.6313887068695E-19,3.25372428135507E-18));
#479=CARTESIAN_POINT('',(-0.0175559488332434,3.6313887068695E-19,-0.00147553942590116));
#480=CARTESIAN_POINT('',(-0.0172368735633447,1.44589517715912E-19,-0.00440147054071047));
#481=CARTESIAN_POINT('',(-0.0151607990545308,-3.33890024698163E-19,-0.00993345499286706));
#482=CARTESIAN_POINT('',(-0.0111620736720067,6.15724060433507E-19,-0.0144001749758279));
#483=CARTESIAN_POINT('',(-0.00654397771882195,-5.49927479840119E-19,-0.0167527693462007));
#484=CARTESIAN_POINT('',(-0.00375752382204105,1.4838611804265E-18,-0.0175778119924958));
#485=CARTESIAN_POINT('',(-0.000840176142007048,2.36063493562572E-18,-0.0180626621337687));
#486=CARTESIAN_POINT('',(0.0028091101624991,-1.21157935910413E-18,-0.0179889453243884));
#487=CARTESIAN_POINT('',(0.00566981589510735,3.68949070190885E-19,-0.0172282060527574));
#488=CARTESIAN_POINT('',(0.00702082784248369,3.68949070190885E-19,-0.0166861987971364));
#489=CARTESIAN_POINT('',(0.,0.,0.));
#490=CARTESIAN_POINT('',(0.,0.,0.01905));
#491=CARTESIAN_POINT('',(0.,-0.1110615,0.));
#492=CARTESIAN_POINT('',(0.,-0.2141855,0.01806575));
#493=CARTESIAN_POINT('',(0.0173824300618632,-0.2141855,-0.00494488862912287));
#494=CARTESIAN_POINT('',(0.0177391269876874,-0.2141855,-0.00360885065874038));
#495=CARTESIAN_POINT('',(0.018139554482044,-0.2141855,-0.000879753487718721));
#496=CARTESIAN_POINT('',(0.0177956235331514,-0.2141855,0.00325151780285472));
#497=CARTESIAN_POINT('',(0.0165360219060016,-0.2141855,0.00716944830753378));
#498=CARTESIAN_POINT('',(0.0136972911526001,-0.2141855,0.0119212176338903));
#499=CARTESIAN_POINT('',(0.00934488973422882,-0.2141855,0.015457997219233));
#500=CARTESIAN_POINT('',(0.00412366329757788,-0.2141855,0.0172703804139077));
#501=CARTESIAN_POINT('',(0.00137805716206947,-0.2141855,0.017551032312385));
#502=CARTESIAN_POINT('',(0.,-0.2141855,0.0175302333333333));
#503=CARTESIAN_POINT('',(0.0173824300618633,-0.2141855,-0.00494488862912291));
#504=CARTESIAN_POINT('',(8.58733765598915E-18,-0.2141855,0.0175302333333333));
#505=CARTESIAN_POINT('',(0.,-0.2141855,0.));
#506=CARTESIAN_POINT('',(-0.0175302333333333,-0.2141855,2.04194439542755E-15));
#507=CARTESIAN_POINT('',(0.00525841606692061,-0.2141855,-0.0172901665369987));
#508=CARTESIAN_POINT('',(0.00393401050747537,-0.2141855,-0.0176692481203838));
#509=CARTESIAN_POINT('',(0.00116133508812738,-0.2141855,-0.0181271223665457));
#510=CARTESIAN_POINT('',(-0.00227857476718649,-0.2141855,-0.0179045566232144));
#511=CARTESIAN_POINT('',(-0.00499983736942184,-0.2141855,-0.0172391696442231));
#512=CARTESIAN_POINT('',(-0.00693720844741417,-0.2141855,-0.0165158004613268));
#513=CARTESIAN_POINT('',(-0.00878165041991829,-0.2141855,-0.0155746798840591));
#514=CARTESIAN_POINT('',(-0.011109562894496,-0.2141855,-0.0140170438658917));
#515=CARTESIAN_POINT('',(-0.0130983268383466,-0.2141855,-0.0121124796988979));
#516=CARTESIAN_POINT('',(-0.0147540700291531,-0.2141855,-0.00985164661430234));
#517=CARTESIAN_POINT('',(-0.016109870010438,-0.2141855,-0.00746094375919192));
#518=CARTESIAN_POINT('',(-0.0172765148159471,-0.2141855,-0.00414301370848094));
#519=CARTESIAN_POINT('',(-0.0175545944296115,-0.2141855,-0.00139782458602737));
#520=CARTESIAN_POINT('',(-0.0175302333333333,-0.2141855,2.03450731135588E-15));
#521=CARTESIAN_POINT('',(0.00525841606692064,-0.2141855,-0.0172901665369988));
#522=CARTESIAN_POINT('',(0.,-0.2141855,0.));
#523=CARTESIAN_POINT('',(0.,-0.1110615,0.));
#524=CARTESIAN_POINT('',(0.,-0.2141855,0.));
#525=CARTESIAN_POINT('',(0.,-0.212598,0.));
#526=CARTESIAN_POINT('',(0.,-0.212598,0.0180721));
#527=CARTESIAN_POINT('',(0.,-0.212598,0.01782445));
#528=CARTESIAN_POINT('',(0.,-0.212598,0.));
#529=CARTESIAN_POINT('',(0.,-0.212598,0.0175768));
#530=CARTESIAN_POINT('',(0.,-0.1110615,0.));
#531=CARTESIAN_POINT('',(0.,-0.009525,0.));
#532=CARTESIAN_POINT('',(0.,-0.009525,0.0175768));
#533=CARTESIAN_POINT('',(0.,-0.009525,0.01782445));
#534=CARTESIAN_POINT('',(0.,-0.009525,0.));
#535=CARTESIAN_POINT('',(0.,-0.009525,0.0180721));
#536=CARTESIAN_POINT('',(0.,-0.1110615,0.));
#537=CARTESIAN_POINT('',(0.,-0.0079375,0.));
#538=CARTESIAN_POINT('',(0.0141841003459281,-0.214140143949074,-0.0112486688664922));
#539=CARTESIAN_POINT('',(0.0150117395495125,-0.214152212023818,-0.0102050504923365));
#540=CARTESIAN_POINT('',(0.0156777211487675,-0.214163451388889,-0.00905153652552083));
#541=CARTESIAN_POINT('',(0.0209036281983567,-0.214251645833333,-3.83993420455258E-18));
#542=CARTESIAN_POINT('',(0.0156777211487675,-0.214339840277778,0.00905153652552081));
#543=CARTESIAN_POINT('',(0.0104518140991784,-0.214428034722222,0.0181030730510416));
#544=CARTESIAN_POINT('',(0.,-0.214516229166667,0.0181030730510417));
#545=CARTESIAN_POINT('',(-0.0104518140991783,-0.214604423611111,0.0181030730510417));
#546=CARTESIAN_POINT('',(-0.0156777211487675,-0.214692618055556,0.00905153652552082));
#547=CARTESIAN_POINT('',(-0.0209036281983567,-0.2147808125,1.27997806818419E-18));
#548=CARTESIAN_POINT('',(-0.0156777211487675,-0.214869006944444,-0.00905153652552082));
#549=CARTESIAN_POINT('',(-0.0104518140991783,-0.214957201388889,-0.0181030730510416));
#550=CARTESIAN_POINT('',(-2.21698704666888E-18,-0.215045395833334,-0.0181030730510417));
#551=CARTESIAN_POINT('',(0.0104518140991783,-0.215133590277778,-0.0181030730510417));
#552=CARTESIAN_POINT('',(0.0156777211487675,-0.215221784722222,-0.00905153652552083));
#553=CARTESIAN_POINT('',(0.0209036281983567,-0.215309979166667,-3.83993420455258E-18));
#554=CARTESIAN_POINT('',(0.0156777211487675,-0.215398173611111,0.00905153652552081));
#555=CARTESIAN_POINT('',(0.0104518140991784,-0.215486368055555,0.0181030730510416));
#556=CARTESIAN_POINT('',(0.,-0.2155745625,0.0181030730510417));
#557=CARTESIAN_POINT('',(-0.0104518140991783,-0.215662756944445,0.0181030730510417));
#558=CARTESIAN_POINT('',(-0.0156777211487675,-0.215750951388889,0.00905153652552082));
#559=CARTESIAN_POINT('',(-0.0209036281983567,-0.215839145833333,1.27997806818419E-18));
#560=CARTESIAN_POINT('',(-0.0156777211487675,-0.215927340277778,-0.00905153652552082));
#561=CARTESIAN_POINT('',(-0.0104518140991783,-0.216015534722222,-0.0181030730510416));
#562=CARTESIAN_POINT('',(-2.21698704666888E-18,-0.216103729166666,-0.0181030730510417));
#563=CARTESIAN_POINT('',(0.0104518140991783,-0.216191923611111,-0.0181030730510417));
#564=CARTESIAN_POINT('',(0.0156777211487675,-0.216280118055555,-0.00905153652552083));
#565=CARTESIAN_POINT('',(0.0209036281983567,-0.2163683125,-3.83993420455258E-18));
#566=CARTESIAN_POINT('',(0.0156777211487675,-0.216456506944444,0.00905153652552081));
#567=CARTESIAN_POINT('',(0.0104518140991784,-0.216544701388889,0.0181030730510416));
#568=CARTESIAN_POINT('',(0.,-0.216632895833334,0.0181030730510417));
#569=CARTESIAN_POINT('',(-0.0104518140991783,-0.216721090277778,0.0181030730510417));
#570=CARTESIAN_POINT('',(-0.0156777211487675,-0.216809284722222,0.00905153652552082));
#571=CARTESIAN_POINT('',(-0.0209036281983567,-0.216897479166667,1.27997806818419E-18));
#572=CARTESIAN_POINT('',(-0.0156777211487675,-0.216985673611111,-0.00905153652552082));
#573=CARTESIAN_POINT('',(-0.0104518140991783,-0.217073868055556,-0.0181030730510416));
#574=CARTESIAN_POINT('',(-2.21698704666888E-18,-0.2171620625,-0.0181030730510417));
#575=CARTESIAN_POINT('',(0.0104518140991783,-0.217250256944444,-0.0181030730510417));
#576=CARTESIAN_POINT('',(0.0156777211487675,-0.217338451388889,-0.00905153652552083));
#577=CARTESIAN_POINT('',(0.0209036281983567,-0.217426645833333,-3.83993420455258E-18));
#578=CARTESIAN_POINT('',(0.0156777211487675,-0.217514840277778,0.00905153652552081));
#579=CARTESIAN_POINT('',(0.0104518140991784,-0.217603034722222,0.0181030730510416));
#580=CARTESIAN_POINT('',(0.,-0.217691229166667,0.0181030730510417));
#581=CARTESIAN_POINT('',(-0.0104518140991783,-0.217779423611111,0.0181030730510417));
#582=CARTESIAN_POINT('',(-0.0156777211487675,-0.217867618055556,0.00905153652552082));
#583=CARTESIAN_POINT('',(-0.0209036281983567,-0.2179558125,1.27997806818419E-18));
#584=CARTESIAN_POINT('',(-0.0156777211487675,-0.218044006944445,-0.00905153652552082));
#585=CARTESIAN_POINT('',(-0.0104518140991783,-0.218132201388889,-0.0181030730510416));
#586=CARTESIAN_POINT('',(-2.21698704666888E-18,-0.218220395833334,-0.0181030730510417));
#587=CARTESIAN_POINT('',(0.0104518140991783,-0.218308590277778,-0.0181030730510417));
#588=CARTESIAN_POINT('',(0.0156777211487675,-0.218396784722222,-0.00905153652552083));
#589=CARTESIAN_POINT('',(0.0209036281983567,-0.218484979166666,-3.83993420455258E-18));
#590=CARTESIAN_POINT('',(0.0156777211487675,-0.218573173611111,0.00905153652552081));
#591=CARTESIAN_POINT('',(0.0104518140991784,-0.218661368055556,0.0181030730510416));
#592=CARTESIAN_POINT('',(0.,-0.2187495625,0.0181030730510417));
#593=CARTESIAN_POINT('',(-0.0104518140991783,-0.218837756944445,0.0181030730510417));
#594=CARTESIAN_POINT('',(-0.0156777211487675,-0.218925951388889,0.00905153652552082));
#595=CARTESIAN_POINT('',(-0.0209036281983567,-0.219014145833333,1.27997806818419E-18));
#596=CARTESIAN_POINT('',(-0.0156777211487675,-0.219102340277778,-0.00905153652552082));
#597=CARTESIAN_POINT('',(-0.0104518140991783,-0.219190534722222,-0.0181030730510416));
#598=CARTESIAN_POINT('',(-2.21698704666888E-18,-0.219278729166666,-0.0181030730510417));
#599=CARTESIAN_POINT('',(0.0104518140991783,-0.219366923611111,-0.0181030730510417));
#600=CARTESIAN_POINT('',(0.0156777211487675,-0.219455118055556,-0.00905153652552083));
#601=CARTESIAN_POINT('',(0.0209036281983567,-0.2195433125,-3.83993420455258E-18));
#602=CARTESIAN_POINT('',(0.0156777211487675,-0.219631506944444,0.00905153652552081));
#603=CARTESIAN_POINT('',(0.0104518140991784,-0.219719701388889,0.0181030730510416));
#604=CARTESIAN_POINT('',(0.,-0.219807895833334,0.0181030730510417));
#605=CARTESIAN_POINT('',(-0.0104518140991783,-0.219896090277778,0.0181030730510417));
#606=CARTESIAN_POINT('',(-0.0156777211487675,-0.219984284722222,0.00905153652552082));
#607=CARTESIAN_POINT('',(-0.0209036281983567,-0.220072479166667,1.27997806818419E-18));
#608=CARTESIAN_POINT('',(-0.0156777211487675,-0.220160673611111,-0.00905153652552082));
#609=CARTESIAN_POINT('',(-0.0104518140991783,-0.220248868055555,-0.0181030730510416));
#610=CARTESIAN_POINT('',(-2.21698704666888E-18,-0.2203370625,-0.0181030730510417));
#611=CARTESIAN_POINT('',(0.0104518140991783,-0.220425256944444,-0.0181030730510417));
#612=CARTESIAN_POINT('',(0.0156777211487675,-0.220513451388889,-0.00905153652552083));
#613=CARTESIAN_POINT('',(0.0209036281983567,-0.220601645833333,-3.83993420455258E-18));
#614=CARTESIAN_POINT('',(0.0156777211487675,-0.220689840277778,0.00905153652552081));
#615=CARTESIAN_POINT('',(0.0104518140991784,-0.220778034722222,0.0181030730510416));
#616=CARTESIAN_POINT('',(0.,-0.220866229166666,0.0181030730510417));
#617=CARTESIAN_POINT('',(-0.0104518140991783,-0.220954423611111,0.0181030730510417));
#618=CARTESIAN_POINT('',(-0.0156777211487675,-0.221042618055556,0.00905153652552082));
#619=CARTESIAN_POINT('',(-0.0209036281983567,-0.2211308125,1.27997806818419E-18));
#620=CARTESIAN_POINT('',(-0.0156777211487675,-0.221219006944444,-0.00905153652552082));
#621=CARTESIAN_POINT('',(-0.0104518140991783,-0.221307201388889,-0.0181030730510416));
#622=CARTESIAN_POINT('',(-2.21698704666888E-18,-0.221395395833334,-0.0181030730510417));
#623=CARTESIAN_POINT('',(0.0104518140991783,-0.221483590277778,-0.0181030730510417));
#624=CARTESIAN_POINT('',(0.0156777211487675,-0.221571784722222,-0.00905153652552083));
#625=CARTESIAN_POINT('',(0.0209036281983567,-0.221659979166667,-3.83993420455258E-18));
#626=CARTESIAN_POINT('',(0.0156777211487675,-0.221748173611111,0.00905153652552081));
#627=CARTESIAN_POINT('',(0.0104518140991784,-0.221836368055556,0.0181030730510416));
#628=CARTESIAN_POINT('',(0.,-0.2219245625,0.0181030730510417));
#629=CARTESIAN_POINT('',(-0.0104518140991783,-0.222012756944444,0.0181030730510417));
#630=CARTESIAN_POINT('',(-0.0156777211487675,-0.222100951388889,0.00905153652552082));
#631=CARTESIAN_POINT('',(-0.0209036281983567,-0.222189145833333,1.27997806818419E-18));
#632=CARTESIAN_POINT('',(-0.0156777211487675,-0.222277340277778,-0.00905153652552082));
#633=CARTESIAN_POINT('',(-0.0104518140991783,-0.222365534722222,-0.0181030730510416));
#634=CARTESIAN_POINT('',(-2.21698704666888E-18,-0.222453729166666,-0.0181030730510417));
#635=CARTESIAN_POINT('',(0.00264472906363918,-0.222476045905967,-0.0181030730510417));
#636=CARTESIAN_POINT('',(0.00517892377097692,-0.222501115951773,-0.0173464694524782));
#637=CARTESIAN_POINT('',(0.0137352695858025,-0.213809414782408,-0.0108927246420002));
#638=CARTESIAN_POINT('',(0.0145367196110961,-0.213821482857152,-0.00988212972486534));
#639=CARTESIAN_POINT('',(0.0151816274009354,-0.213832722222222,-0.00876511666666666));
#640=CARTESIAN_POINT('',(0.0202421698679139,-0.213920916666667,-3.71842628048066E-18));
#641=CARTESIAN_POINT('',(0.0151816274009354,-0.214009111111111,0.00876511666666665));
#642=CARTESIAN_POINT('',(0.010121084933957,-0.214097305555556,0.0175302333333333));
#643=CARTESIAN_POINT('',(0.,-0.2141855,0.0175302333333333));
#644=CARTESIAN_POINT('',(-0.0101210849339569,-0.214273694444444,0.0175302333333333));
#645=CARTESIAN_POINT('',(-0.0151816274009354,-0.214361888888889,0.00876511666666666));
#646=CARTESIAN_POINT('',(-0.0202421698679139,-0.214450083333333,1.23947542682689E-18));
#647=CARTESIAN_POINT('',(-0.0151816274009354,-0.214538277777778,-0.00876511666666665));
#648=CARTESIAN_POINT('',(-0.0101210849339569,-0.214626472222222,-0.0175302333333333));
#649=CARTESIAN_POINT('',(-2.14683441399729E-18,-0.214714666666666,-0.0175302333333333));
#650=CARTESIAN_POINT('',(0.0101210849339569,-0.214802861111111,-0.0175302333333333));
#651=CARTESIAN_POINT('',(0.0151816274009354,-0.214891055555555,-0.00876511666666666));
#652=CARTESIAN_POINT('',(0.0202421698679139,-0.21497925,-3.71842628048066E-18));
#653=CARTESIAN_POINT('',(0.0151816274009354,-0.215067444444445,0.00876511666666665));
#654=CARTESIAN_POINT('',(0.010121084933957,-0.215155638888889,0.0175302333333333));
#655=CARTESIAN_POINT('',(0.,-0.215243833333333,0.0175302333333333));
#656=CARTESIAN_POINT('',(-0.0101210849339569,-0.215332027777778,0.0175302333333333));
#657=CARTESIAN_POINT('',(-0.0151816274009354,-0.215420222222222,0.00876511666666666));
#658=CARTESIAN_POINT('',(-0.0202421698679139,-0.215508416666667,1.23947542682689E-18));
#659=CARTESIAN_POINT('',(-0.0151816274009354,-0.215596611111111,-0.00876511666666665));
#660=CARTESIAN_POINT('',(-0.0101210849339569,-0.215684805555555,-0.0175302333333333));
#661=CARTESIAN_POINT('',(-2.14683441399729E-18,-0.215773,-0.0175302333333333));
#662=CARTESIAN_POINT('',(0.0101210849339569,-0.215861194444445,-0.0175302333333333));
#663=CARTESIAN_POINT('',(0.0151816274009354,-0.215949388888889,-0.00876511666666666));
#664=CARTESIAN_POINT('',(0.0202421698679139,-0.216037583333333,-3.71842628048066E-18));
#665=CARTESIAN_POINT('',(0.0151816274009354,-0.216125777777778,0.00876511666666665));
#666=CARTESIAN_POINT('',(0.010121084933957,-0.216213972222222,0.0175302333333333));
#667=CARTESIAN_POINT('',(0.,-0.216302166666666,0.0175302333333333));
#668=CARTESIAN_POINT('',(-0.0101210849339569,-0.216390361111111,0.0175302333333333));
#669=CARTESIAN_POINT('',(-0.0151816274009354,-0.216478555555555,0.00876511666666666));
#670=CARTESIAN_POINT('',(-0.0202421698679139,-0.21656675,1.23947542682689E-18));
#671=CARTESIAN_POINT('',(-0.0151816274009354,-0.216654944444444,-0.00876511666666665));
#672=CARTESIAN_POINT('',(-0.0101210849339569,-0.216743138888889,-0.0175302333333333));
#673=CARTESIAN_POINT('',(-2.14683441399729E-18,-0.216831333333333,-0.0175302333333333));
#674=CARTESIAN_POINT('',(0.0101210849339569,-0.216919527777778,-0.0175302333333333));
#675=CARTESIAN_POINT('',(0.0151816274009354,-0.217007722222222,-0.00876511666666666));
#676=CARTESIAN_POINT('',(0.0202421698679139,-0.217095916666667,-3.71842628048066E-18));
#677=CARTESIAN_POINT('',(0.0151816274009354,-0.217184111111111,0.00876511666666665));
#678=CARTESIAN_POINT('',(0.010121084933957,-0.217272305555556,0.0175302333333333));
#679=CARTESIAN_POINT('',(0.,-0.2173605,0.0175302333333333));
#680=CARTESIAN_POINT('',(-0.0101210849339569,-0.217448694444444,0.0175302333333333));
#681=CARTESIAN_POINT('',(-0.0151816274009354,-0.217536888888889,0.00876511666666666));
#682=CARTESIAN_POINT('',(-0.0202421698679139,-0.217625083333333,1.23947542682689E-18));
#683=CARTESIAN_POINT('',(-0.0151816274009354,-0.217713277777778,-0.00876511666666665));
#684=CARTESIAN_POINT('',(-0.0101210849339569,-0.217801472222222,-0.0175302333333333));
#685=CARTESIAN_POINT('',(-2.14683441399729E-18,-0.217889666666667,-0.0175302333333333));
#686=CARTESIAN_POINT('',(0.0101210849339569,-0.217977861111111,-0.0175302333333333));
#687=CARTESIAN_POINT('',(0.0151816274009354,-0.218066055555555,-0.00876511666666666));
#688=CARTESIAN_POINT('',(0.0202421698679139,-0.21815425,-3.71842628048066E-18));
#689=CARTESIAN_POINT('',(0.0151816274009354,-0.218242444444445,0.00876511666666665));
#690=CARTESIAN_POINT('',(0.010121084933957,-0.218330638888889,0.0175302333333333));
#691=CARTESIAN_POINT('',(0.,-0.218418833333334,0.0175302333333333));
#692=CARTESIAN_POINT('',(-0.0101210849339569,-0.218507027777778,0.0175302333333333));
#693=CARTESIAN_POINT('',(-0.0151816274009354,-0.218595222222222,0.00876511666666666));
#694=CARTESIAN_POINT('',(-0.0202421698679139,-0.218683416666666,1.23947542682689E-18));
#695=CARTESIAN_POINT('',(-0.0151816274009354,-0.218771611111111,-0.00876511666666665));
#696=CARTESIAN_POINT('',(-0.0101210849339569,-0.218859805555556,-0.0175302333333333));
#697=CARTESIAN_POINT('',(-2.14683441399729E-18,-0.218948,-0.0175302333333333));
#698=CARTESIAN_POINT('',(0.0101210849339569,-0.219036194444445,-0.0175302333333333));
#699=CARTESIAN_POINT('',(0.0151816274009354,-0.219124388888889,-0.00876511666666666));
#700=CARTESIAN_POINT('',(0.0202421698679139,-0.219212583333333,-3.71842628048066E-18));
#701=CARTESIAN_POINT('',(0.0151816274009354,-0.219300777777778,0.00876511666666665));
#702=CARTESIAN_POINT('',(0.010121084933957,-0.219388972222222,0.0175302333333333));
#703=CARTESIAN_POINT('',(0.,-0.219477166666667,0.0175302333333333));
#704=CARTESIAN_POINT('',(-0.0101210849339569,-0.219565361111111,0.0175302333333333));
#705=CARTESIAN_POINT('',(-0.0151816274009354,-0.219653555555555,0.00876511666666666));
#706=CARTESIAN_POINT('',(-0.0202421698679139,-0.21974175,1.23947542682689E-18));
#707=CARTESIAN_POINT('',(-0.0151816274009354,-0.219829944444445,-0.00876511666666665));
#708=CARTESIAN_POINT('',(-0.0101210849339569,-0.219918138888889,-0.0175302333333333));
#709=CARTESIAN_POINT('',(-2.14683441399729E-18,-0.220006333333333,-0.0175302333333333));
#710=CARTESIAN_POINT('',(0.0101210849339569,-0.220094527777778,-0.0175302333333333));
#711=CARTESIAN_POINT('',(0.0151816274009354,-0.220182722222222,-0.00876511666666666));
#712=CARTESIAN_POINT('',(0.0202421698679139,-0.220270916666667,-3.71842628048066E-18));
#713=CARTESIAN_POINT('',(0.0151816274009354,-0.220359111111111,0.00876511666666665));
#714=CARTESIAN_POINT('',(0.010121084933957,-0.220447305555555,0.0175302333333333));
#715=CARTESIAN_POINT('',(0.,-0.2205355,0.0175302333333333));
#716=CARTESIAN_POINT('',(-0.0101210849339569,-0.220623694444444,0.0175302333333333));
#717=CARTESIAN_POINT('',(-0.0151816274009354,-0.220711888888889,0.00876511666666666));
#718=CARTESIAN_POINT('',(-0.0202421698679139,-0.220800083333333,1.23947542682689E-18));
#719=CARTESIAN_POINT('',(-0.0151816274009354,-0.220888277777778,-0.00876511666666665));
#720=CARTESIAN_POINT('',(-0.0101210849339569,-0.220976472222222,-0.0175302333333333));
#721=CARTESIAN_POINT('',(-2.14683441399729E-18,-0.221064666666666,-0.0175302333333333));
#722=CARTESIAN_POINT('',(0.0101210849339569,-0.221152861111111,-0.0175302333333333));
#723=CARTESIAN_POINT('',(0.0151816274009354,-0.221241055555555,-0.00876511666666666));
#724=CARTESIAN_POINT('',(0.0202421698679139,-0.22132925,-3.71842628048066E-18));
#725=CARTESIAN_POINT('',(0.0151816274009354,-0.221417444444445,0.00876511666666665));
#726=CARTESIAN_POINT('',(0.010121084933957,-0.221505638888889,0.0175302333333333));
#727=CARTESIAN_POINT('',(0.,-0.221593833333333,0.0175302333333333));
#728=CARTESIAN_POINT('',(-0.0101210849339569,-0.221682027777778,0.0175302333333333));
#729=CARTESIAN_POINT('',(-0.0151816274009354,-0.221770222222222,0.00876511666666666));
#730=CARTESIAN_POINT('',(-0.0202421698679139,-0.221858416666666,1.23947542682689E-18));
#731=CARTESIAN_POINT('',(-0.0151816274009354,-0.221946611111111,-0.00876511666666665));
#732=CARTESIAN_POINT('',(-0.0101210849339569,-0.222034805555556,-0.0175302333333333));
#733=CARTESIAN_POINT('',(-2.14683441399729E-18,-0.222123,-0.0175302333333333));
#734=CARTESIAN_POINT('',(0.00256104129162619,-0.222145316739301,-0.0175302333333333));
#735=CARTESIAN_POINT('',(0.0050150458910924,-0.222170386785106,-0.0167975711170201));
#736=CARTESIAN_POINT('',(0.0167819978716146,-0.2141855,-0.00678865239414076));
#737=CARTESIAN_POINT('',(0.0170151951415799,-0.2141855,-0.00618518587820365));
#738=CARTESIAN_POINT('',(0.0172155500130907,-0.2141855,-0.00556995171634813));
#739=CARTESIAN_POINT('',(0.0173824300618633,-0.2141855,-0.00494488862912291));
#740=CARTESIAN_POINT('',(0.0167819978716146,-0.2141855,-0.00678865239414076));
#741=CARTESIAN_POINT('',(0.,-0.2123995625,0.0181030730510417));
#742=CARTESIAN_POINT('',(-0.0104518140991783,-0.212487756944444,0.0181030730510417));
#743=CARTESIAN_POINT('',(-0.0156777211487675,-0.212575951388889,0.00905153652552082));
#744=CARTESIAN_POINT('',(-0.0209036281983567,-0.212664145833334,1.27997806818419E-18));
#745=CARTESIAN_POINT('',(-0.0156777211487675,-0.212752340277778,-0.00905153652552082));
#746=CARTESIAN_POINT('',(-0.0104518140991783,-0.212840534722222,-0.0181030730510416));
#747=CARTESIAN_POINT('',(-2.21698704666888E-18,-0.212928729166666,-0.0181030730510417));
#748=CARTESIAN_POINT('',(0.0104518140991783,-0.213016923611111,-0.0181030730510417));
#749=CARTESIAN_POINT('',(0.0156777211487675,-0.213105118055556,-0.00905153652552083));
#750=CARTESIAN_POINT('',(0.0209036281983567,-0.2131933125,-3.83993420455258E-18));
#751=CARTESIAN_POINT('',(0.0156777211487675,-0.213281506944445,0.00905153652552081));
#752=CARTESIAN_POINT('',(0.0104518140991784,-0.213369701388889,0.0181030730510416));
#753=CARTESIAN_POINT('',(4.43397409333777E-18,-0.213457895833333,0.0181030730510417));
#754=CARTESIAN_POINT('',(-0.0104518140991783,-0.213546090277778,0.0181030730510417));
#755=CARTESIAN_POINT('',(-0.0156777211487675,-0.213634284722222,0.00905153652552083));
#756=CARTESIAN_POINT('',(-0.0209036281983567,-0.213722479166667,2.49660418001364E-17));
#757=CARTESIAN_POINT('',(-0.0156777211487675,-0.213810673611111,-0.0090515365255208));
#758=CARTESIAN_POINT('',(-0.0104518140991784,-0.213898868055556,-0.0181030730510416));
#759=CARTESIAN_POINT('',(-6.65096114000665E-18,-0.2139870625,-0.0181030730510417));
#760=CARTESIAN_POINT('',(0.0104518140991783,-0.214075256944444,-0.0181030730510417));
#761=CARTESIAN_POINT('',(0.0156777211487675,-0.214163451388889,-0.00905153652552084));
#762=CARTESIAN_POINT('',(0.0209036281983567,-0.214251645833333,-8.95984647728936E-18));
#763=CARTESIAN_POINT('',(0.0156777211487675,-0.214339840277778,0.0090515365255208));
#764=CARTESIAN_POINT('',(0.0104518140991784,-0.214428034722222,0.0181030730510416));
#765=CARTESIAN_POINT('',(8.86794818667554E-18,-0.214516229166667,0.0181030730510417));
#766=CARTESIAN_POINT('',(-0.0104518140991783,-0.214604423611111,0.0181030730510417));
#767=CARTESIAN_POINT('',(-0.0156777211487675,-0.214692618055556,0.00905153652552084));
#768=CARTESIAN_POINT('',(-0.0209036281983567,-0.2147808125,4.86521055320886E-17));
#769=CARTESIAN_POINT('',(-0.0156777211487675,-0.214869006944444,-0.0090515365255208));
#770=CARTESIAN_POINT('',(-0.0104518140991784,-0.214957201388889,-0.0181030730510416));
#771=CARTESIAN_POINT('',(-4.32424528617246E-17,-0.215045395833334,-0.0181030730510417));
#772=CARTESIAN_POINT('',(0.0104518140991783,-0.215133590277778,-0.0181030730510417));
#773=CARTESIAN_POINT('',(0.0156777211487675,-0.215221784722222,-0.00905153652552085));
#774=CARTESIAN_POINT('',(0.0209036281983567,-0.215309979166667,-5.1212061668457E-17));
#775=CARTESIAN_POINT('',(0.0156777211487675,-0.215398173611111,0.00905153652552077));
#776=CARTESIAN_POINT('',(0.0104518140991784,-0.215486368055555,0.0181030730510416));
#777=CARTESIAN_POINT('',(1.33019222800133E-17,-0.2155745625,0.0181030730510417));
#778=CARTESIAN_POINT('',(-0.0104518140991783,-0.215662756944445,0.0181030730510417));
#779=CARTESIAN_POINT('',(-0.0156777211487675,-0.215750951388889,0.00905153652552085));
#780=CARTESIAN_POINT('',(-0.0209036281983567,-0.215839145833333,5.37720178048253E-17));
#781=CARTESIAN_POINT('',(-0.0156777211487675,-0.215927340277778,-0.00905153652552077));
#782=CARTESIAN_POINT('',(-0.0104518140991784,-0.216015534722222,-0.0181030730510416));
#783=CARTESIAN_POINT('',(-1.55189093266822E-17,-0.216103729166666,-0.0181030730510417));
#784=CARTESIAN_POINT('',(0.0104518140991783,-0.216191923611111,-0.0181030730510417));
#785=CARTESIAN_POINT('',(0.0156777211487675,-0.216280118055555,-0.00905153652552085));
#786=CARTESIAN_POINT('',(0.0209036281983567,-0.2163683125,-5.63319739411937E-17));
#787=CARTESIAN_POINT('',(0.0156777211487675,-0.216456506944444,0.00905153652552077));
#788=CARTESIAN_POINT('',(0.0104518140991784,-0.216544701388889,0.0181030730510416));
#789=CARTESIAN_POINT('',(1.77358963733511E-17,-0.216632895833334,0.0181030730510417));
#790=CARTESIAN_POINT('',(-0.0104518140991783,-0.216721090277778,0.0181030730510417));
#791=CARTESIAN_POINT('',(-0.0156777211487675,-0.216809284722222,0.00905153652552085));
#792=CARTESIAN_POINT('',(-0.0209036281983567,-0.216897479166667,5.88919300775621E-17));
#793=CARTESIAN_POINT('',(-0.0156777211487675,-0.216985673611111,-0.00905153652552076));
#794=CARTESIAN_POINT('',(-0.0104518140991784,-0.217073868055556,-0.0181030730510416));
#795=CARTESIAN_POINT('',(-8.42679186767803E-17,-0.2171620625,-0.0181030730510417));
#796=CARTESIAN_POINT('',(0.0104518140991783,-0.217250256944444,-0.0181030730510417));
#797=CARTESIAN_POINT('',(0.0156777211487675,-0.217338451388889,-0.00905153652552085));
#798=CARTESIAN_POINT('',(0.0209036281983567,-0.217426645833333,-6.14518862139305E-17));
#799=CARTESIAN_POINT('',(0.0156777211487675,-0.217514840277778,0.00905153652552076));
#800=CARTESIAN_POINT('',(0.0104518140991784,-0.217603034722222,0.0181030730510416));
#801=CARTESIAN_POINT('',(8.64849057234492E-17,-0.217691229166667,0.0181030730510417));
#802=CARTESIAN_POINT('',(-0.0104518140991783,-0.217779423611111,0.0181030730510417));
#803=CARTESIAN_POINT('',(-0.0156777211487675,-0.217867618055556,0.00905153652552086));
#804=CARTESIAN_POINT('',(-0.0209036281983567,-0.2179558125,1.38276448187161E-16));
#805=CARTESIAN_POINT('',(-0.0156777211487675,-0.218044006944445,-0.00905153652552076));
#806=CARTESIAN_POINT('',(-0.0104518140991784,-0.218132201388889,-0.0181030730510416));
#807=CARTESIAN_POINT('',(-8.87018927701181E-17,-0.218220395833334,-0.0181030730510417));
#808=CARTESIAN_POINT('',(0.0104518140991783,-0.218308590277778,-0.0181030730510417));
#809=CARTESIAN_POINT('',(0.0156777211487674,-0.218396784722222,-0.00905153652552092));
#810=CARTESIAN_POINT('',(0.0209036281983567,-0.218484979166666,-6.65717984866673E-17));
#811=CARTESIAN_POINT('',(0.0156777211487676,-0.218573173611111,0.0090515365255207));
#812=CARTESIAN_POINT('',(0.0104518140991784,-0.218661368055556,0.0181030730510416));
#813=CARTESIAN_POINT('',(2.66038445600266E-17,-0.2187495625,0.0181030730510417));
#814=CARTESIAN_POINT('',(-0.0104518140991782,-0.218837756944445,0.0181030730510417));
#815=CARTESIAN_POINT('',(-0.0156777211487675,-0.218925951388889,0.00905153652552086));
#816=CARTESIAN_POINT('',(-0.0209036281983567,-0.219014145833333,1.43396360459897E-16));
#817=CARTESIAN_POINT('',(-0.0156777211487675,-0.219102340277778,-0.00905153652552076));
#818=CARTESIAN_POINT('',(-0.0104518140991784,-0.219190534722222,-0.0181030730510416));
#819=CARTESIAN_POINT('',(-9.31358668634559E-17,-0.219278729166666,-0.0181030730510417));
#820=CARTESIAN_POINT('',(0.0104518140991783,-0.219366923611111,-0.0181030730510417));
#821=CARTESIAN_POINT('',(0.0156777211487674,-0.219455118055556,-0.00905153652552092));
#822=CARTESIAN_POINT('',(0.0209036281983567,-0.2195433125,-7.1691710759404E-17));
#823=CARTESIAN_POINT('',(0.0156777211487676,-0.219631506944444,0.0090515365255207));
#824=CARTESIAN_POINT('',(0.0104518140991784,-0.219719701388889,0.0181030730510416));
#825=CARTESIAN_POINT('',(3.10378186533644E-17,-0.219807895833334,0.0181030730510417));
#826=CARTESIAN_POINT('',(-0.0104518140991782,-0.219896090277778,0.0181030730510417));
#827=CARTESIAN_POINT('',(-0.0156777211487675,-0.219984284722222,0.00905153652552087));
#828=CARTESIAN_POINT('',(-0.0209036281983567,-0.220072479166667,1.48516272732634E-16));
#829=CARTESIAN_POINT('',(-0.0156777211487675,-0.220160673611111,-0.00905153652552075));
#830=CARTESIAN_POINT('',(-0.0104518140991785,-0.220248868055555,-0.0181030730510415));
#831=CARTESIAN_POINT('',(-9.75698409567936E-17,-0.2203370625,-0.0181030730510417));
#832=CARTESIAN_POINT('',(0.0104518140991783,-0.220425256944444,-0.0181030730510417));
#833=CARTESIAN_POINT('',(0.0156777211487674,-0.220513451388889,-0.00905153652552092));
#834=CARTESIAN_POINT('',(0.0209036281983567,-0.220601645833333,-7.68116230321409E-17));
#835=CARTESIAN_POINT('',(0.0156777211487676,-0.220689840277778,0.0090515365255207));
#836=CARTESIAN_POINT('',(0.0104518140991784,-0.220778034722222,0.0181030730510416));
#837=CARTESIAN_POINT('',(3.54717927467021E-17,-0.220866229166666,0.0181030730510417));
#838=CARTESIAN_POINT('',(-0.0104518140991782,-0.220954423611111,0.0181030730510417));
#839=CARTESIAN_POINT('',(-0.0156777211487675,-0.221042618055556,0.00905153652552087));
#840=CARTESIAN_POINT('',(-0.0209036281983567,-0.2211308125,1.53636185005371E-16));
#841=CARTESIAN_POINT('',(-0.0156777211487675,-0.221219006944444,-0.00905153652552075));
#842=CARTESIAN_POINT('',(-0.0104518140991785,-0.221307201388889,-0.0181030730510415));
#843=CARTESIAN_POINT('',(-1.02003815050131E-16,-0.221395395833334,-0.0181030730510417));
#844=CARTESIAN_POINT('',(0.0104518140991783,-0.221483590277778,-0.0181030730510417));
#845=CARTESIAN_POINT('',(0.0156777211487674,-0.221571784722222,-0.00905153652552093));
#846=CARTESIAN_POINT('',(0.0209036281983567,-0.221659979166667,-8.19315353048777E-17));
#847=CARTESIAN_POINT('',(0.0156777211487676,-0.221748173611111,0.00905153652552069));
#848=CARTESIAN_POINT('',(0.0104518140991784,-0.221836368055556,0.0181030730510416));
#849=CARTESIAN_POINT('',(1.6853583735356E-16,-0.2219245625,0.0181030730510417));
#850=CARTESIAN_POINT('',(-0.0104518140991782,-0.222012756944444,0.0181030730510417));
#851=CARTESIAN_POINT('',(-0.0156777211487675,-0.222100951388889,0.00905153652552087));
#852=CARTESIAN_POINT('',(-0.0209036281983567,-0.222189145833333,1.58756097278108E-16));
#853=CARTESIAN_POINT('',(-0.0156777211487675,-0.222277340277778,-0.00905153652552075));
#854=CARTESIAN_POINT('',(-0.0104518140991785,-0.222365534722222,-0.0181030730510415));
#855=CARTESIAN_POINT('',(-1.06437789143469E-16,-0.222453729166666,-0.0181030730510417));
#856=CARTESIAN_POINT('',(0.0104518140991782,-0.222541923611111,-0.0181030730510417));
#857=CARTESIAN_POINT('',(0.0156777211487674,-0.222630118055555,-0.00905153652552093));
#858=CARTESIAN_POINT('',(0.0209036281983567,-0.2227183125,-8.70514475776144E-17));
#859=CARTESIAN_POINT('',(0.0156777211487676,-0.222806506944444,0.00905153652552069));
#860=CARTESIAN_POINT('',(0.0104518140991784,-0.222894701388889,0.0181030730510415));
#861=CARTESIAN_POINT('',(1.72969811446898E-16,-0.222982895833333,0.0181030730510417));
#862=CARTESIAN_POINT('',(-0.0104518140991782,-0.223071090277778,0.0181030730510417));
#863=CARTESIAN_POINT('',(-0.0156777211487675,-0.223159284722222,0.00905153652552088));
#864=CARTESIAN_POINT('',(-0.0209036281983567,-0.223247479166667,1.63876009550844E-16));
#865=CARTESIAN_POINT('',(-0.0156777211487675,-0.223335673611111,-0.00905153652552074));
#866=CARTESIAN_POINT('',(-0.0104518140991784,-0.223423868055555,-0.0181030730510416));
#867=CARTESIAN_POINT('',(-2.39501833750328E-16,-0.2235120625,-0.0181030730510417));
#868=CARTESIAN_POINT('',(0.0104518140991782,-0.223600256944445,-0.0181030730510417));
#869=CARTESIAN_POINT('',(0.0156777211487674,-0.223688451388889,-0.00905153652552093));
#870=CARTESIAN_POINT('',(0.0209036281983567,-0.223776645833333,-9.21713598503512E-17));
#871=CARTESIAN_POINT('',(0.0156777211487675,-0.223864840277778,0.0090515365255208));
#872=CARTESIAN_POINT('',(0.0104518140991786,-0.223953034722222,0.0181030730510415));
#873=CARTESIAN_POINT('',(1.77403785540236E-16,-0.224041229166666,0.0181030730510417));
#874=CARTESIAN_POINT('',(0.,-0.212068833333334,0.0175302333333333));
#875=CARTESIAN_POINT('',(-0.0101210849339569,-0.212157027777778,0.0175302333333333));
#876=CARTESIAN_POINT('',(-0.0151816274009354,-0.212245222222222,0.00876511666666666));
#877=CARTESIAN_POINT('',(-0.0202421698679139,-0.212333416666667,1.23947542682689E-18));
#878=CARTESIAN_POINT('',(-0.0151816274009354,-0.212421611111111,-0.00876511666666665));
#879=CARTESIAN_POINT('',(-0.0101210849339569,-0.212509805555555,-0.0175302333333333));
#880=CARTESIAN_POINT('',(-2.14683441399729E-18,-0.212598,-0.0175302333333333));
#881=CARTESIAN_POINT('',(0.0101210849339569,-0.212686194444444,-0.0175302333333333));
#882=CARTESIAN_POINT('',(0.0151816274009354,-0.212774388888889,-0.00876511666666666));
#883=CARTESIAN_POINT('',(0.0202421698679139,-0.212862583333334,-3.71842628048066E-18));
#884=CARTESIAN_POINT('',(0.0151816274009354,-0.212950777777778,0.00876511666666665));
#885=CARTESIAN_POINT('',(0.010121084933957,-0.213038972222222,0.0175302333333333));
#886=CARTESIAN_POINT('',(4.29366882799458E-18,-0.213127166666667,0.0175302333333333));
#887=CARTESIAN_POINT('',(-0.0101210849339569,-0.213215361111111,0.0175302333333333));
#888=CARTESIAN_POINT('',(-0.0151816274009354,-0.213303555555555,0.00876511666666667));
#889=CARTESIAN_POINT('',(-0.0202421698679139,-0.21339175,2.41760355787197E-17));
#890=CARTESIAN_POINT('',(-0.0151816274009354,-0.213479944444445,-0.00876511666666664));
#891=CARTESIAN_POINT('',(-0.010121084933957,-0.213568138888889,-0.0175302333333333));
#892=CARTESIAN_POINT('',(-6.44050324199186E-18,-0.213656333333334,-0.0175302333333333));
#893=CARTESIAN_POINT('',(0.0101210849339569,-0.213744527777777,-0.0175302333333333));
#894=CARTESIAN_POINT('',(0.0151816274009354,-0.213832722222222,-0.00876511666666668));
#895=CARTESIAN_POINT('',(0.0202421698679139,-0.213920916666667,-8.67632798778821E-18));
#896=CARTESIAN_POINT('',(0.0151816274009354,-0.214009111111111,0.00876511666666664));
#897=CARTESIAN_POINT('',(0.010121084933957,-0.214097305555556,0.0175302333333333));
#898=CARTESIAN_POINT('',(8.58733765598915E-18,-0.2141855,0.0175302333333333));
#899=CARTESIAN_POINT('',(-0.0101210849339569,-0.214273694444444,0.0175302333333333));
#900=CARTESIAN_POINT('',(-0.0151816274009354,-0.214361888888889,0.00876511666666668));
#901=CARTESIAN_POINT('',(-0.0202421698679139,-0.214450083333333,4.71125957306125E-17));
#902=CARTESIAN_POINT('',(-0.0151816274009354,-0.214538277777778,-0.00876511666666664));
#903=CARTESIAN_POINT('',(-0.010121084933957,-0.214626472222222,-0.0175302333333333));
#904=CARTESIAN_POINT('',(-4.18741219479353E-17,-0.214714666666666,-0.0175302333333333));
#905=CARTESIAN_POINT('',(0.0101210849339569,-0.214802861111111,-0.0175302333333333));
#906=CARTESIAN_POINT('',(0.0151816274009354,-0.214891055555555,-0.00876511666666669));
#907=CARTESIAN_POINT('',(0.0202421698679139,-0.21497925,-4.95915465842662E-17));
#908=CARTESIAN_POINT('',(0.0151816274009354,-0.215067444444445,0.00876511666666661));
#909=CARTESIAN_POINT('',(0.010121084933957,-0.215155638888889,0.0175302333333333));
#910=CARTESIAN_POINT('',(1.28810064839837E-17,-0.215243833333333,0.0175302333333333));
#911=CARTESIAN_POINT('',(-0.0101210849339569,-0.215332027777778,0.0175302333333333));
#912=CARTESIAN_POINT('',(-0.0151816274009354,-0.215420222222222,0.00876511666666669));
#913=CARTESIAN_POINT('',(-0.0202421698679139,-0.215508416666667,5.207049743792E-17));
#914=CARTESIAN_POINT('',(-0.0151816274009354,-0.215596611111111,-0.00876511666666661));
#915=CARTESIAN_POINT('',(-0.010121084933957,-0.215684805555555,-0.0175302333333333));
#916=CARTESIAN_POINT('',(-1.5027840897981E-17,-0.215773,-0.0175302333333333));
#917=CARTESIAN_POINT('',(0.0101210849339569,-0.215861194444445,-0.0175302333333333));
#918=CARTESIAN_POINT('',(0.0151816274009354,-0.215949388888889,-0.00876511666666669));
#919=CARTESIAN_POINT('',(0.0202421698679139,-0.216037583333333,-5.45494482915738E-17));
#920=CARTESIAN_POINT('',(0.0151816274009354,-0.216125777777778,0.00876511666666661));
#921=CARTESIAN_POINT('',(0.010121084933957,-0.216213972222222,0.0175302333333333));
#922=CARTESIAN_POINT('',(1.71746753119783E-17,-0.216302166666666,0.0175302333333333));
#923=CARTESIAN_POINT('',(-0.0101210849339569,-0.216390361111111,0.0175302333333333));
#924=CARTESIAN_POINT('',(-0.0151816274009354,-0.216478555555555,0.00876511666666669));
#925=CARTESIAN_POINT('',(-0.0202421698679139,-0.21656675,5.70283991452275E-17));
#926=CARTESIAN_POINT('',(-0.0151816274009354,-0.216654944444444,-0.00876511666666661));
#927=CARTESIAN_POINT('',(-0.010121084933957,-0.216743138888889,-0.0175302333333333));
#928=CARTESIAN_POINT('',(-8.16014094818734E-17,-0.216831333333333,-0.0175302333333333));
#929=CARTESIAN_POINT('',(0.0101210849339569,-0.216919527777778,-0.0175302333333333));
#930=CARTESIAN_POINT('',(0.0151816274009354,-0.217007722222222,-0.00876511666666669));
#931=CARTESIAN_POINT('',(0.0202421698679139,-0.217095916666667,-5.95073499988813E-17));
#932=CARTESIAN_POINT('',(0.0151816274009354,-0.217184111111111,0.0087651166666666));
#933=CARTESIAN_POINT('',(0.010121084933957,-0.217272305555556,0.0175302333333333));
#934=CARTESIAN_POINT('',(8.37482438958707E-17,-0.2173605,0.0175302333333333));
#935=CARTESIAN_POINT('',(-0.0101210849339569,-0.217448694444444,0.0175302333333334));
#936=CARTESIAN_POINT('',(-0.0151816274009354,-0.217536888888889,0.00876511666666669));
#937=CARTESIAN_POINT('',(-0.0202421698679139,-0.217625083333333,1.33900934630876E-16));
#938=CARTESIAN_POINT('',(-0.0151816274009354,-0.217713277777778,-0.0087651166666666));
#939=CARTESIAN_POINT('',(-0.010121084933957,-0.217801472222222,-0.0175302333333333));
#940=CARTESIAN_POINT('',(-8.58950783098679E-17,-0.217889666666667,-0.0175302333333333));
#941=CARTESIAN_POINT('',(0.0101210849339569,-0.217977861111111,-0.0175302333333334));
#942=CARTESIAN_POINT('',(0.0151816274009354,-0.218066055555555,-0.00876511666666675));
#943=CARTESIAN_POINT('',(0.0202421698679139,-0.21815425,-6.44652517061889E-17));
#944=CARTESIAN_POINT('',(0.0151816274009355,-0.218242444444445,0.00876511666666655));
#945=CARTESIAN_POINT('',(0.010121084933957,-0.218330638888889,0.0175302333333332));
#946=CARTESIAN_POINT('',(2.57620129679674E-17,-0.218418833333334,0.0175302333333333));
#947=CARTESIAN_POINT('',(-0.0101210849339568,-0.218507027777778,0.0175302333333334));
#948=CARTESIAN_POINT('',(-0.0151816274009354,-0.218595222222222,0.0087651166666667));
#949=CARTESIAN_POINT('',(-0.0202421698679139,-0.218683416666666,1.38858836338184E-16));
#950=CARTESIAN_POINT('',(-0.0151816274009354,-0.218771611111111,-0.0087651166666666));
#951=CARTESIAN_POINT('',(-0.010121084933957,-0.218859805555556,-0.0175302333333333));
#952=CARTESIAN_POINT('',(-9.01887471378625E-17,-0.218948,-0.0175302333333333));
#953=CARTESIAN_POINT('',(0.0101210849339569,-0.219036194444445,-0.0175302333333334));
#954=CARTESIAN_POINT('',(0.0151816274009354,-0.219124388888889,-0.00876511666666676));
#955=CARTESIAN_POINT('',(0.0202421698679139,-0.219212583333333,-6.94231534134964E-17));
#956=CARTESIAN_POINT('',(0.0151816274009355,-0.219300777777778,0.00876511666666654));
#957=CARTESIAN_POINT('',(0.010121084933957,-0.219388972222222,0.0175302333333332));
#958=CARTESIAN_POINT('',(3.00556817959621E-17,-0.219477166666667,0.0175302333333333));
#959=CARTESIAN_POINT('',(-0.0101210849339568,-0.219565361111111,0.0175302333333334));
#960=CARTESIAN_POINT('',(-0.0151816274009354,-0.219653555555555,0.0087651166666667));
#961=CARTESIAN_POINT('',(-0.0202421698679139,-0.21974175,1.43816738045491E-16));
#962=CARTESIAN_POINT('',(-0.0151816274009354,-0.219829944444445,-0.0087651166666666));
#963=CARTESIAN_POINT('',(-0.0101210849339571,-0.219918138888889,-0.0175302333333332));
#964=CARTESIAN_POINT('',(-9.44824159658571E-17,-0.220006333333333,-0.0175302333333333));
#965=CARTESIAN_POINT('',(0.0101210849339569,-0.220094527777778,-0.0175302333333334));
#966=CARTESIAN_POINT('',(0.0151816274009354,-0.220182722222222,-0.00876511666666676));
#967=CARTESIAN_POINT('',(0.0202421698679139,-0.220270916666667,-7.4381055120804E-17));
#968=CARTESIAN_POINT('',(0.0151816274009355,-0.220359111111111,0.00876511666666654));
#969=CARTESIAN_POINT('',(0.010121084933957,-0.220447305555555,0.0175302333333332));
#970=CARTESIAN_POINT('',(3.43493506239566E-17,-0.2205355,0.0175302333333333));
#971=CARTESIAN_POINT('',(-0.0101210849339568,-0.220623694444444,0.0175302333333334));
#972=CARTESIAN_POINT('',(-0.0151816274009354,-0.220711888888889,0.00876511666666671));
#973=CARTESIAN_POINT('',(-0.0202421698679139,-0.220800083333333,1.48774639752799E-16));
#974=CARTESIAN_POINT('',(-0.0151816274009354,-0.220888277777778,-0.00876511666666659));
#975=CARTESIAN_POINT('',(-0.0101210849339571,-0.220976472222222,-0.0175302333333332));
#976=CARTESIAN_POINT('',(-9.87760847938517E-17,-0.221064666666666,-0.0175302333333333));
#977=CARTESIAN_POINT('',(0.0101210849339569,-0.221152861111111,-0.0175302333333334));
#978=CARTESIAN_POINT('',(0.0151816274009354,-0.221241055555555,-0.00876511666666676));
#979=CARTESIAN_POINT('',(0.0202421698679139,-0.22132925,-7.93389568281115E-17));
#980=CARTESIAN_POINT('',(0.0151816274009355,-0.221417444444445,0.00876511666666653));
#981=CARTESIAN_POINT('',(0.010121084933957,-0.221505638888889,0.0175302333333332));
#982=CARTESIAN_POINT('',(1.63202818963746E-16,-0.221593833333333,0.0175302333333333));
#983=CARTESIAN_POINT('',(-0.0101210849339568,-0.221682027777778,0.0175302333333334));
#984=CARTESIAN_POINT('',(-0.0151816274009354,-0.221770222222222,0.00876511666666671));
#985=CARTESIAN_POINT('',(-0.0202421698679139,-0.221858416666666,1.53732541460106E-16));
#986=CARTESIAN_POINT('',(-0.0151816274009354,-0.221946611111111,-0.00876511666666659));
#987=CARTESIAN_POINT('',(-0.0101210849339571,-0.222034805555556,-0.0175302333333332));
#988=CARTESIAN_POINT('',(-1.03069753621846E-16,-0.222123,-0.0175302333333333));
#989=CARTESIAN_POINT('',(0.0101210849339568,-0.222211194444444,-0.0175302333333334));
#990=CARTESIAN_POINT('',(0.0151816274009354,-0.222299388888889,-0.00876511666666677));
#991=CARTESIAN_POINT('',(0.0202421698679139,-0.222387583333333,-8.4296858535419E-17));
#992=CARTESIAN_POINT('',(0.0151816274009355,-0.222475777777778,0.00876511666666653));
#993=CARTESIAN_POINT('',(0.010121084933957,-0.222563972222222,0.0175302333333332));
#994=CARTESIAN_POINT('',(1.67496487791741E-16,-0.222652166666667,0.0175302333333333));
#995=CARTESIAN_POINT('',(-0.0101210849339568,-0.222740361111111,0.0175302333333334));
#996=CARTESIAN_POINT('',(-0.0151816274009354,-0.222828555555556,0.00876511666666672));
#997=CARTESIAN_POINT('',(-0.0202421698679139,-0.22291675,1.58690443167414E-16));
#998=CARTESIAN_POINT('',(-0.0151816274009354,-0.223004944444445,-0.00876511666666658));
#999=CARTESIAN_POINT('',(-0.010121084933957,-0.223093138888889,-0.0175302333333333));
#1000=CARTESIAN_POINT('',(-2.31923221961636E-16,-0.223181333333334,-0.0175302333333333));
#1001=CARTESIAN_POINT('',(0.0101210849339568,-0.223269527777778,-0.0175302333333334));
#1002=CARTESIAN_POINT('',(0.0151816274009354,-0.223357722222222,-0.00876511666666677));
#1003=CARTESIAN_POINT('',(0.0202421698679139,-0.223445916666667,-8.92547602427266E-17));
#1004=CARTESIAN_POINT('',(0.0151816274009354,-0.223534111111111,0.00876511666666664));
#1005=CARTESIAN_POINT('',(0.0101210849339572,-0.223622305555555,0.0175302333333332));
#1006=CARTESIAN_POINT('',(1.71790156619736E-16,-0.2237105,0.0175302333333333));
#1007=CARTESIAN_POINT('',(-0.0167512008288959,-0.214133501500896,0.00516781883497363));
#1008=CARTESIAN_POINT('',(-0.0190060241722471,-0.214207043378718,-0.00214106715045237));
#1009=CARTESIAN_POINT('',(-0.0151816274009354,-0.214273694444444,-0.00876511666666665));
#1010=CARTESIAN_POINT('',(-0.0101210849339569,-0.214361888888889,-0.0175302333333333));
#1011=CARTESIAN_POINT('',(-2.14683441399729E-18,-0.214450083333334,-0.0175302333333333));
#1012=CARTESIAN_POINT('',(0.0101210849339569,-0.214538277777778,-0.0175302333333333));
#1013=CARTESIAN_POINT('',(0.0151816274009354,-0.214626472222222,-0.00876511666666666));
#1014=CARTESIAN_POINT('',(0.0202421698679139,-0.214714666666666,-3.71842628048066E-18));
#1015=CARTESIAN_POINT('',(0.0151816274009354,-0.214802861111111,0.00876511666666664));
#1016=CARTESIAN_POINT('',(0.0101210849339569,-0.214891055555556,0.0175302333333333));
#1017=CARTESIAN_POINT('',(0.,-0.21497925,0.0175302333333333));
#1018=CARTESIAN_POINT('',(-0.0101210849339569,-0.215067444444445,0.0175302333333333));
#1019=CARTESIAN_POINT('',(-0.0151816274009354,-0.215155638888889,0.00876511666666666));
#1020=CARTESIAN_POINT('',(-0.0202421698679139,-0.215243833333333,1.23947542682689E-18));
#1021=CARTESIAN_POINT('',(-0.0151816274009354,-0.215332027777778,-0.00876511666666665));
#1022=CARTESIAN_POINT('',(-0.0101210849339569,-0.215420222222222,-0.0175302333333333));
#1023=CARTESIAN_POINT('',(-2.14683441399729E-18,-0.215508416666667,-0.0175302333333333));
#1024=CARTESIAN_POINT('',(0.0101210849339569,-0.215596611111111,-0.0175302333333333));
#1025=CARTESIAN_POINT('',(0.0151816274009354,-0.215684805555555,-0.00876511666666666));
#1026=CARTESIAN_POINT('',(0.0202421698679139,-0.215773,-3.71842628048066E-18));
#1027=CARTESIAN_POINT('',(0.0151816274009354,-0.215861194444445,0.00876511666666664));
#1028=CARTESIAN_POINT('',(0.0101210849339569,-0.215949388888889,0.0175302333333333));
#1029=CARTESIAN_POINT('',(0.,-0.216037583333334,0.0175302333333333));
#1030=CARTESIAN_POINT('',(-0.0101210849339569,-0.216125777777778,0.0175302333333333));
#1031=CARTESIAN_POINT('',(-0.0151816274009354,-0.216213972222222,0.00876511666666666));
#1032=CARTESIAN_POINT('',(-0.0202421698679139,-0.216302166666667,1.23947542682689E-18));
#1033=CARTESIAN_POINT('',(-0.0151816274009354,-0.216390361111111,-0.00876511666666665));
#1034=CARTESIAN_POINT('',(-0.0101210849339569,-0.216478555555555,-0.0175302333333333));
#1035=CARTESIAN_POINT('',(-2.14683441399729E-18,-0.21656675,-0.0175302333333333));
#1036=CARTESIAN_POINT('',(0.0101210849339569,-0.216654944444444,-0.0175302333333333));
#1037=CARTESIAN_POINT('',(0.0151816274009354,-0.216743138888889,-0.00876511666666666));
#1038=CARTESIAN_POINT('',(0.0202421698679139,-0.216831333333333,-3.71842628048066E-18));
#1039=CARTESIAN_POINT('',(0.0151816274009354,-0.216919527777778,0.00876511666666664));
#1040=CARTESIAN_POINT('',(0.0101210849339569,-0.217007722222222,0.0175302333333333));
#1041=CARTESIAN_POINT('',(0.,-0.217095916666666,0.0175302333333333));
#1042=CARTESIAN_POINT('',(-0.0101210849339569,-0.217184111111111,0.0175302333333333));
#1043=CARTESIAN_POINT('',(-0.0151816274009354,-0.217272305555555,0.00876511666666666));
#1044=CARTESIAN_POINT('',(-0.0202421698679139,-0.2173605,1.23947542682689E-18));
#1045=CARTESIAN_POINT('',(-0.0151816274009354,-0.217448694444445,-0.00876511666666665));
#1046=CARTESIAN_POINT('',(-0.0101210849339569,-0.217536888888889,-0.0175302333333333));
#1047=CARTESIAN_POINT('',(-2.14683441399729E-18,-0.217625083333333,-0.0175302333333333));
#1048=CARTESIAN_POINT('',(0.0101210849339569,-0.217713277777778,-0.0175302333333333));
#1049=CARTESIAN_POINT('',(0.0151816274009354,-0.217801472222222,-0.00876511666666666));
#1050=CARTESIAN_POINT('',(0.0202421698679139,-0.217889666666667,-3.71842628048066E-18));
#1051=CARTESIAN_POINT('',(0.0151816274009354,-0.217977861111111,0.00876511666666664));
#1052=CARTESIAN_POINT('',(0.0101210849339569,-0.218066055555556,0.0175302333333333));
#1053=CARTESIAN_POINT('',(0.,-0.21815425,0.0175302333333333));
#1054=CARTESIAN_POINT('',(-0.0101210849339569,-0.218242444444444,0.0175302333333333));
#1055=CARTESIAN_POINT('',(-0.0151816274009354,-0.218330638888889,0.00876511666666666));
#1056=CARTESIAN_POINT('',(-0.0202421698679139,-0.218418833333333,1.23947542682689E-18));
#1057=CARTESIAN_POINT('',(-0.0151816274009354,-0.218507027777778,-0.00876511666666665));
#1058=CARTESIAN_POINT('',(-0.0101210849339569,-0.218595222222222,-0.0175302333333333));
#1059=CARTESIAN_POINT('',(-2.14683441399729E-18,-0.218683416666666,-0.0175302333333333));
#1060=CARTESIAN_POINT('',(0.0101210849339569,-0.218771611111111,-0.0175302333333333));
#1061=CARTESIAN_POINT('',(0.0151816274009354,-0.218859805555555,-0.00876511666666666));
#1062=CARTESIAN_POINT('',(0.0202421698679139,-0.218948,-3.71842628048066E-18));
#1063=CARTESIAN_POINT('',(0.0151816274009354,-0.219036194444444,0.00876511666666664));
#1064=CARTESIAN_POINT('',(0.0101210849339569,-0.219124388888889,0.0175302333333333));
#1065=CARTESIAN_POINT('',(0.,-0.219212583333333,0.0175302333333333));
#1066=CARTESIAN_POINT('',(-0.0101210849339569,-0.219300777777778,0.0175302333333333));
#1067=CARTESIAN_POINT('',(-0.0151816274009354,-0.219388972222222,0.00876511666666666));
#1068=CARTESIAN_POINT('',(-0.0202421698679139,-0.219477166666667,1.23947542682689E-18));
#1069=CARTESIAN_POINT('',(-0.0151816274009354,-0.219565361111111,-0.00876511666666665));
#1070=CARTESIAN_POINT('',(-0.0101210849339569,-0.219653555555555,-0.0175302333333333));
#1071=CARTESIAN_POINT('',(-2.14683441399729E-18,-0.21974175,-0.0175302333333333));
#1072=CARTESIAN_POINT('',(0.0101210849339569,-0.219829944444444,-0.0175302333333333));
#1073=CARTESIAN_POINT('',(0.0151816274009354,-0.219918138888889,-0.00876511666666666));
#1074=CARTESIAN_POINT('',(0.0202421698679139,-0.220006333333333,-3.71842628048066E-18));
#1075=CARTESIAN_POINT('',(0.0151816274009354,-0.220094527777778,0.00876511666666664));
#1076=CARTESIAN_POINT('',(0.0101210849339569,-0.220182722222222,0.0175302333333333));
#1077=CARTESIAN_POINT('',(0.,-0.220270916666667,0.0175302333333333));
#1078=CARTESIAN_POINT('',(-0.0101210849339569,-0.220359111111111,0.0175302333333333));
#1079=CARTESIAN_POINT('',(-0.0151816274009354,-0.220447305555556,0.00876511666666666));
#1080=CARTESIAN_POINT('',(-0.0202421698679139,-0.2205355,1.23947542682689E-18));
#1081=CARTESIAN_POINT('',(-0.0151816274009354,-0.220623694444445,-0.00876511666666665));
#1082=CARTESIAN_POINT('',(-0.0101210849339569,-0.220711888888889,-0.0175302333333333));
#1083=CARTESIAN_POINT('',(-2.14683441399729E-18,-0.220800083333334,-0.0175302333333333));
#1084=CARTESIAN_POINT('',(0.0101210849339569,-0.220888277777778,-0.0175302333333333));
#1085=CARTESIAN_POINT('',(0.0151816274009354,-0.220976472222222,-0.00876511666666666));
#1086=CARTESIAN_POINT('',(0.0202421698679139,-0.221064666666667,-3.71842628048066E-18));
#1087=CARTESIAN_POINT('',(0.0151816274009354,-0.221152861111111,0.00876511666666664));
#1088=CARTESIAN_POINT('',(0.0101210849339569,-0.221241055555556,0.0175302333333333));
#1089=CARTESIAN_POINT('',(0.,-0.22132925,0.0175302333333333));
#1090=CARTESIAN_POINT('',(-0.0101210849339569,-0.221417444444444,0.0175302333333333));
#1091=CARTESIAN_POINT('',(-0.0151816274009354,-0.221505638888889,0.00876511666666666));
#1092=CARTESIAN_POINT('',(-0.0202421698679139,-0.221593833333333,1.23947542682689E-18));
#1093=CARTESIAN_POINT('',(-0.0151816274009354,-0.221682027777778,-0.00876511666666665));
#1094=CARTESIAN_POINT('',(-0.0101210849339569,-0.221770222222222,-0.0175302333333333));
#1095=CARTESIAN_POINT('',(-2.14683441399729E-18,-0.221858416666667,-0.0175302333333333));
#1096=CARTESIAN_POINT('',(0.0101210849339569,-0.221946611111111,-0.0175302333333333));
#1097=CARTESIAN_POINT('',(0.0151816274009354,-0.222034805555555,-0.00876511666666666));
#1098=CARTESIAN_POINT('',(0.0202421698679139,-0.222123,-3.71842628048066E-18));
#1099=CARTESIAN_POINT('',(0.0151816274009354,-0.222211194444445,0.00876511666666664));
#1100=CARTESIAN_POINT('',(0.0101210849339569,-0.222299388888889,0.0175302333333333));
#1101=CARTESIAN_POINT('',(0.,-0.222387583333333,0.0175302333333333));
#1102=CARTESIAN_POINT('',(-0.00639057455530345,-0.222443270364542,0.0175302333333333));
#1103=CARTESIAN_POINT('',(-0.011281860799241,-0.222506583937665,0.0134174773198116));
#1104=CARTESIAN_POINT('',(-0.0172985839111196,-0.213802772334229,0.00533668891367162));
#1105=CARTESIAN_POINT('',(-0.0196270886677713,-0.213876314212051,-0.00221103132484402));
#1106=CARTESIAN_POINT('',(-0.0156777211487675,-0.213942965277778,-0.00905153652552082));
#1107=CARTESIAN_POINT('',(-0.0104518140991783,-0.214031159722222,-0.0181030730510416));
#1108=CARTESIAN_POINT('',(-2.21698704666888E-18,-0.214119354166666,-0.0181030730510417));
#1109=CARTESIAN_POINT('',(0.0104518140991783,-0.214207548611111,-0.0181030730510417));
#1110=CARTESIAN_POINT('',(0.0156777211487675,-0.214295743055556,-0.00905153652552083));
#1111=CARTESIAN_POINT('',(0.0209036281983567,-0.2143839375,-3.83993420455258E-18));
#1112=CARTESIAN_POINT('',(0.0156777211487675,-0.214472131944445,0.00905153652552081));
#1113=CARTESIAN_POINT('',(0.0104518140991784,-0.214560326388889,0.0181030730510416));
#1114=CARTESIAN_POINT('',(0.,-0.214648520833333,0.0181030730510417));
#1115=CARTESIAN_POINT('',(-0.0104518140991783,-0.214736715277778,0.0181030730510417));
#1116=CARTESIAN_POINT('',(-0.0156777211487675,-0.214824909722222,0.00905153652552082));
#1117=CARTESIAN_POINT('',(-0.0209036281983567,-0.214913104166666,1.27997806818419E-18));
#1118=CARTESIAN_POINT('',(-0.0156777211487675,-0.215001298611111,-0.00905153652552082));
#1119=CARTESIAN_POINT('',(-0.0104518140991783,-0.215089493055555,-0.0181030730510416));
#1120=CARTESIAN_POINT('',(-2.21698704666888E-18,-0.2151776875,-0.0181030730510417));
#1121=CARTESIAN_POINT('',(0.0104518140991783,-0.215265881944445,-0.0181030730510417));
#1122=CARTESIAN_POINT('',(0.0156777211487675,-0.215354076388889,-0.00905153652552083));
#1123=CARTESIAN_POINT('',(0.0209036281983567,-0.215442270833333,-3.83993420455258E-18));
#1124=CARTESIAN_POINT('',(0.0156777211487675,-0.215530465277778,0.00905153652552081));
#1125=CARTESIAN_POINT('',(0.0104518140991784,-0.215618659722222,0.0181030730510416));
#1126=CARTESIAN_POINT('',(0.,-0.215706854166666,0.0181030730510417));
#1127=CARTESIAN_POINT('',(-0.0104518140991783,-0.215795048611111,0.0181030730510417));
#1128=CARTESIAN_POINT('',(-0.0156777211487675,-0.215883243055556,0.00905153652552082));
#1129=CARTESIAN_POINT('',(-0.0209036281983567,-0.2159714375,1.27997806818419E-18));
#1130=CARTESIAN_POINT('',(-0.0156777211487675,-0.216059631944444,-0.00905153652552082));
#1131=CARTESIAN_POINT('',(-0.0104518140991783,-0.216147826388889,-0.0181030730510416));
#1132=CARTESIAN_POINT('',(-2.21698704666888E-18,-0.216236020833334,-0.0181030730510417));
#1133=CARTESIAN_POINT('',(0.0104518140991783,-0.216324215277778,-0.0181030730510417));
#1134=CARTESIAN_POINT('',(0.0156777211487675,-0.216412409722222,-0.00905153652552083));
#1135=CARTESIAN_POINT('',(0.0209036281983567,-0.216500604166667,-3.83993420455258E-18));
#1136=CARTESIAN_POINT('',(0.0156777211487675,-0.216588798611111,0.00905153652552081));
#1137=CARTESIAN_POINT('',(0.0104518140991784,-0.216676993055555,0.0181030730510416));
#1138=CARTESIAN_POINT('',(0.,-0.2167651875,0.0181030730510417));
#1139=CARTESIAN_POINT('',(-0.0104518140991783,-0.216853381944444,0.0181030730510417));
#1140=CARTESIAN_POINT('',(-0.0156777211487675,-0.216941576388889,0.00905153652552082));
#1141=CARTESIAN_POINT('',(-0.0209036281983567,-0.217029770833333,1.27997806818419E-18));
#1142=CARTESIAN_POINT('',(-0.0156777211487675,-0.217117965277778,-0.00905153652552082));
#1143=CARTESIAN_POINT('',(-0.0104518140991783,-0.217206159722222,-0.0181030730510416));
#1144=CARTESIAN_POINT('',(-2.21698704666888E-18,-0.217294354166666,-0.0181030730510417));
#1145=CARTESIAN_POINT('',(0.0104518140991783,-0.217382548611111,-0.0181030730510417));
#1146=CARTESIAN_POINT('',(0.0156777211487675,-0.217470743055555,-0.00905153652552083));
#1147=CARTESIAN_POINT('',(0.0209036281983567,-0.2175589375,-3.83993420455258E-18));
#1148=CARTESIAN_POINT('',(0.0156777211487675,-0.217647131944444,0.00905153652552081));
#1149=CARTESIAN_POINT('',(0.0104518140991784,-0.217735326388889,0.0181030730510416));
#1150=CARTESIAN_POINT('',(0.,-0.217823520833334,0.0181030730510417));
#1151=CARTESIAN_POINT('',(-0.0104518140991783,-0.217911715277778,0.0181030730510417));
#1152=CARTESIAN_POINT('',(-0.0156777211487675,-0.217999909722222,0.00905153652552082));
#1153=CARTESIAN_POINT('',(-0.0209036281983567,-0.218088104166667,1.27997806818419E-18));
#1154=CARTESIAN_POINT('',(-0.0156777211487675,-0.218176298611111,-0.00905153652552082));
#1155=CARTESIAN_POINT('',(-0.0104518140991783,-0.218264493055556,-0.0181030730510416));
#1156=CARTESIAN_POINT('',(-2.21698704666888E-18,-0.2183526875,-0.0181030730510417));
#1157=CARTESIAN_POINT('',(0.0104518140991783,-0.218440881944444,-0.0181030730510417));
#1158=CARTESIAN_POINT('',(0.0156777211487675,-0.218529076388889,-0.00905153652552083));
#1159=CARTESIAN_POINT('',(0.0209036281983567,-0.218617270833333,-3.83993420455258E-18));
#1160=CARTESIAN_POINT('',(0.0156777211487675,-0.218705465277778,0.00905153652552081));
#1161=CARTESIAN_POINT('',(0.0104518140991784,-0.218793659722222,0.0181030730510416));
#1162=CARTESIAN_POINT('',(0.,-0.218881854166666,0.0181030730510417));
#1163=CARTESIAN_POINT('',(-0.0104518140991783,-0.218970048611111,0.0181030730510417));
#1164=CARTESIAN_POINT('',(-0.0156777211487675,-0.219058243055556,0.00905153652552082));
#1165=CARTESIAN_POINT('',(-0.0209036281983567,-0.2191464375,1.27997806818419E-18));
#1166=CARTESIAN_POINT('',(-0.0156777211487675,-0.219234631944445,-0.00905153652552082));
#1167=CARTESIAN_POINT('',(-0.0104518140991783,-0.219322826388889,-0.0181030730510416));
#1168=CARTESIAN_POINT('',(-2.21698704666888E-18,-0.219411020833334,-0.0181030730510417));
#1169=CARTESIAN_POINT('',(0.0104518140991783,-0.219499215277778,-0.0181030730510417));
#1170=CARTESIAN_POINT('',(0.0156777211487675,-0.219587409722223,-0.00905153652552083));
#1171=CARTESIAN_POINT('',(0.0209036281983567,-0.219675604166667,-3.83993420455258E-18));
#1172=CARTESIAN_POINT('',(0.0156777211487675,-0.219763798611111,0.00905153652552081));
#1173=CARTESIAN_POINT('',(0.0104518140991784,-0.219851993055555,0.0181030730510416));
#1174=CARTESIAN_POINT('',(0.,-0.2199401875,0.0181030730510417));
#1175=CARTESIAN_POINT('',(-0.0104518140991783,-0.220028381944444,0.0181030730510417));
#1176=CARTESIAN_POINT('',(-0.0156777211487675,-0.220116576388889,0.00905153652552082));
#1177=CARTESIAN_POINT('',(-0.0209036281983567,-0.220204770833334,1.27997806818419E-18));
#1178=CARTESIAN_POINT('',(-0.0156777211487675,-0.220292965277778,-0.00905153652552082));
#1179=CARTESIAN_POINT('',(-0.0104518140991783,-0.220381159722222,-0.0181030730510416));
#1180=CARTESIAN_POINT('',(-2.21698704666888E-18,-0.220469354166666,-0.0181030730510417));
#1181=CARTESIAN_POINT('',(0.0104518140991783,-0.220557548611111,-0.0181030730510417));
#1182=CARTESIAN_POINT('',(0.0156777211487675,-0.220645743055556,-0.00905153652552083));
#1183=CARTESIAN_POINT('',(0.0209036281983567,-0.2207339375,-3.83993420455258E-18));
#1184=CARTESIAN_POINT('',(0.0156777211487675,-0.220822131944444,0.00905153652552081));
#1185=CARTESIAN_POINT('',(0.0104518140991784,-0.220910326388889,0.0181030730510416));
#1186=CARTESIAN_POINT('',(0.,-0.220998520833334,0.0181030730510417));
#1187=CARTESIAN_POINT('',(-0.0104518140991783,-0.221086715277777,0.0181030730510417));
#1188=CARTESIAN_POINT('',(-0.0156777211487675,-0.221174909722222,0.00905153652552082));
#1189=CARTESIAN_POINT('',(-0.0209036281983567,-0.221263104166667,1.27997806818419E-18));
#1190=CARTESIAN_POINT('',(-0.0156777211487675,-0.221351298611111,-0.00905153652552082));
#1191=CARTESIAN_POINT('',(-0.0104518140991783,-0.221439493055556,-0.0181030730510416));
#1192=CARTESIAN_POINT('',(-2.21698704666888E-18,-0.2215276875,-0.0181030730510417));
#1193=CARTESIAN_POINT('',(0.0104518140991783,-0.221615881944444,-0.0181030730510417));
#1194=CARTESIAN_POINT('',(0.0156777211487675,-0.221704076388889,-0.00905153652552083));
#1195=CARTESIAN_POINT('',(0.0209036281983567,-0.221792270833333,-3.83993420455258E-18));
#1196=CARTESIAN_POINT('',(0.0156777211487675,-0.221880465277778,0.00905153652552081));
#1197=CARTESIAN_POINT('',(0.0104518140991784,-0.221968659722222,0.0181030730510416));
#1198=CARTESIAN_POINT('',(0.,-0.222056854166666,0.0181030730510417));
#1199=CARTESIAN_POINT('',(-0.0065994009214245,-0.222112541197876,0.0181030730510417));
#1200=CARTESIAN_POINT('',(-0.0116505209210189,-0.222175854770998,0.0138559235044168));
#1201=CARTESIAN_POINT('',(0.,-0.212531854166667,0.0181030730510417));
#1202=CARTESIAN_POINT('',(-0.0104518140991783,-0.212620048611111,0.0181030730510417));
#1203=CARTESIAN_POINT('',(-0.0156777211487675,-0.212708243055555,0.00905153652552082));
#1204=CARTESIAN_POINT('',(-0.0209036281983567,-0.2127964375,1.27997806818419E-18));
#1205=CARTESIAN_POINT('',(-0.0156777211487675,-0.212884631944445,-0.00905153652552082));
#1206=CARTESIAN_POINT('',(-0.0104518140991784,-0.212972826388889,-0.0181030730510417));
#1207=CARTESIAN_POINT('',(-2.21698704666888E-18,-0.213061020833334,-0.0181030730510417));
#1208=CARTESIAN_POINT('',(0.0104518140991783,-0.213149215277778,-0.0181030730510417));
#1209=CARTESIAN_POINT('',(0.0156777211487675,-0.213237409722222,-0.00905153652552083));
#1210=CARTESIAN_POINT('',(0.0209036281983567,-0.213325604166667,-3.83993420455258E-18));
#1211=CARTESIAN_POINT('',(0.0156777211487675,-0.213413798611111,0.00905153652552081));
#1212=CARTESIAN_POINT('',(0.0104518140991784,-0.213501993055556,0.0181030730510416));
#1213=CARTESIAN_POINT('',(4.43397409333777E-18,-0.2135901875,0.0181030730510417));
#1214=CARTESIAN_POINT('',(-0.0104518140991783,-0.213678381944444,0.0181030730510417));
#1215=CARTESIAN_POINT('',(-0.0156777211487675,-0.213766576388889,0.00905153652552083));
#1216=CARTESIAN_POINT('',(-0.0209036281983567,-0.213854770833333,2.49660418001364E-17));
#1217=CARTESIAN_POINT('',(-0.0156777211487675,-0.213942965277778,-0.00905153652552081));
#1218=CARTESIAN_POINT('',(-0.0104518140991784,-0.214031159722222,-0.0181030730510416));
#1219=CARTESIAN_POINT('',(-6.65096114000666E-18,-0.214119354166666,-0.0181030730510417));
#1220=CARTESIAN_POINT('',(0.0104518140991783,-0.214207548611111,-0.0181030730510417));
#1221=CARTESIAN_POINT('',(0.0156777211487675,-0.214295743055556,-0.00905153652552084));
#1222=CARTESIAN_POINT('',(0.0209036281983567,-0.2143839375,-8.95984647728936E-18));
#1223=CARTESIAN_POINT('',(0.0156777211487675,-0.214472131944445,0.0090515365255208));
#1224=CARTESIAN_POINT('',(0.0104518140991784,-0.214560326388889,0.0181030730510416));
#1225=CARTESIAN_POINT('',(8.86794818667554E-18,-0.214648520833333,0.0181030730510417));
#1226=CARTESIAN_POINT('',(-0.0104518140991783,-0.214736715277778,0.0181030730510417));
#1227=CARTESIAN_POINT('',(-0.0156777211487675,-0.214824909722222,0.00905153652552085));
#1228=CARTESIAN_POINT('',(-0.0209036281983567,-0.214913104166666,4.86521055320886E-17));
#1229=CARTESIAN_POINT('',(-0.0156777211487675,-0.215001298611111,-0.0090515365255208));
#1230=CARTESIAN_POINT('',(-0.0104518140991784,-0.215089493055555,-0.0181030730510416));
#1231=CARTESIAN_POINT('',(-4.32424528617246E-17,-0.2151776875,-0.0181030730510417));
#1232=CARTESIAN_POINT('',(0.0104518140991783,-0.215265881944445,-0.0181030730510417));
#1233=CARTESIAN_POINT('',(0.0156777211487675,-0.215354076388889,-0.00905153652552085));
#1234=CARTESIAN_POINT('',(0.0209036281983567,-0.215442270833333,-5.1212061668457E-17));
#1235=CARTESIAN_POINT('',(0.0156777211487675,-0.215530465277778,0.00905153652552077));
#1236=CARTESIAN_POINT('',(0.0104518140991784,-0.215618659722222,0.0181030730510416));
#1237=CARTESIAN_POINT('',(1.33019222800133E-17,-0.215706854166666,0.0181030730510417));
#1238=CARTESIAN_POINT('',(-0.0104518140991783,-0.215795048611111,0.0181030730510417));
#1239=CARTESIAN_POINT('',(-0.0156777211487675,-0.215883243055556,0.00905153652552085));
#1240=CARTESIAN_POINT('',(-0.0209036281983567,-0.2159714375,5.37720178048253E-17));
#1241=CARTESIAN_POINT('',(-0.0156777211487675,-0.216059631944444,-0.00905153652552077));
#1242=CARTESIAN_POINT('',(-0.0104518140991784,-0.216147826388889,-0.0181030730510416));
#1243=CARTESIAN_POINT('',(-1.55189093266822E-17,-0.216236020833334,-0.0181030730510417));
#1244=CARTESIAN_POINT('',(0.0104518140991783,-0.216324215277778,-0.0181030730510417));
#1245=CARTESIAN_POINT('',(0.0156777211487675,-0.216412409722222,-0.00905153652552085));
#1246=CARTESIAN_POINT('',(0.0209036281983567,-0.216500604166667,-5.63319739411937E-17));
#1247=CARTESIAN_POINT('',(0.0156777211487675,-0.216588798611111,0.00905153652552077));
#1248=CARTESIAN_POINT('',(0.0104518140991784,-0.216676993055555,0.0181030730510416));
#1249=CARTESIAN_POINT('',(1.77358963733511E-17,-0.2167651875,0.0181030730510417));
#1250=CARTESIAN_POINT('',(-0.0104518140991783,-0.216853381944444,0.0181030730510417));
#1251=CARTESIAN_POINT('',(-0.0156777211487675,-0.216941576388889,0.00905153652552085));
#1252=CARTESIAN_POINT('',(-0.0209036281983567,-0.217029770833333,5.88919300775621E-17));
#1253=CARTESIAN_POINT('',(-0.0156777211487675,-0.217117965277778,-0.00905153652552077));
#1254=CARTESIAN_POINT('',(-0.0104518140991784,-0.217206159722222,-0.0181030730510416));
#1255=CARTESIAN_POINT('',(-8.42679186767803E-17,-0.217294354166666,-0.0181030730510417));
#1256=CARTESIAN_POINT('',(0.0104518140991783,-0.217382548611111,-0.0181030730510417));
#1257=CARTESIAN_POINT('',(0.0156777211487675,-0.217470743055555,-0.00905153652552086));
#1258=CARTESIAN_POINT('',(0.0209036281983567,-0.2175589375,-6.14518862139305E-17));
#1259=CARTESIAN_POINT('',(0.0156777211487675,-0.217647131944444,0.00905153652552076));
#1260=CARTESIAN_POINT('',(0.0104518140991784,-0.217735326388889,0.0181030730510416));
#1261=CARTESIAN_POINT('',(8.64849057234492E-17,-0.217823520833334,0.0181030730510417));
#1262=CARTESIAN_POINT('',(-0.0104518140991783,-0.217911715277778,0.0181030730510417));
#1263=CARTESIAN_POINT('',(-0.0156777211487675,-0.217999909722222,0.00905153652552086));
#1264=CARTESIAN_POINT('',(-0.0209036281983567,-0.218088104166667,1.38276448187161E-16));
#1265=CARTESIAN_POINT('',(-0.0156777211487675,-0.218176298611111,-0.00905153652552076));
#1266=CARTESIAN_POINT('',(-0.0104518140991784,-0.218264493055556,-0.0181030730510416));
#1267=CARTESIAN_POINT('',(-8.87018927701181E-17,-0.2183526875,-0.0181030730510417));
#1268=CARTESIAN_POINT('',(0.0104518140991783,-0.218440881944444,-0.0181030730510417));
#1269=CARTESIAN_POINT('',(0.0156777211487674,-0.218529076388889,-0.00905153652552092));
#1270=CARTESIAN_POINT('',(0.0209036281983567,-0.218617270833333,-6.65717984866673E-17));
#1271=CARTESIAN_POINT('',(0.0156777211487676,-0.218705465277778,0.0090515365255207));
#1272=CARTESIAN_POINT('',(0.0104518140991784,-0.218793659722222,0.0181030730510416));
#1273=CARTESIAN_POINT('',(2.66038445600266E-17,-0.218881854166666,0.0181030730510417));
#1274=CARTESIAN_POINT('',(-0.0104518140991782,-0.218970048611111,0.0181030730510417));
#1275=CARTESIAN_POINT('',(-0.0156777211487675,-0.219058243055556,0.00905153652552086));
#1276=CARTESIAN_POINT('',(-0.0209036281983567,-0.2191464375,1.43396360459897E-16));
#1277=CARTESIAN_POINT('',(-0.0156777211487675,-0.219234631944445,-0.00905153652552076));
#1278=CARTESIAN_POINT('',(-0.0104518140991784,-0.219322826388889,-0.0181030730510416));
#1279=CARTESIAN_POINT('',(-9.31358668634559E-17,-0.219411020833334,-0.0181030730510417));
#1280=CARTESIAN_POINT('',(0.0104518140991783,-0.219499215277778,-0.0181030730510417));
#1281=CARTESIAN_POINT('',(0.0156777211487674,-0.219587409722223,-0.00905153652552092));
#1282=CARTESIAN_POINT('',(0.0209036281983567,-0.219675604166667,-7.1691710759404E-17));
#1283=CARTESIAN_POINT('',(0.0156777211487676,-0.219763798611111,0.0090515365255207));
#1284=CARTESIAN_POINT('',(0.0104518140991784,-0.219851993055555,0.0181030730510416));
#1285=CARTESIAN_POINT('',(3.10378186533644E-17,-0.2199401875,0.0181030730510417));
#1286=CARTESIAN_POINT('',(-0.0104518140991782,-0.220028381944444,0.0181030730510417));
#1287=CARTESIAN_POINT('',(-0.0156777211487675,-0.220116576388889,0.00905153652552087));
#1288=CARTESIAN_POINT('',(-0.0209036281983567,-0.220204770833334,1.48516272732634E-16));
#1289=CARTESIAN_POINT('',(-0.0156777211487675,-0.220292965277778,-0.00905153652552075));
#1290=CARTESIAN_POINT('',(-0.0104518140991785,-0.220381159722222,-0.0181030730510415));
#1291=CARTESIAN_POINT('',(-9.75698409567936E-17,-0.220469354166666,-0.0181030730510417));
#1292=CARTESIAN_POINT('',(0.0104518140991783,-0.220557548611111,-0.0181030730510417));
#1293=CARTESIAN_POINT('',(0.0156777211487674,-0.220645743055556,-0.00905153652552092));
#1294=CARTESIAN_POINT('',(0.0209036281983567,-0.2207339375,-7.68116230321409E-17));
#1295=CARTESIAN_POINT('',(0.0156777211487676,-0.220822131944444,0.0090515365255207));
#1296=CARTESIAN_POINT('',(0.0104518140991784,-0.220910326388889,0.0181030730510416));
#1297=CARTESIAN_POINT('',(3.54717927467021E-17,-0.220998520833334,0.0181030730510417));
#1298=CARTESIAN_POINT('',(-0.0104518140991782,-0.221086715277777,0.0181030730510417));
#1299=CARTESIAN_POINT('',(-0.0156777211487675,-0.221174909722222,0.00905153652552087));
#1300=CARTESIAN_POINT('',(-0.0209036281983567,-0.221263104166667,1.53636185005371E-16));
#1301=CARTESIAN_POINT('',(-0.0156777211487675,-0.221351298611111,-0.00905153652552075));
#1302=CARTESIAN_POINT('',(-0.0104518140991785,-0.221439493055556,-0.0181030730510415));
#1303=CARTESIAN_POINT('',(-1.02003815050131E-16,-0.2215276875,-0.0181030730510417));
#1304=CARTESIAN_POINT('',(0.0104518140991783,-0.221615881944444,-0.0181030730510417));
#1305=CARTESIAN_POINT('',(0.0156777211487674,-0.221704076388889,-0.00905153652552093));
#1306=CARTESIAN_POINT('',(0.0209036281983567,-0.221792270833333,-8.19315353048777E-17));
#1307=CARTESIAN_POINT('',(0.0156777211487676,-0.221880465277778,0.00905153652552069));
#1308=CARTESIAN_POINT('',(0.0104518140991784,-0.221968659722222,0.0181030730510416));
#1309=CARTESIAN_POINT('',(1.6853583735356E-16,-0.222056854166666,0.0181030730510417));
#1310=CARTESIAN_POINT('',(-0.0104518140991782,-0.222145048611111,0.0181030730510417));
#1311=CARTESIAN_POINT('',(-0.0156777211487675,-0.222233243055556,0.00905153652552087));
#1312=CARTESIAN_POINT('',(-0.0209036281983567,-0.2223214375,1.58756097278108E-16));
#1313=CARTESIAN_POINT('',(-0.0156777211487675,-0.222409631944444,-0.00905153652552075));
#1314=CARTESIAN_POINT('',(-0.0104518140991785,-0.222497826388889,-0.0181030730510415));
#1315=CARTESIAN_POINT('',(-1.06437789143469E-16,-0.222586020833334,-0.0181030730510417));
#1316=CARTESIAN_POINT('',(0.0104518140991782,-0.222674215277778,-0.0181030730510417));
#1317=CARTESIAN_POINT('',(0.0156777211487674,-0.222762409722222,-0.00905153652552093));
#1318=CARTESIAN_POINT('',(0.0209036281983567,-0.222850604166666,-8.70514475776145E-17));
#1319=CARTESIAN_POINT('',(0.0156777211487676,-0.222938798611111,0.00905153652552069));
#1320=CARTESIAN_POINT('',(0.0104518140991784,-0.223026993055555,0.0181030730510416));
#1321=CARTESIAN_POINT('',(1.72969811446898E-16,-0.2231151875,0.0181030730510417));
#1322=CARTESIAN_POINT('',(-0.0104518140991782,-0.223203381944445,0.0181030730510417));
#1323=CARTESIAN_POINT('',(-0.0156777211487675,-0.223291576388889,0.00905153652552088));
#1324=CARTESIAN_POINT('',(-0.0209036281983567,-0.223379770833333,1.63876009550844E-16));
#1325=CARTESIAN_POINT('',(-0.0156777211487675,-0.223467965277778,-0.00905153652552074));
#1326=CARTESIAN_POINT('',(-0.0104518140991784,-0.223556159722222,-0.0181030730510416));
#1327=CARTESIAN_POINT('',(-2.39501833750328E-16,-0.223644354166666,-0.0181030730510417));
#1328=CARTESIAN_POINT('',(0.0104518140991782,-0.223732548611111,-0.0181030730510417));
#1329=CARTESIAN_POINT('',(0.0156777211487674,-0.223820743055555,-0.00905153652552093));
#1330=CARTESIAN_POINT('',(0.0209036281983567,-0.2239089375,-9.21713598503512E-17));
#1331=CARTESIAN_POINT('',(0.0156777211487675,-0.223997131944444,0.0090515365255208));
#1332=CARTESIAN_POINT('',(0.0104518140991786,-0.224085326388889,0.0181030730510415));
#1333=CARTESIAN_POINT('',(1.77403785540236E-16,-0.224173520833334,0.0181030730510417));
#1334=CARTESIAN_POINT('',(0.00702082784248149,-0.2141855,-0.0166861987971373));
#1335=CARTESIAN_POINT('',(0.00525841606692064,-0.2141855,-0.0172901665369988));
#1336=CARTESIAN_POINT('',(0.0058559812630278,-0.2141855,-0.0171191268134785));
#1337=CARTESIAN_POINT('',(0.00644395868190432,-0.2141855,-0.0169176307035567));
#1338=CARTESIAN_POINT('',(0.00702082784248148,-0.2141855,-0.0166861987971373));
#1339=CARTESIAN_POINT('',(0.,-0.212862583333333,0.0175302333333333));
#1340=CARTESIAN_POINT('',(-0.0101210849339569,-0.212950777777778,0.0175302333333333));
#1341=CARTESIAN_POINT('',(-0.0151816274009354,-0.213038972222222,0.00876511666666666));
#1342=CARTESIAN_POINT('',(-0.0202421698679139,-0.213127166666667,1.23947542682689E-18));
#1343=CARTESIAN_POINT('',(-0.0151816274009354,-0.213215361111111,-0.00876511666666665));
#1344=CARTESIAN_POINT('',(-0.0101210849339569,-0.213303555555556,-0.0175302333333333));
#1345=CARTESIAN_POINT('',(-2.14683441399728E-18,-0.21339175,-0.0175302333333333));
#1346=CARTESIAN_POINT('',(0.0101210849339569,-0.213479944444444,-0.0175302333333333));
#1347=CARTESIAN_POINT('',(0.0151816274009354,-0.213568138888889,-0.00876511666666666));
#1348=CARTESIAN_POINT('',(0.0202421698679139,-0.213656333333333,-3.71842628048066E-18));
#1349=CARTESIAN_POINT('',(0.0151816274009354,-0.213744527777778,0.00876511666666664));
#1350=CARTESIAN_POINT('',(0.0101210849339569,-0.213832722222222,0.0175302333333333));
#1351=CARTESIAN_POINT('',(4.29366882799458E-18,-0.213920916666667,0.0175302333333333));
#1352=CARTESIAN_POINT('',(-0.0101210849339569,-0.214009111111111,0.0175302333333333));
#1353=CARTESIAN_POINT('',(-0.0151816274009354,-0.214097305555556,0.00876511666666666));
#1354=CARTESIAN_POINT('',(-0.0202421698679139,-0.2141855,2.41760355787197E-17));
#1355=CARTESIAN_POINT('',(-0.0151816274009354,-0.214273694444444,-0.00876511666666664));
#1356=CARTESIAN_POINT('',(-0.010121084933957,-0.214361888888889,-0.0175302333333333));
#1357=CARTESIAN_POINT('',(-6.44050324199186E-18,-0.214450083333334,-0.0175302333333333));
#1358=CARTESIAN_POINT('',(0.0101210849339569,-0.214538277777778,-0.0175302333333333));
#1359=CARTESIAN_POINT('',(0.0151816274009354,-0.214626472222222,-0.00876511666666668));
#1360=CARTESIAN_POINT('',(0.0202421698679139,-0.214714666666666,-8.67632798778819E-18));
#1361=CARTESIAN_POINT('',(0.0151816274009354,-0.214802861111111,0.00876511666666664));
#1362=CARTESIAN_POINT('',(0.010121084933957,-0.214891055555556,0.0175302333333333));
#1363=CARTESIAN_POINT('',(8.58733765598915E-18,-0.21497925,0.0175302333333333));
#1364=CARTESIAN_POINT('',(-0.0101210849339569,-0.215067444444445,0.0175302333333333));
#1365=CARTESIAN_POINT('',(-0.0151816274009354,-0.215155638888889,0.00876511666666668));
#1366=CARTESIAN_POINT('',(-0.0202421698679139,-0.215243833333333,4.71125957306124E-17));
#1367=CARTESIAN_POINT('',(-0.0151816274009354,-0.215332027777778,-0.00876511666666664));
#1368=CARTESIAN_POINT('',(-0.010121084933957,-0.215420222222222,-0.0175302333333333));
#1369=CARTESIAN_POINT('',(-4.18741219479353E-17,-0.215508416666667,-0.0175302333333333));
#1370=CARTESIAN_POINT('',(0.0101210849339569,-0.215596611111111,-0.0175302333333333));
#1371=CARTESIAN_POINT('',(0.0151816274009354,-0.215684805555555,-0.00876511666666668));
#1372=CARTESIAN_POINT('',(0.0202421698679139,-0.215773,-4.95915465842662E-17));
#1373=CARTESIAN_POINT('',(0.0151816274009354,-0.215861194444445,0.00876511666666661));
#1374=CARTESIAN_POINT('',(0.010121084933957,-0.215949388888889,0.0175302333333332));
#1375=CARTESIAN_POINT('',(1.28810064839837E-17,-0.216037583333334,0.0175302333333333));
#1376=CARTESIAN_POINT('',(-0.0101210849339569,-0.216125777777778,0.0175302333333333));
#1377=CARTESIAN_POINT('',(-0.0151816274009354,-0.216213972222222,0.00876511666666668));
#1378=CARTESIAN_POINT('',(-0.0202421698679139,-0.216302166666667,5.207049743792E-17));
#1379=CARTESIAN_POINT('',(-0.0151816274009354,-0.216390361111111,-0.00876511666666661));
#1380=CARTESIAN_POINT('',(-0.010121084933957,-0.216478555555555,-0.0175302333333332));
#1381=CARTESIAN_POINT('',(-1.5027840897981E-17,-0.21656675,-0.0175302333333333));
#1382=CARTESIAN_POINT('',(0.0101210849339569,-0.216654944444444,-0.0175302333333333));
#1383=CARTESIAN_POINT('',(0.0151816274009354,-0.216743138888889,-0.00876511666666669));
#1384=CARTESIAN_POINT('',(0.0202421698679139,-0.216831333333333,-5.45494482915737E-17));
#1385=CARTESIAN_POINT('',(0.0151816274009354,-0.216919527777778,0.0087651166666666));
#1386=CARTESIAN_POINT('',(0.010121084933957,-0.217007722222222,0.0175302333333332));
#1387=CARTESIAN_POINT('',(1.71746753119783E-17,-0.217095916666666,0.0175302333333333));
#1388=CARTESIAN_POINT('',(-0.0101210849339569,-0.217184111111111,0.0175302333333333));
#1389=CARTESIAN_POINT('',(-0.0151816274009354,-0.217272305555555,0.00876511666666669));
#1390=CARTESIAN_POINT('',(-0.0202421698679139,-0.2173605,5.70283991452275E-17));
#1391=CARTESIAN_POINT('',(-0.0151816274009354,-0.217448694444445,-0.0087651166666666));
#1392=CARTESIAN_POINT('',(-0.010121084933957,-0.217536888888889,-0.0175302333333332));
#1393=CARTESIAN_POINT('',(-8.16014094818733E-17,-0.217625083333333,-0.0175302333333333));
#1394=CARTESIAN_POINT('',(0.0101210849339569,-0.217713277777778,-0.0175302333333333));
#1395=CARTESIAN_POINT('',(0.0151816274009354,-0.217801472222222,-0.00876511666666669));
#1396=CARTESIAN_POINT('',(0.0202421698679139,-0.217889666666667,-5.95073499988813E-17));
#1397=CARTESIAN_POINT('',(0.0151816274009354,-0.217977861111111,0.0087651166666666));
#1398=CARTESIAN_POINT('',(0.010121084933957,-0.218066055555556,0.0175302333333332));
#1399=CARTESIAN_POINT('',(8.37482438958706E-17,-0.21815425,0.0175302333333333));
#1400=CARTESIAN_POINT('',(-0.0101210849339569,-0.218242444444444,0.0175302333333333));
#1401=CARTESIAN_POINT('',(-0.0151816274009354,-0.218330638888889,0.00876511666666669));
#1402=CARTESIAN_POINT('',(-0.0202421698679139,-0.218418833333333,1.33900934630876E-16));
#1403=CARTESIAN_POINT('',(-0.0151816274009354,-0.218507027777778,-0.0087651166666666));
#1404=CARTESIAN_POINT('',(-0.010121084933957,-0.218595222222222,-0.0175302333333333));
#1405=CARTESIAN_POINT('',(-8.58950783098679E-17,-0.218683416666666,-0.0175302333333333));
#1406=CARTESIAN_POINT('',(0.0101210849339569,-0.218771611111111,-0.0175302333333333));
#1407=CARTESIAN_POINT('',(0.0151816274009354,-0.218859805555555,-0.00876511666666675));
#1408=CARTESIAN_POINT('',(0.0202421698679139,-0.218948,-6.44652517061889E-17));
#1409=CARTESIAN_POINT('',(0.0151816274009354,-0.219036194444444,0.00876511666666654));
#1410=CARTESIAN_POINT('',(0.010121084933957,-0.219124388888889,0.0175302333333332));
#1411=CARTESIAN_POINT('',(2.57620129679674E-17,-0.219212583333333,0.0175302333333333));
#1412=CARTESIAN_POINT('',(-0.0101210849339568,-0.219300777777778,0.0175302333333334));
#1413=CARTESIAN_POINT('',(-0.0151816274009354,-0.219388972222222,0.0087651166666667));
#1414=CARTESIAN_POINT('',(-0.0202421698679139,-0.219477166666667,1.38858836338183E-16));
#1415=CARTESIAN_POINT('',(-0.0151816274009354,-0.219565361111111,-0.0087651166666666));
#1416=CARTESIAN_POINT('',(-0.010121084933957,-0.219653555555555,-0.0175302333333333));
#1417=CARTESIAN_POINT('',(-9.01887471378625E-17,-0.21974175,-0.0175302333333333));
#1418=CARTESIAN_POINT('',(0.0101210849339569,-0.219829944444444,-0.0175302333333333));
#1419=CARTESIAN_POINT('',(0.0151816274009354,-0.219918138888889,-0.00876511666666675));
#1420=CARTESIAN_POINT('',(0.0202421698679139,-0.220006333333333,-6.94231534134964E-17));
#1421=CARTESIAN_POINT('',(0.0151816274009354,-0.220094527777778,0.00876511666666654));
#1422=CARTESIAN_POINT('',(0.010121084933957,-0.220182722222222,0.0175302333333332));
#1423=CARTESIAN_POINT('',(3.0055681795962E-17,-0.220270916666667,0.0175302333333333));
#1424=CARTESIAN_POINT('',(-0.0101210849339568,-0.220359111111111,0.0175302333333334));
#1425=CARTESIAN_POINT('',(-0.0151816274009354,-0.220447305555556,0.0087651166666667));
#1426=CARTESIAN_POINT('',(-0.0202421698679139,-0.2205355,1.43816738045491E-16));
#1427=CARTESIAN_POINT('',(-0.0151816274009354,-0.220623694444445,-0.00876511666666659));
#1428=CARTESIAN_POINT('',(-0.0101210849339571,-0.220711888888889,-0.0175302333333332));
#1429=CARTESIAN_POINT('',(-9.44824159658571E-17,-0.220800083333334,-0.0175302333333333));
#1430=CARTESIAN_POINT('',(0.0101210849339569,-0.220888277777778,-0.0175302333333334));
#1431=CARTESIAN_POINT('',(0.0151816274009354,-0.220976472222222,-0.00876511666666676));
#1432=CARTESIAN_POINT('',(0.0202421698679139,-0.221064666666667,-7.43810551208039E-17));
#1433=CARTESIAN_POINT('',(0.0151816274009354,-0.221152861111111,0.00876511666666654));
#1434=CARTESIAN_POINT('',(0.010121084933957,-0.221241055555556,0.0175302333333332));
#1435=CARTESIAN_POINT('',(3.43493506239566E-17,-0.22132925,0.0175302333333333));
#1436=CARTESIAN_POINT('',(-0.0101210849339568,-0.221417444444444,0.0175302333333334));
#1437=CARTESIAN_POINT('',(-0.0151816274009354,-0.221505638888889,0.0087651166666667));
#1438=CARTESIAN_POINT('',(-0.0202421698679139,-0.221593833333333,1.48774639752799E-16));
#1439=CARTESIAN_POINT('',(-0.0151816274009354,-0.221682027777778,-0.00876511666666659));
#1440=CARTESIAN_POINT('',(-0.0101210849339571,-0.221770222222222,-0.0175302333333332));
#1441=CARTESIAN_POINT('',(-9.87760847938516E-17,-0.221858416666667,-0.0175302333333333));
#1442=CARTESIAN_POINT('',(0.0101210849339569,-0.221946611111111,-0.0175302333333334));
#1443=CARTESIAN_POINT('',(0.0151816274009354,-0.222034805555555,-0.00876511666666676));
#1444=CARTESIAN_POINT('',(0.0202421698679139,-0.222123,-7.93389568281115E-17));
#1445=CARTESIAN_POINT('',(0.0151816274009355,-0.222211194444445,0.00876511666666653));
#1446=CARTESIAN_POINT('',(0.010121084933957,-0.222299388888889,0.0175302333333332));
#1447=CARTESIAN_POINT('',(1.63202818963746E-16,-0.222387583333333,0.0175302333333333));
#1448=CARTESIAN_POINT('',(-0.0101210849339568,-0.222475777777778,0.0175302333333334));
#1449=CARTESIAN_POINT('',(-0.0151816274009354,-0.222563972222222,0.00876511666666671));
#1450=CARTESIAN_POINT('',(-0.0202421698679139,-0.222652166666666,1.53732541460106E-16));
#1451=CARTESIAN_POINT('',(-0.0151816274009354,-0.222740361111111,-0.00876511666666658));
#1452=CARTESIAN_POINT('',(-0.0101210849339571,-0.222828555555556,-0.0175302333333332));
#1453=CARTESIAN_POINT('',(-1.03069753621846E-16,-0.22291675,-0.0175302333333333));
#1454=CARTESIAN_POINT('',(0.0101210849339568,-0.223004944444445,-0.0175302333333334));
#1455=CARTESIAN_POINT('',(0.0151816274009354,-0.223093138888889,-0.00876511666666676));
#1456=CARTESIAN_POINT('',(0.0202421698679139,-0.223181333333333,-8.4296858535419E-17));
#1457=CARTESIAN_POINT('',(0.0151816274009355,-0.223269527777778,0.00876511666666653));
#1458=CARTESIAN_POINT('',(0.010121084933957,-0.223357722222222,0.0175302333333332));
#1459=CARTESIAN_POINT('',(1.67496487791741E-16,-0.223445916666666,0.0175302333333333));
#1460=CARTESIAN_POINT('',(-0.0101210849339568,-0.223534111111111,0.0175302333333334));
#1461=CARTESIAN_POINT('',(-0.0151816274009354,-0.223622305555555,0.00876511666666671));
#1462=CARTESIAN_POINT('',(-0.0202421698679139,-0.2237105,1.58690443167414E-16));
#1463=CARTESIAN_POINT('',(-0.0151816274009354,-0.223798694444445,-0.00876511666666658));
#1464=CARTESIAN_POINT('',(-0.010121084933957,-0.223886888888889,-0.0175302333333333));
#1465=CARTESIAN_POINT('',(-2.31923221961636E-16,-0.223975083333333,-0.0175302333333333));
#1466=CARTESIAN_POINT('',(0.0101210849339568,-0.224063277777778,-0.0175302333333334));
#1467=CARTESIAN_POINT('',(0.0151816274009354,-0.224151472222222,-0.00876511666666677));
#1468=CARTESIAN_POINT('',(0.0202421698679139,-0.224239666666667,-8.92547602427266E-17));
#1469=CARTESIAN_POINT('',(0.0151816274009354,-0.224327861111111,0.00876511666666663));
#1470=CARTESIAN_POINT('',(0.0101210849339572,-0.224416055555555,0.0175302333333332));
#1471=CARTESIAN_POINT('',(1.71790156619736E-16,-0.22450425,0.0175302333333333));
#1472=CARTESIAN_POINT('',(0.00198511178972193,-0.214136636775459,-0.0179939041087157));
#1473=CARTESIAN_POINT('',(0.0110950946196144,-0.214218404863927,-0.0169888785061271));
#1474=CARTESIAN_POINT('',(0.0156777211487675,-0.214295743055556,-0.00905153652552083));
#1475=CARTESIAN_POINT('',(0.0209036281983567,-0.2143839375,-3.83993420455258E-18));
#1476=CARTESIAN_POINT('',(0.0156777211487675,-0.214472131944445,0.00905153652552081));
#1477=CARTESIAN_POINT('',(0.0104518140991784,-0.214560326388889,0.0181030730510416));
#1478=CARTESIAN_POINT('',(0.,-0.214648520833333,0.0181030730510417));
#1479=CARTESIAN_POINT('',(-0.0104518140991783,-0.214736715277778,0.0181030730510417));
#1480=CARTESIAN_POINT('',(-0.0156777211487675,-0.214824909722222,0.00905153652552082));
#1481=CARTESIAN_POINT('',(-0.0209036281983567,-0.214913104166666,1.27997806818419E-18));
#1482=CARTESIAN_POINT('',(-0.0156777211487675,-0.215001298611111,-0.00905153652552082));
#1483=CARTESIAN_POINT('',(-0.0104518140991784,-0.215089493055555,-0.0181030730510417));
#1484=CARTESIAN_POINT('',(-2.21698704666888E-18,-0.2151776875,-0.0181030730510417));
#1485=CARTESIAN_POINT('',(0.0104518140991783,-0.215265881944445,-0.0181030730510417));
#1486=CARTESIAN_POINT('',(0.0156777211487675,-0.215354076388889,-0.00905153652552083));
#1487=CARTESIAN_POINT('',(0.0209036281983567,-0.215442270833333,-3.83993420455258E-18));
#1488=CARTESIAN_POINT('',(0.0156777211487675,-0.215530465277778,0.00905153652552081));
#1489=CARTESIAN_POINT('',(0.0104518140991784,-0.215618659722222,0.0181030730510416));
#1490=CARTESIAN_POINT('',(0.,-0.215706854166666,0.0181030730510417));
#1491=CARTESIAN_POINT('',(-0.0104518140991783,-0.215795048611111,0.0181030730510417));
#1492=CARTESIAN_POINT('',(-0.0156777211487675,-0.215883243055556,0.00905153652552082));
#1493=CARTESIAN_POINT('',(-0.0209036281983567,-0.2159714375,1.27997806818419E-18));
#1494=CARTESIAN_POINT('',(-0.0156777211487675,-0.216059631944444,-0.00905153652552082));
#1495=CARTESIAN_POINT('',(-0.0104518140991784,-0.216147826388889,-0.0181030730510417));
#1496=CARTESIAN_POINT('',(-2.21698704666888E-18,-0.216236020833334,-0.0181030730510417));
#1497=CARTESIAN_POINT('',(0.0104518140991783,-0.216324215277778,-0.0181030730510417));
#1498=CARTESIAN_POINT('',(0.0156777211487675,-0.216412409722222,-0.00905153652552083));
#1499=CARTESIAN_POINT('',(0.0209036281983567,-0.216500604166667,-3.83993420455258E-18));
#1500=CARTESIAN_POINT('',(0.0156777211487675,-0.216588798611111,0.00905153652552081));
#1501=CARTESIAN_POINT('',(0.0104518140991784,-0.216676993055555,0.0181030730510416));
#1502=CARTESIAN_POINT('',(0.,-0.2167651875,0.0181030730510417));
#1503=CARTESIAN_POINT('',(-0.0104518140991783,-0.216853381944444,0.0181030730510417));
#1504=CARTESIAN_POINT('',(-0.0156777211487675,-0.216941576388889,0.00905153652552082));
#1505=CARTESIAN_POINT('',(-0.0209036281983567,-0.217029770833333,1.27997806818419E-18));
#1506=CARTESIAN_POINT('',(-0.0156777211487675,-0.217117965277778,-0.00905153652552082));
#1507=CARTESIAN_POINT('',(-0.0104518140991784,-0.217206159722222,-0.0181030730510417));
#1508=CARTESIAN_POINT('',(-2.21698704666888E-18,-0.217294354166666,-0.0181030730510417));
#1509=CARTESIAN_POINT('',(0.0104518140991783,-0.217382548611111,-0.0181030730510417));
#1510=CARTESIAN_POINT('',(0.0156777211487675,-0.217470743055555,-0.00905153652552083));
#1511=CARTESIAN_POINT('',(0.0209036281983567,-0.2175589375,-3.83993420455258E-18));
#1512=CARTESIAN_POINT('',(0.0156777211487675,-0.217647131944444,0.00905153652552081));
#1513=CARTESIAN_POINT('',(0.0104518140991784,-0.217735326388889,0.0181030730510416));
#1514=CARTESIAN_POINT('',(0.,-0.217823520833334,0.0181030730510417));
#1515=CARTESIAN_POINT('',(-0.0104518140991783,-0.217911715277778,0.0181030730510417));
#1516=CARTESIAN_POINT('',(-0.0156777211487675,-0.217999909722222,0.00905153652552082));
#1517=CARTESIAN_POINT('',(-0.0209036281983567,-0.218088104166667,1.27997806818419E-18));
#1518=CARTESIAN_POINT('',(-0.0156777211487675,-0.218176298611111,-0.00905153652552082));
#1519=CARTESIAN_POINT('',(-0.0104518140991784,-0.218264493055556,-0.0181030730510417));
#1520=CARTESIAN_POINT('',(-2.21698704666888E-18,-0.2183526875,-0.0181030730510417));
#1521=CARTESIAN_POINT('',(0.0104518140991783,-0.218440881944444,-0.0181030730510417));
#1522=CARTESIAN_POINT('',(0.0156777211487675,-0.218529076388889,-0.00905153652552083));
#1523=CARTESIAN_POINT('',(0.0209036281983567,-0.218617270833333,-3.83993420455258E-18));
#1524=CARTESIAN_POINT('',(0.0156777211487675,-0.218705465277778,0.00905153652552081));
#1525=CARTESIAN_POINT('',(0.0104518140991784,-0.218793659722222,0.0181030730510416));
#1526=CARTESIAN_POINT('',(0.,-0.218881854166666,0.0181030730510417));
#1527=CARTESIAN_POINT('',(-0.0104518140991783,-0.218970048611111,0.0181030730510417));
#1528=CARTESIAN_POINT('',(-0.0156777211487675,-0.219058243055556,0.00905153652552082));
#1529=CARTESIAN_POINT('',(-0.0209036281983567,-0.2191464375,1.27997806818419E-18));
#1530=CARTESIAN_POINT('',(-0.0156777211487675,-0.219234631944445,-0.00905153652552082));
#1531=CARTESIAN_POINT('',(-0.0104518140991784,-0.219322826388889,-0.0181030730510417));
#1532=CARTESIAN_POINT('',(-2.21698704666888E-18,-0.219411020833334,-0.0181030730510417));
#1533=CARTESIAN_POINT('',(0.0104518140991783,-0.219499215277778,-0.0181030730510417));
#1534=CARTESIAN_POINT('',(0.0156777211487675,-0.219587409722223,-0.00905153652552083));
#1535=CARTESIAN_POINT('',(0.0209036281983567,-0.219675604166667,-3.83993420455258E-18));
#1536=CARTESIAN_POINT('',(0.0156777211487675,-0.219763798611111,0.00905153652552081));
#1537=CARTESIAN_POINT('',(0.0104518140991784,-0.219851993055555,0.0181030730510416));
#1538=CARTESIAN_POINT('',(0.,-0.2199401875,0.0181030730510417));
#1539=CARTESIAN_POINT('',(-0.0104518140991783,-0.220028381944444,0.0181030730510417));
#1540=CARTESIAN_POINT('',(-0.0156777211487675,-0.220116576388889,0.00905153652552082));
#1541=CARTESIAN_POINT('',(-0.0209036281983567,-0.220204770833334,1.27997806818419E-18));
#1542=CARTESIAN_POINT('',(-0.0156777211487675,-0.220292965277778,-0.00905153652552082));
#1543=CARTESIAN_POINT('',(-0.0104518140991784,-0.220381159722222,-0.0181030730510417));
#1544=CARTESIAN_POINT('',(-2.21698704666888E-18,-0.220469354166666,-0.0181030730510417));
#1545=CARTESIAN_POINT('',(0.0104518140991783,-0.220557548611111,-0.0181030730510417));
#1546=CARTESIAN_POINT('',(0.0156777211487675,-0.220645743055556,-0.00905153652552083));
#1547=CARTESIAN_POINT('',(0.0209036281983567,-0.2207339375,-3.83993420455258E-18));
#1548=CARTESIAN_POINT('',(0.0156777211487675,-0.220822131944444,0.00905153652552081));
#1549=CARTESIAN_POINT('',(0.0104518140991784,-0.220910326388889,0.0181030730510416));
#1550=CARTESIAN_POINT('',(0.,-0.220998520833334,0.0181030730510417));
#1551=CARTESIAN_POINT('',(-0.0104518140991783,-0.221086715277777,0.0181030730510417));
#1552=CARTESIAN_POINT('',(-0.0156777211487675,-0.221174909722222,0.00905153652552082));
#1553=CARTESIAN_POINT('',(-0.0209036281983567,-0.221263104166667,1.27997806818419E-18));
#1554=CARTESIAN_POINT('',(-0.0156777211487675,-0.221351298611111,-0.00905153652552082));
#1555=CARTESIAN_POINT('',(-0.0104518140991784,-0.221439493055556,-0.0181030730510417));
#1556=CARTESIAN_POINT('',(-2.21698704666888E-18,-0.2215276875,-0.0181030730510417));
#1557=CARTESIAN_POINT('',(0.0104518140991783,-0.221615881944444,-0.0181030730510417));
#1558=CARTESIAN_POINT('',(0.0156777211487675,-0.221704076388889,-0.00905153652552083));
#1559=CARTESIAN_POINT('',(0.0209036281983567,-0.221792270833333,-3.83993420455258E-18));
#1560=CARTESIAN_POINT('',(0.0156777211487675,-0.221880465277778,0.00905153652552081));
#1561=CARTESIAN_POINT('',(0.0104518140991784,-0.221968659722222,0.0181030730510416));
#1562=CARTESIAN_POINT('',(0.,-0.222056854166666,0.0181030730510417));
#1563=CARTESIAN_POINT('',(-0.0104518140991783,-0.222145048611111,0.0181030730510417));
#1564=CARTESIAN_POINT('',(-0.0156777211487675,-0.222233243055556,0.00905153652552082));
#1565=CARTESIAN_POINT('',(-0.0176482019701265,-0.222266497657997,0.00563856362758703));
#1566=CARTESIAN_POINT('',(-0.0180216227156316,-0.222304723997977,0.00171533337482329));
#1567=CARTESIAN_POINT('',(0.00199038691112242,-0.214100557230004,-0.0180417200700806));
#1568=CARTESIAN_POINT('',(0.011124578083151,-0.214182325318472,-0.0170340237705107));
#1569=CARTESIAN_POINT('',(0.0157193822193284,-0.214259663510101,-0.00907558955582385));
#1570=CARTESIAN_POINT('',(0.0209591762924378,-0.214347857954545,-3.85013822389486E-18));
#1571=CARTESIAN_POINT('',(0.0157193822193284,-0.21443605239899,0.00907558955582384));
#1572=CARTESIAN_POINT('',(0.0104795881462189,-0.214524246843434,0.0181511791116477));
#1573=CARTESIAN_POINT('',(0.,-0.214612441287879,0.0181511791116477));
#1574=CARTESIAN_POINT('',(-0.0104795881462189,-0.214700635732323,0.0181511791116477));
#1575=CARTESIAN_POINT('',(-0.0157193822193284,-0.214788830176767,0.00907558955582385));
#1576=CARTESIAN_POINT('',(-0.0209591762924378,-0.214877024621212,1.28337940796495E-18));
#1577=CARTESIAN_POINT('',(-0.0157193822193284,-0.214965219065656,-0.00907558955582384));
#1578=CARTESIAN_POINT('',(-0.0104795881462189,-0.215053413510101,-0.0181511791116477));
#1579=CARTESIAN_POINT('',(-2.22287833998296E-18,-0.215141607954546,-0.0181511791116477));
#1580=CARTESIAN_POINT('',(0.0104795881462189,-0.21522980239899,-0.0181511791116477));
#1581=CARTESIAN_POINT('',(0.0157193822193284,-0.215317996843434,-0.00907558955582385));
#1582=CARTESIAN_POINT('',(0.0209591762924378,-0.215406191287879,-3.85013822389486E-18));
#1583=CARTESIAN_POINT('',(0.0157193822193284,-0.215494385732323,0.00907558955582384));
#1584=CARTESIAN_POINT('',(0.0104795881462189,-0.215582580176768,0.0181511791116477));
#1585=CARTESIAN_POINT('',(0.,-0.215670774621212,0.0181511791116477));
#1586=CARTESIAN_POINT('',(-0.0104795881462189,-0.215758969065657,0.0181511791116477));
#1587=CARTESIAN_POINT('',(-0.0157193822193284,-0.215847163510101,0.00907558955582385));
#1588=CARTESIAN_POINT('',(-0.0209591762924378,-0.215935357954545,1.28337940796495E-18));
#1589=CARTESIAN_POINT('',(-0.0157193822193284,-0.21602355239899,-0.00907558955582384));
#1590=CARTESIAN_POINT('',(-0.0104795881462189,-0.216111746843434,-0.0181511791116477));
#1591=CARTESIAN_POINT('',(-2.22287833998296E-18,-0.216199941287879,-0.0181511791116477));
#1592=CARTESIAN_POINT('',(0.0104795881462189,-0.216288135732323,-0.0181511791116477));
#1593=CARTESIAN_POINT('',(0.0157193822193284,-0.216376330176768,-0.00907558955582385));
#1594=CARTESIAN_POINT('',(0.0209591762924378,-0.216464524621212,-3.85013822389486E-18));
#1595=CARTESIAN_POINT('',(0.0157193822193284,-0.216552719065656,0.00907558955582384));
#1596=CARTESIAN_POINT('',(0.0104795881462189,-0.216640913510101,0.0181511791116477));
#1597=CARTESIAN_POINT('',(0.,-0.216729107954545,0.0181511791116477));
#1598=CARTESIAN_POINT('',(-0.0104795881462189,-0.21681730239899,0.0181511791116477));
#1599=CARTESIAN_POINT('',(-0.0157193822193284,-0.216905496843434,0.00907558955582385));
#1600=CARTESIAN_POINT('',(-0.0209591762924378,-0.216993691287879,1.28337940796495E-18));
#1601=CARTESIAN_POINT('',(-0.0157193822193284,-0.217081885732323,-0.00907558955582384));
#1602=CARTESIAN_POINT('',(-0.0104795881462189,-0.217170080176768,-0.0181511791116477));
#1603=CARTESIAN_POINT('',(-2.22287833998296E-18,-0.217258274621212,-0.0181511791116477));
#1604=CARTESIAN_POINT('',(0.0104795881462189,-0.217346469065656,-0.0181511791116477));
#1605=CARTESIAN_POINT('',(0.0157193822193284,-0.217434663510101,-0.00907558955582385));
#1606=CARTESIAN_POINT('',(0.0209591762924378,-0.217522857954545,-3.85013822389486E-18));
#1607=CARTESIAN_POINT('',(0.0157193822193284,-0.21761105239899,0.00907558955582384));
#1608=CARTESIAN_POINT('',(0.0104795881462189,-0.217699246843434,0.0181511791116477));
#1609=CARTESIAN_POINT('',(0.,-0.217787441287879,0.0181511791116477));
#1610=CARTESIAN_POINT('',(-0.0104795881462189,-0.217875635732323,0.0181511791116477));
#1611=CARTESIAN_POINT('',(-0.0157193822193284,-0.217963830176768,0.00907558955582385));
#1612=CARTESIAN_POINT('',(-0.0209591762924378,-0.218052024621212,1.28337940796495E-18));
#1613=CARTESIAN_POINT('',(-0.0157193822193284,-0.218140219065656,-0.00907558955582384));
#1614=CARTESIAN_POINT('',(-0.0104795881462189,-0.218228413510101,-0.0181511791116477));
#1615=CARTESIAN_POINT('',(-2.22287833998296E-18,-0.218316607954545,-0.0181511791116477));
#1616=CARTESIAN_POINT('',(0.0104795881462189,-0.21840480239899,-0.0181511791116477));
#1617=CARTESIAN_POINT('',(0.0157193822193284,-0.218492996843434,-0.00907558955582385));
#1618=CARTESIAN_POINT('',(0.0209591762924378,-0.218581191287879,-3.85013822389486E-18));
#1619=CARTESIAN_POINT('',(0.0157193822193284,-0.218669385732323,0.00907558955582384));
#1620=CARTESIAN_POINT('',(0.0104795881462189,-0.218757580176767,0.0181511791116477));
#1621=CARTESIAN_POINT('',(0.,-0.218845774621212,0.0181511791116477));
#1622=CARTESIAN_POINT('',(-0.0104795881462189,-0.218933969065657,0.0181511791116477));
#1623=CARTESIAN_POINT('',(-0.0157193822193284,-0.219022163510101,0.00907558955582385));
#1624=CARTESIAN_POINT('',(-0.0209591762924378,-0.219110357954545,1.28337940796495E-18));
#1625=CARTESIAN_POINT('',(-0.0157193822193284,-0.21919855239899,-0.00907558955582384));
#1626=CARTESIAN_POINT('',(-0.0104795881462189,-0.219286746843434,-0.0181511791116477));
#1627=CARTESIAN_POINT('',(-2.22287833998296E-18,-0.219374941287879,-0.0181511791116477));
#1628=CARTESIAN_POINT('',(0.0104795881462189,-0.219463135732323,-0.0181511791116477));
#1629=CARTESIAN_POINT('',(0.0157193822193284,-0.219551330176768,-0.00907558955582385));
#1630=CARTESIAN_POINT('',(0.0209591762924378,-0.219639524621212,-3.85013822389486E-18));
#1631=CARTESIAN_POINT('',(0.0157193822193284,-0.219727719065657,0.00907558955582384));
#1632=CARTESIAN_POINT('',(0.0104795881462189,-0.219815913510101,0.0181511791116477));
#1633=CARTESIAN_POINT('',(0.,-0.219904107954545,0.0181511791116477));
#1634=CARTESIAN_POINT('',(-0.0104795881462189,-0.21999230239899,0.0181511791116477));
#1635=CARTESIAN_POINT('',(-0.0157193822193284,-0.220080496843434,0.00907558955582385));
#1636=CARTESIAN_POINT('',(-0.0209591762924378,-0.220168691287879,1.28337940796495E-18));
#1637=CARTESIAN_POINT('',(-0.0157193822193284,-0.220256885732323,-0.00907558955582384));
#1638=CARTESIAN_POINT('',(-0.0104795881462189,-0.220345080176768,-0.0181511791116477));
#1639=CARTESIAN_POINT('',(-2.22287833998296E-18,-0.220433274621212,-0.0181511791116477));
#1640=CARTESIAN_POINT('',(0.0104795881462189,-0.220521469065657,-0.0181511791116477));
#1641=CARTESIAN_POINT('',(0.0157193822193284,-0.220609663510101,-0.00907558955582385));
#1642=CARTESIAN_POINT('',(0.0209591762924378,-0.220697857954545,-3.85013822389486E-18));
#1643=CARTESIAN_POINT('',(0.0157193822193284,-0.22078605239899,0.00907558955582384));
#1644=CARTESIAN_POINT('',(0.0104795881462189,-0.220874246843434,0.0181511791116477));
#1645=CARTESIAN_POINT('',(0.,-0.220962441287878,0.0181511791116477));
#1646=CARTESIAN_POINT('',(-0.0104795881462189,-0.221050635732323,0.0181511791116477));
#1647=CARTESIAN_POINT('',(-0.0157193822193284,-0.221138830176767,0.00907558955582385));
#1648=CARTESIAN_POINT('',(-0.0209591762924378,-0.221227024621212,1.28337940796495E-18));
#1649=CARTESIAN_POINT('',(-0.0157193822193284,-0.221315219065657,-0.00907558955582384));
#1650=CARTESIAN_POINT('',(-0.0104795881462189,-0.221403413510101,-0.0181511791116477));
#1651=CARTESIAN_POINT('',(-2.22287833998296E-18,-0.221491607954546,-0.0181511791116477));
#1652=CARTESIAN_POINT('',(0.0104795881462189,-0.22157980239899,-0.0181511791116477));
#1653=CARTESIAN_POINT('',(0.0157193822193284,-0.221667996843434,-0.00907558955582385));
#1654=CARTESIAN_POINT('',(0.0209591762924378,-0.221756191287879,-3.85013822389486E-18));
#1655=CARTESIAN_POINT('',(0.0157193822193284,-0.221844385732323,0.00907558955582384));
#1656=CARTESIAN_POINT('',(0.0104795881462189,-0.221932580176768,0.0181511791116477));
#1657=CARTESIAN_POINT('',(0.,-0.222020774621212,0.0181511791116477));
#1658=CARTESIAN_POINT('',(-0.0104795881462189,-0.222108969065656,0.0181511791116477));
#1659=CARTESIAN_POINT('',(-0.0157193822193284,-0.222197163510101,0.00907558955582385));
#1660=CARTESIAN_POINT('',(-0.0176950992825977,-0.222230418112542,0.00565354722086067));
#1661=CARTESIAN_POINT('',(-0.0180695123348213,-0.222268644452522,0.00171989160264772));
#1662=CARTESIAN_POINT('',(0.00199038691112242,-0.214040424654246,-0.0180417200700806));
#1663=CARTESIAN_POINT('',(0.011124578083151,-0.214122192742715,-0.0170340237705107));
#1664=CARTESIAN_POINT('',(0.0157193822193284,-0.214199530934343,-0.00907558955582385));
#1665=CARTESIAN_POINT('',(0.0209591762924378,-0.214287725378788,-3.85013822389486E-18));
#1666=CARTESIAN_POINT('',(0.0157193822193284,-0.214375919823233,0.00907558955582384));
#1667=CARTESIAN_POINT('',(0.0104795881462189,-0.214464114267676,0.0181511791116477));
#1668=CARTESIAN_POINT('',(0.,-0.214552308712121,0.0181511791116477));
#1669=CARTESIAN_POINT('',(-0.0104795881462189,-0.214640503156566,0.0181511791116477));
#1670=CARTESIAN_POINT('',(-0.0157193822193284,-0.21472869760101,0.00907558955582385));
#1671=CARTESIAN_POINT('',(-0.0209591762924378,-0.214816892045454,1.28337940796495E-18));
#1672=CARTESIAN_POINT('',(-0.0157193822193284,-0.214905086489899,-0.00907558955582384));
#1673=CARTESIAN_POINT('',(-0.0104795881462189,-0.214993280934343,-0.0181511791116477));
#1674=CARTESIAN_POINT('',(-2.22287833998296E-18,-0.215081475378788,-0.0181511791116477));
#1675=CARTESIAN_POINT('',(0.0104795881462189,-0.215169669823232,-0.0181511791116477));
#1676=CARTESIAN_POINT('',(0.0157193822193284,-0.215257864267677,-0.00907558955582385));
#1677=CARTESIAN_POINT('',(0.0209591762924378,-0.215346058712121,-3.85013822389486E-18));
#1678=CARTESIAN_POINT('',(0.0157193822193284,-0.215434253156566,0.00907558955582384));
#1679=CARTESIAN_POINT('',(0.0104795881462189,-0.21552244760101,0.0181511791116477));
#1680=CARTESIAN_POINT('',(0.,-0.215610642045454,0.0181511791116477));
#1681=CARTESIAN_POINT('',(-0.0104795881462189,-0.215698836489899,0.0181511791116477));
#1682=CARTESIAN_POINT('',(-0.0157193822193284,-0.215787030934343,0.00907558955582385));
#1683=CARTESIAN_POINT('',(-0.0209591762924378,-0.215875225378788,1.28337940796495E-18));
#1684=CARTESIAN_POINT('',(-0.0157193822193284,-0.215963419823232,-0.00907558955582384));
#1685=CARTESIAN_POINT('',(-0.0104795881462189,-0.216051614267677,-0.0181511791116477));
#1686=CARTESIAN_POINT('',(-2.22287833998296E-18,-0.216139808712121,-0.0181511791116477));
#1687=CARTESIAN_POINT('',(0.0104795881462189,-0.216228003156566,-0.0181511791116477));
#1688=CARTESIAN_POINT('',(0.0157193822193284,-0.21631619760101,-0.00907558955582385));
#1689=CARTESIAN_POINT('',(0.0209591762924378,-0.216404392045454,-3.85013822389486E-18));
#1690=CARTESIAN_POINT('',(0.0157193822193284,-0.216492586489899,0.00907558955582384));
#1691=CARTESIAN_POINT('',(0.0104795881462189,-0.216580780934343,0.0181511791116477));
#1692=CARTESIAN_POINT('',(0.,-0.216668975378787,0.0181511791116477));
#1693=CARTESIAN_POINT('',(-0.0104795881462189,-0.216757169823232,0.0181511791116477));
#1694=CARTESIAN_POINT('',(-0.0157193822193284,-0.216845364267677,0.00907558955582385));
#1695=CARTESIAN_POINT('',(-0.0209591762924378,-0.216933558712121,1.28337940796495E-18));
#1696=CARTESIAN_POINT('',(-0.0157193822193284,-0.217021753156566,-0.00907558955582384));
#1697=CARTESIAN_POINT('',(-0.0104795881462189,-0.21710994760101,-0.0181511791116477));
#1698=CARTESIAN_POINT('',(-2.22287833998296E-18,-0.217198142045455,-0.0181511791116477));
#1699=CARTESIAN_POINT('',(0.0104795881462189,-0.217286336489899,-0.0181511791116477));
#1700=CARTESIAN_POINT('',(0.0157193822193284,-0.217374530934343,-0.00907558955582385));
#1701=CARTESIAN_POINT('',(0.0209591762924378,-0.217462725378788,-3.85013822389486E-18));
#1702=CARTESIAN_POINT('',(0.0157193822193284,-0.217550919823232,0.00907558955582384));
#1703=CARTESIAN_POINT('',(0.0104795881462189,-0.217639114267677,0.0181511791116477));
#1704=CARTESIAN_POINT('',(0.,-0.217727308712121,0.0181511791116477));
#1705=CARTESIAN_POINT('',(-0.0104795881462189,-0.217815503156566,0.0181511791116477));
#1706=CARTESIAN_POINT('',(-0.0157193822193284,-0.21790369760101,0.00907558955582385));
#1707=CARTESIAN_POINT('',(-0.0209591762924378,-0.217991892045454,1.28337940796495E-18));
#1708=CARTESIAN_POINT('',(-0.0157193822193284,-0.218080086489899,-0.00907558955582384));
#1709=CARTESIAN_POINT('',(-0.0104795881462189,-0.218168280934343,-0.0181511791116477));
#1710=CARTESIAN_POINT('',(-2.22287833998296E-18,-0.218256475378788,-0.0181511791116477));
#1711=CARTESIAN_POINT('',(0.0104795881462189,-0.218344669823232,-0.0181511791116477));
#1712=CARTESIAN_POINT('',(0.0157193822193284,-0.218432864267676,-0.00907558955582385));
#1713=CARTESIAN_POINT('',(0.0209591762924378,-0.218521058712121,-3.85013822389486E-18));
#1714=CARTESIAN_POINT('',(0.0157193822193284,-0.218609253156565,0.00907558955582384));
#1715=CARTESIAN_POINT('',(0.0104795881462189,-0.21869744760101,0.0181511791116477));
#1716=CARTESIAN_POINT('',(0.,-0.218785642045455,0.0181511791116477));
#1717=CARTESIAN_POINT('',(-0.0104795881462189,-0.218873836489899,0.0181511791116477));
#1718=CARTESIAN_POINT('',(-0.0157193822193284,-0.218962030934343,0.00907558955582385));
#1719=CARTESIAN_POINT('',(-0.0209591762924378,-0.219050225378788,1.28337940796495E-18));
#1720=CARTESIAN_POINT('',(-0.0157193822193284,-0.219138419823232,-0.00907558955582384));
#1721=CARTESIAN_POINT('',(-0.0104795881462189,-0.219226614267677,-0.0181511791116477));
#1722=CARTESIAN_POINT('',(-2.22287833998296E-18,-0.219314808712121,-0.0181511791116477));
#1723=CARTESIAN_POINT('',(0.0104795881462189,-0.219403003156565,-0.0181511791116477));
#1724=CARTESIAN_POINT('',(0.0157193822193284,-0.21949119760101,-0.00907558955582385));
#1725=CARTESIAN_POINT('',(0.0209591762924378,-0.219579392045454,-3.85013822389486E-18));
#1726=CARTESIAN_POINT('',(0.0157193822193284,-0.219667586489899,0.00907558955582384));
#1727=CARTESIAN_POINT('',(0.0104795881462189,-0.219755780934343,0.0181511791116477));
#1728=CARTESIAN_POINT('',(0.,-0.219843975378788,0.0181511791116477));
#1729=CARTESIAN_POINT('',(-0.0104795881462189,-0.219932169823232,0.0181511791116477));
#1730=CARTESIAN_POINT('',(-0.0157193822193284,-0.220020364267677,0.00907558955582385));
#1731=CARTESIAN_POINT('',(-0.0209591762924378,-0.220108558712121,1.28337940796495E-18));
#1732=CARTESIAN_POINT('',(-0.0157193822193284,-0.220196753156565,-0.00907558955582384));
#1733=CARTESIAN_POINT('',(-0.0104795881462189,-0.22028494760101,-0.0181511791116477));
#1734=CARTESIAN_POINT('',(-2.22287833998296E-18,-0.220373142045454,-0.0181511791116477));
#1735=CARTESIAN_POINT('',(0.0104795881462189,-0.220461336489899,-0.0181511791116477));
#1736=CARTESIAN_POINT('',(0.0157193822193284,-0.220549530934344,-0.00907558955582385));
#1737=CARTESIAN_POINT('',(0.0209591762924378,-0.220637725378788,-3.85013822389486E-18));
#1738=CARTESIAN_POINT('',(0.0157193822193284,-0.220725919823232,0.00907558955582384));
#1739=CARTESIAN_POINT('',(0.0104795881462189,-0.220814114267677,0.0181511791116477));
#1740=CARTESIAN_POINT('',(0.,-0.220902308712121,0.0181511791116477));
#1741=CARTESIAN_POINT('',(-0.0104795881462189,-0.220990503156566,0.0181511791116477));
#1742=CARTESIAN_POINT('',(-0.0157193822193284,-0.22107869760101,0.00907558955582385));
#1743=CARTESIAN_POINT('',(-0.0209591762924378,-0.221166892045454,1.28337940796495E-18));
#1744=CARTESIAN_POINT('',(-0.0157193822193284,-0.221255086489899,-0.00907558955582384));
#1745=CARTESIAN_POINT('',(-0.0104795881462189,-0.221343280934343,-0.0181511791116477));
#1746=CARTESIAN_POINT('',(-2.22287833998296E-18,-0.221431475378788,-0.0181511791116477));
#1747=CARTESIAN_POINT('',(0.0104795881462189,-0.221519669823232,-0.0181511791116477));
#1748=CARTESIAN_POINT('',(0.0157193822193284,-0.221607864267677,-0.00907558955582385));
#1749=CARTESIAN_POINT('',(0.0209591762924378,-0.221696058712121,-3.85013822389486E-18));
#1750=CARTESIAN_POINT('',(0.0157193822193284,-0.221784253156565,0.00907558955582384));
#1751=CARTESIAN_POINT('',(0.0104795881462189,-0.22187244760101,0.0181511791116477));
#1752=CARTESIAN_POINT('',(0.,-0.221960642045454,0.0181511791116477));
#1753=CARTESIAN_POINT('',(-0.0104795881462189,-0.222048836489899,0.0181511791116477));
#1754=CARTESIAN_POINT('',(-0.0157193822193284,-0.222137030934343,0.00907558955582385));
#1755=CARTESIAN_POINT('',(-0.0176950992825976,-0.222170285536784,0.00565354722086067));
#1756=CARTESIAN_POINT('',(-0.0180695123348212,-0.222208511876765,0.00171989160264772));
#1757=CARTESIAN_POINT('',(0.00198511178972193,-0.214004345108792,-0.0179939041087157));
#1758=CARTESIAN_POINT('',(0.0110950946196143,-0.21408611319726,-0.0169888785061271));
#1759=CARTESIAN_POINT('',(0.0156777211487675,-0.214163451388889,-0.00905153652552083));
#1760=CARTESIAN_POINT('',(0.0209036281983567,-0.214251645833333,-3.83993420455258E-18));
#1761=CARTESIAN_POINT('',(0.0156777211487675,-0.214339840277778,0.00905153652552081));
#1762=CARTESIAN_POINT('',(0.0104518140991784,-0.214428034722222,0.0181030730510416));
#1763=CARTESIAN_POINT('',(0.,-0.214516229166667,0.0181030730510417));
#1764=CARTESIAN_POINT('',(-0.0104518140991783,-0.214604423611111,0.0181030730510417));
#1765=CARTESIAN_POINT('',(-0.0156777211487675,-0.214692618055556,0.00905153652552082));
#1766=CARTESIAN_POINT('',(-0.0209036281983567,-0.2147808125,1.27997806818419E-18));
#1767=CARTESIAN_POINT('',(-0.0156777211487675,-0.214869006944444,-0.00905153652552082));
#1768=CARTESIAN_POINT('',(-0.0104518140991783,-0.214957201388889,-0.0181030730510416));
#1769=CARTESIAN_POINT('',(-2.21698704666888E-18,-0.215045395833334,-0.0181030730510417));
#1770=CARTESIAN_POINT('',(0.0104518140991783,-0.215133590277778,-0.0181030730510417));
#1771=CARTESIAN_POINT('',(0.0156777211487675,-0.215221784722222,-0.00905153652552083));
#1772=CARTESIAN_POINT('',(0.0209036281983567,-0.215309979166667,-3.83993420455258E-18));
#1773=CARTESIAN_POINT('',(0.0156777211487675,-0.215398173611111,0.00905153652552081));
#1774=CARTESIAN_POINT('',(0.0104518140991784,-0.215486368055555,0.0181030730510416));
#1775=CARTESIAN_POINT('',(0.,-0.2155745625,0.0181030730510417));
#1776=CARTESIAN_POINT('',(-0.0104518140991783,-0.215662756944445,0.0181030730510417));
#1777=CARTESIAN_POINT('',(-0.0156777211487675,-0.215750951388889,0.00905153652552082));
#1778=CARTESIAN_POINT('',(-0.0209036281983567,-0.215839145833333,1.27997806818419E-18));
#1779=CARTESIAN_POINT('',(-0.0156777211487675,-0.215927340277778,-0.00905153652552082));
#1780=CARTESIAN_POINT('',(-0.0104518140991783,-0.216015534722222,-0.0181030730510416));
#1781=CARTESIAN_POINT('',(-2.21698704666888E-18,-0.216103729166666,-0.0181030730510417));
#1782=CARTESIAN_POINT('',(0.0104518140991783,-0.216191923611111,-0.0181030730510417));
#1783=CARTESIAN_POINT('',(0.0156777211487675,-0.216280118055555,-0.00905153652552083));
#1784=CARTESIAN_POINT('',(0.0209036281983567,-0.2163683125,-3.83993420455258E-18));
#1785=CARTESIAN_POINT('',(0.0156777211487675,-0.216456506944444,0.00905153652552081));
#1786=CARTESIAN_POINT('',(0.0104518140991784,-0.216544701388889,0.0181030730510416));
#1787=CARTESIAN_POINT('',(0.,-0.216632895833334,0.0181030730510417));
#1788=CARTESIAN_POINT('',(-0.0104518140991783,-0.216721090277778,0.0181030730510417));
#1789=CARTESIAN_POINT('',(-0.0156777211487675,-0.216809284722222,0.00905153652552082));
#1790=CARTESIAN_POINT('',(-0.0209036281983567,-0.216897479166667,1.27997806818419E-18));
#1791=CARTESIAN_POINT('',(-0.0156777211487675,-0.216985673611111,-0.00905153652552082));
#1792=CARTESIAN_POINT('',(-0.0104518140991783,-0.217073868055556,-0.0181030730510416));
#1793=CARTESIAN_POINT('',(-2.21698704666888E-18,-0.2171620625,-0.0181030730510417));
#1794=CARTESIAN_POINT('',(0.0104518140991783,-0.217250256944444,-0.0181030730510417));
#1795=CARTESIAN_POINT('',(0.0156777211487675,-0.217338451388889,-0.00905153652552083));
#1796=CARTESIAN_POINT('',(0.0209036281983567,-0.217426645833333,-3.83993420455258E-18));
#1797=CARTESIAN_POINT('',(0.0156777211487675,-0.217514840277778,0.00905153652552081));
#1798=CARTESIAN_POINT('',(0.0104518140991784,-0.217603034722222,0.0181030730510416));
#1799=CARTESIAN_POINT('',(0.,-0.217691229166667,0.0181030730510417));
#1800=CARTESIAN_POINT('',(-0.0104518140991783,-0.217779423611111,0.0181030730510417));
#1801=CARTESIAN_POINT('',(-0.0156777211487675,-0.217867618055556,0.00905153652552082));
#1802=CARTESIAN_POINT('',(-0.0209036281983567,-0.2179558125,1.27997806818419E-18));
#1803=CARTESIAN_POINT('',(-0.0156777211487675,-0.218044006944445,-0.00905153652552082));
#1804=CARTESIAN_POINT('',(-0.0104518140991783,-0.218132201388889,-0.0181030730510416));
#1805=CARTESIAN_POINT('',(-2.21698704666888E-18,-0.218220395833334,-0.0181030730510417));
#1806=CARTESIAN_POINT('',(0.0104518140991783,-0.218308590277778,-0.0181030730510417));
#1807=CARTESIAN_POINT('',(0.0156777211487675,-0.218396784722222,-0.00905153652552083));
#1808=CARTESIAN_POINT('',(0.0209036281983567,-0.218484979166666,-3.83993420455258E-18));
#1809=CARTESIAN_POINT('',(0.0156777211487675,-0.218573173611111,0.00905153652552081));
#1810=CARTESIAN_POINT('',(0.0104518140991784,-0.218661368055556,0.0181030730510416));
#1811=CARTESIAN_POINT('',(0.,-0.2187495625,0.0181030730510417));
#1812=CARTESIAN_POINT('',(-0.0104518140991783,-0.218837756944445,0.0181030730510417));
#1813=CARTESIAN_POINT('',(-0.0156777211487675,-0.218925951388889,0.00905153652552082));
#1814=CARTESIAN_POINT('',(-0.0209036281983567,-0.219014145833333,1.27997806818419E-18));
#1815=CARTESIAN_POINT('',(-0.0156777211487675,-0.219102340277778,-0.00905153652552082));
#1816=CARTESIAN_POINT('',(-0.0104518140991783,-0.219190534722222,-0.0181030730510416));
#1817=CARTESIAN_POINT('',(-2.21698704666888E-18,-0.219278729166666,-0.0181030730510417));
#1818=CARTESIAN_POINT('',(0.0104518140991783,-0.219366923611111,-0.0181030730510417));
#1819=CARTESIAN_POINT('',(0.0156777211487675,-0.219455118055556,-0.00905153652552083));
#1820=CARTESIAN_POINT('',(0.0209036281983567,-0.2195433125,-3.83993420455258E-18));
#1821=CARTESIAN_POINT('',(0.0156777211487675,-0.219631506944444,0.00905153652552081));
#1822=CARTESIAN_POINT('',(0.0104518140991784,-0.219719701388889,0.0181030730510416));
#1823=CARTESIAN_POINT('',(0.,-0.219807895833334,0.0181030730510417));
#1824=CARTESIAN_POINT('',(-0.0104518140991783,-0.219896090277778,0.0181030730510417));
#1825=CARTESIAN_POINT('',(-0.0156777211487675,-0.219984284722222,0.00905153652552082));
#1826=CARTESIAN_POINT('',(-0.0209036281983567,-0.220072479166667,1.27997806818419E-18));
#1827=CARTESIAN_POINT('',(-0.0156777211487675,-0.220160673611111,-0.00905153652552082));
#1828=CARTESIAN_POINT('',(-0.0104518140991783,-0.220248868055555,-0.0181030730510416));
#1829=CARTESIAN_POINT('',(-2.21698704666888E-18,-0.2203370625,-0.0181030730510417));
#1830=CARTESIAN_POINT('',(0.0104518140991783,-0.220425256944444,-0.0181030730510417));
#1831=CARTESIAN_POINT('',(0.0156777211487675,-0.220513451388889,-0.00905153652552083));
#1832=CARTESIAN_POINT('',(0.0209036281983567,-0.220601645833333,-3.83993420455258E-18));
#1833=CARTESIAN_POINT('',(0.0156777211487675,-0.220689840277778,0.00905153652552081));
#1834=CARTESIAN_POINT('',(0.0104518140991784,-0.220778034722222,0.0181030730510416));
#1835=CARTESIAN_POINT('',(0.,-0.220866229166666,0.0181030730510417));
#1836=CARTESIAN_POINT('',(-0.0104518140991783,-0.220954423611111,0.0181030730510417));
#1837=CARTESIAN_POINT('',(-0.0156777211487675,-0.221042618055556,0.00905153652552082));
#1838=CARTESIAN_POINT('',(-0.0209036281983567,-0.2211308125,1.27997806818419E-18));
#1839=CARTESIAN_POINT('',(-0.0156777211487675,-0.221219006944444,-0.00905153652552082));
#1840=CARTESIAN_POINT('',(-0.0104518140991783,-0.221307201388889,-0.0181030730510416));
#1841=CARTESIAN_POINT('',(-2.21698704666888E-18,-0.221395395833334,-0.0181030730510417));
#1842=CARTESIAN_POINT('',(0.0104518140991783,-0.221483590277778,-0.0181030730510417));
#1843=CARTESIAN_POINT('',(0.0156777211487675,-0.221571784722222,-0.00905153652552083));
#1844=CARTESIAN_POINT('',(0.0209036281983567,-0.221659979166667,-3.83993420455258E-18));
#1845=CARTESIAN_POINT('',(0.0156777211487675,-0.221748173611111,0.00905153652552081));
#1846=CARTESIAN_POINT('',(0.0104518140991784,-0.221836368055556,0.0181030730510416));
#1847=CARTESIAN_POINT('',(0.,-0.2219245625,0.0181030730510417));
#1848=CARTESIAN_POINT('',(-0.0104518140991783,-0.222012756944444,0.0181030730510417));
#1849=CARTESIAN_POINT('',(-0.0156777211487675,-0.222100951388889,0.00905153652552082));
#1850=CARTESIAN_POINT('',(-0.0176482019701265,-0.22213420599133,0.00563856362758703));
#1851=CARTESIAN_POINT('',(-0.0180216227156316,-0.22217243233131,0.00171533337482329));
#1852=CARTESIAN_POINT('',(0.00702082784248149,-0.2141855,-0.0166861987971373));
#1853=CARTESIAN_POINT('',(0.00813099461907275,-0.2141855,-0.0162358408395374));
#1854=CARTESIAN_POINT('',(0.0102561023836925,-0.2141855,-0.0150950962018649));
#1855=CARTESIAN_POINT('',(0.0129990827628429,-0.2141855,-0.0128182094572493));
#1856=CARTESIAN_POINT('',(0.0152578065031785,-0.2141855,-0.0100075382399987));
#1857=CARTESIAN_POINT('',(0.0163459992863328,-0.2141855,-0.00790495530179423));
#1858=CARTESIAN_POINT('',(0.0167819978716146,-0.2141855,-0.00678865239414073));
#1859=CARTESIAN_POINT('',(0.,-0.2141855,0.));
#1860=CARTESIAN_POINT('',(0.,-0.2141855,0.));
#1861=CARTESIAN_POINT('',(0.0141841003459281,4.53560509257073E-5,-0.0112486688664923));
#1862=CARTESIAN_POINT('',(0.0150117395495125,3.32879761819325E-5,-0.0102050504923365));
#1863=CARTESIAN_POINT('',(0.0156777211487675,2.20486111111094E-5,-0.00905153652552084));
#1864=CARTESIAN_POINT('',(0.0209036281983567,-6.61458333333352E-5,-3.83993420455259E-18));
#1865=CARTESIAN_POINT('',(0.0156777211487675,-0.00015434027777778,0.00905153652552082));
#1866=CARTESIAN_POINT('',(0.0104518140991784,-0.000242534722222224,0.0181030730510417));
#1867=CARTESIAN_POINT('',(0.,-0.000330729166666669,0.0181030730510417));
#1868=CARTESIAN_POINT('',(-0.0104518140991784,-0.000418923611111113,0.0181030730510417));
#1869=CARTESIAN_POINT('',(-0.0156777211487675,-0.000507118055555558,0.00905153652552083));
#1870=CARTESIAN_POINT('',(-0.0209036281983567,-0.000595312500000002,1.2799780681842E-18));
#1871=CARTESIAN_POINT('',(-0.0156777211487675,-0.000683506944444446,-0.00905153652552083));
#1872=CARTESIAN_POINT('',(-0.0104518140991784,-0.000771701388888891,-0.0181030730510417));
#1873=CARTESIAN_POINT('',(-2.21698704666889E-18,-0.000859895833333335,-0.0181030730510417));
#1874=CARTESIAN_POINT('',(0.0104518140991784,-0.000948090277777779,-0.0181030730510417));
#1875=CARTESIAN_POINT('',(0.0156777211487675,-0.00103628472222222,-0.00905153652552084));
#1876=CARTESIAN_POINT('',(0.0209036281983567,-0.00112447916666667,-3.83993420455259E-18));
#1877=CARTESIAN_POINT('',(0.0156777211487675,-0.00121267361111111,0.00905153652552082));
#1878=CARTESIAN_POINT('',(0.0104518140991784,-0.00130086805555556,0.0181030730510417));
#1879=CARTESIAN_POINT('',(0.,-0.0013890625,0.0181030730510417));
#1880=CARTESIAN_POINT('',(-0.0104518140991784,-0.00147725694444445,0.0181030730510417));
#1881=CARTESIAN_POINT('',(-0.0156777211487675,-0.00156545138888889,0.00905153652552083));
#1882=CARTESIAN_POINT('',(-0.0209036281983567,-0.00165364583333333,1.2799780681842E-18));
#1883=CARTESIAN_POINT('',(-0.0156777211487675,-0.00174184027777778,-0.00905153652552083));
#1884=CARTESIAN_POINT('',(-0.0104518140991784,-0.00183003472222222,-0.0181030730510417));
#1885=CARTESIAN_POINT('',(-2.21698704666889E-18,-0.00191822916666667,-0.0181030730510417));
#1886=CARTESIAN_POINT('',(0.0104518140991784,-0.00200642361111111,-0.0181030730510417));
#1887=CARTESIAN_POINT('',(0.0156777211487675,-0.00209461805555556,-0.00905153652552084));
#1888=CARTESIAN_POINT('',(0.0209036281983567,-0.0021828125,-3.83993420455259E-18));
#1889=CARTESIAN_POINT('',(0.0156777211487675,-0.00227100694444444,0.00905153652552082));
#1890=CARTESIAN_POINT('',(0.0104518140991784,-0.00235920138888889,0.0181030730510417));
#1891=CARTESIAN_POINT('',(0.,-0.00244739583333333,0.0181030730510417));
#1892=CARTESIAN_POINT('',(-0.0104518140991784,-0.00253559027777778,0.0181030730510417));
#1893=CARTESIAN_POINT('',(-0.0156777211487675,-0.00262378472222222,0.00905153652552083));
#1894=CARTESIAN_POINT('',(-0.0209036281983567,-0.00271197916666667,1.2799780681842E-18));
#1895=CARTESIAN_POINT('',(-0.0156777211487675,-0.00280017361111112,-0.00905153652552083));
#1896=CARTESIAN_POINT('',(-0.0104518140991784,-0.00288836805555556,-0.0181030730510417));
#1897=CARTESIAN_POINT('',(-2.21698704666889E-18,-0.0029765625,-0.0181030730510417));
#1898=CARTESIAN_POINT('',(0.0104518140991784,-0.00306475694444445,-0.0181030730510417));
#1899=CARTESIAN_POINT('',(0.0156777211487675,-0.00315295138888889,-0.00905153652552084));
#1900=CARTESIAN_POINT('',(0.0209036281983567,-0.00324114583333334,-3.83993420455259E-18));
#1901=CARTESIAN_POINT('',(0.0156777211487675,-0.00332934027777778,0.00905153652552082));
#1902=CARTESIAN_POINT('',(0.0104518140991784,-0.00341753472222222,0.0181030730510417));
#1903=CARTESIAN_POINT('',(0.,-0.00350572916666667,0.0181030730510417));
#1904=CARTESIAN_POINT('',(-0.0104518140991784,-0.00359392361111111,0.0181030730510417));
#1905=CARTESIAN_POINT('',(-0.0156777211487675,-0.00368211805555556,0.00905153652552083));
#1906=CARTESIAN_POINT('',(-0.0209036281983567,-0.0037703125,1.2799780681842E-18));
#1907=CARTESIAN_POINT('',(-0.0156777211487675,-0.00385850694444444,-0.00905153652552083));
#1908=CARTESIAN_POINT('',(-0.0104518140991784,-0.00394670138888889,-0.0181030730510417));
#1909=CARTESIAN_POINT('',(-2.21698704666889E-18,-0.00403489583333334,-0.0181030730510417));
#1910=CARTESIAN_POINT('',(0.0104518140991784,-0.00412309027777778,-0.0181030730510417));
#1911=CARTESIAN_POINT('',(0.0156777211487675,-0.00421128472222222,-0.00905153652552084));
#1912=CARTESIAN_POINT('',(0.0209036281983567,-0.00429947916666667,-3.83993420455259E-18));
#1913=CARTESIAN_POINT('',(0.0156777211487675,-0.00438767361111111,0.00905153652552082));
#1914=CARTESIAN_POINT('',(0.0104518140991784,-0.00447586805555556,0.0181030730510417));
#1915=CARTESIAN_POINT('',(0.,-0.0045640625,0.0181030730510417));
#1916=CARTESIAN_POINT('',(-0.0104518140991784,-0.00465225694444444,0.0181030730510417));
#1917=CARTESIAN_POINT('',(-0.0156777211487675,-0.00474045138888889,0.00905153652552083));
#1918=CARTESIAN_POINT('',(-0.0209036281983567,-0.00482864583333333,1.2799780681842E-18));
#1919=CARTESIAN_POINT('',(-0.0156777211487675,-0.00491684027777778,-0.00905153652552083));
#1920=CARTESIAN_POINT('',(-0.0104518140991784,-0.00500503472222222,-0.0181030730510417));
#1921=CARTESIAN_POINT('',(-2.21698704666889E-18,-0.00509322916666667,-0.0181030730510417));
#1922=CARTESIAN_POINT('',(0.0104518140991784,-0.00518142361111111,-0.0181030730510417));
#1923=CARTESIAN_POINT('',(0.0156777211487675,-0.00526961805555556,-0.00905153652552084));
#1924=CARTESIAN_POINT('',(0.0209036281983567,-0.00535781250000001,-3.83993420455259E-18));
#1925=CARTESIAN_POINT('',(0.0156777211487675,-0.00544600694444445,0.00905153652552082));
#1926=CARTESIAN_POINT('',(0.0104518140991784,-0.00553420138888889,0.0181030730510417));
#1927=CARTESIAN_POINT('',(0.,-0.00562239583333334,0.0181030730510417));
#1928=CARTESIAN_POINT('',(-0.0104518140991784,-0.00571059027777778,0.0181030730510417));
#1929=CARTESIAN_POINT('',(-0.0156777211487675,-0.00579878472222222,0.00905153652552083));
#1930=CARTESIAN_POINT('',(-0.0209036281983567,-0.00588697916666667,1.2799780681842E-18));
#1931=CARTESIAN_POINT('',(-0.0156777211487675,-0.00597517361111111,-0.00905153652552083));
#1932=CARTESIAN_POINT('',(-0.0104518140991784,-0.00606336805555556,-0.0181030730510417));
#1933=CARTESIAN_POINT('',(-2.21698704666889E-18,-0.0061515625,-0.0181030730510417));
#1934=CARTESIAN_POINT('',(0.0104518140991784,-0.00623975694444445,-0.0181030730510417));
#1935=CARTESIAN_POINT('',(0.0156777211487675,-0.00632795138888889,-0.00905153652552084));
#1936=CARTESIAN_POINT('',(0.0209036281983567,-0.00641614583333334,-3.83993420455259E-18));
#1937=CARTESIAN_POINT('',(0.0156777211487675,-0.00650434027777778,0.00905153652552082));
#1938=CARTESIAN_POINT('',(0.0104518140991784,-0.00659253472222222,0.0181030730510417));
#1939=CARTESIAN_POINT('',(0.,-0.00668072916666667,0.0181030730510417));
#1940=CARTESIAN_POINT('',(-0.0104518140991784,-0.00676892361111111,0.0181030730510417));
#1941=CARTESIAN_POINT('',(-0.0156777211487675,-0.00685711805555556,0.00905153652552083));
#1942=CARTESIAN_POINT('',(-0.0209036281983567,-0.0069453125,1.2799780681842E-18));
#1943=CARTESIAN_POINT('',(-0.0156777211487675,-0.00703350694444445,-0.00905153652552083));
#1944=CARTESIAN_POINT('',(-0.0104518140991784,-0.00712170138888889,-0.0181030730510417));
#1945=CARTESIAN_POINT('',(-2.21698704666889E-18,-0.00720989583333334,-0.0181030730510417));
#1946=CARTESIAN_POINT('',(0.0104518140991784,-0.00729809027777778,-0.0181030730510417));
#1947=CARTESIAN_POINT('',(0.0156777211487675,-0.00738628472222223,-0.00905153652552084));
#1948=CARTESIAN_POINT('',(0.0209036281983567,-0.00747447916666667,-3.83993420455259E-18));
#1949=CARTESIAN_POINT('',(0.0156777211487675,-0.00756267361111111,0.00905153652552082));
#1950=CARTESIAN_POINT('',(0.0104518140991784,-0.00765086805555556,0.0181030730510417));
#1951=CARTESIAN_POINT('',(0.,-0.0077390625,0.0181030730510417));
#1952=CARTESIAN_POINT('',(-0.0104518140991784,-0.00782725694444444,0.0181030730510417));
#1953=CARTESIAN_POINT('',(-0.0156777211487675,-0.00791545138888889,0.00905153652552083));
#1954=CARTESIAN_POINT('',(-0.0209036281983567,-0.00800364583333333,1.2799780681842E-18));
#1955=CARTESIAN_POINT('',(-0.0156777211487675,-0.00809184027777778,-0.00905153652552083));
#1956=CARTESIAN_POINT('',(-0.0104518140991784,-0.00818003472222222,-0.0181030730510417));
#1957=CARTESIAN_POINT('',(-2.21698704666889E-18,-0.00826822916666667,-0.0181030730510417));
#1958=CARTESIAN_POINT('',(0.00264472906363976,-0.00829054590596766,-0.0181030730510417));
#1959=CARTESIAN_POINT('',(0.00517892377097801,-0.00831561595177281,-0.0173464694524779));
#1960=CARTESIAN_POINT('',(0.0137352695858025,0.000376085217592374,-0.0108927246420002));
#1961=CARTESIAN_POINT('',(0.0145367196110961,0.000364017142848599,-0.00988212972486535));
#1962=CARTESIAN_POINT('',(0.0151816274009354,0.000352777777777776,-0.00876511666666667));
#1963=CARTESIAN_POINT('',(0.0202421698679139,0.000264583333333331,-3.71842628048066E-18));
#1964=CARTESIAN_POINT('',(0.0151816274009354,0.000176388888888887,0.00876511666666665));
#1965=CARTESIAN_POINT('',(0.010121084933957,8.81944444444427E-5,0.0175302333333333));
#1966=CARTESIAN_POINT('',(0.,-1.7347234759768E-18,0.0175302333333333));
#1967=CARTESIAN_POINT('',(-0.0101210849339569,-8.81944444444463E-5,0.0175302333333334));
#1968=CARTESIAN_POINT('',(-0.0151816274009354,-0.000176388888888891,0.00876511666666667));
#1969=CARTESIAN_POINT('',(-0.0202421698679139,-0.000264583333333335,1.23947542682689E-18));
#1970=CARTESIAN_POINT('',(-0.0151816274009354,-0.000352777777777779,-0.00876511666666666));
#1971=CARTESIAN_POINT('',(-0.010121084933957,-0.000440972222222224,-0.0175302333333333));
#1972=CARTESIAN_POINT('',(-2.14683441399729E-18,-0.000529166666666668,-0.0175302333333333));
#1973=CARTESIAN_POINT('',(0.0101210849339569,-0.000617361111111112,-0.0175302333333334));
#1974=CARTESIAN_POINT('',(0.0151816274009354,-0.000705555555555557,-0.00876511666666667));
#1975=CARTESIAN_POINT('',(0.0202421698679139,-0.000793750000000002,-3.71842628048066E-18));
#1976=CARTESIAN_POINT('',(0.0151816274009354,-0.000881944444444447,0.00876511666666665));
#1977=CARTESIAN_POINT('',(0.010121084933957,-0.00097013888888889,0.0175302333333333));
#1978=CARTESIAN_POINT('',(0.,-0.00105833333333333,0.0175302333333333));
#1979=CARTESIAN_POINT('',(-0.0101210849339569,-0.00114652777777778,0.0175302333333334));
#1980=CARTESIAN_POINT('',(-0.0151816274009354,-0.00123472222222222,0.00876511666666667));
#1981=CARTESIAN_POINT('',(-0.0202421698679139,-0.00132291666666667,1.23947542682689E-18));
#1982=CARTESIAN_POINT('',(-0.0151816274009354,-0.00141111111111111,-0.00876511666666666));
#1983=CARTESIAN_POINT('',(-0.010121084933957,-0.00149930555555556,-0.0175302333333333));
#1984=CARTESIAN_POINT('',(-2.14683441399729E-18,-0.0015875,-0.0175302333333333));
#1985=CARTESIAN_POINT('',(0.0101210849339569,-0.00167569444444445,-0.0175302333333334));
#1986=CARTESIAN_POINT('',(0.0151816274009354,-0.00176388888888889,-0.00876511666666667));
#1987=CARTESIAN_POINT('',(0.0202421698679139,-0.00185208333333333,-3.71842628048066E-18));
#1988=CARTESIAN_POINT('',(0.0151816274009354,-0.00194027777777778,0.00876511666666665));
#1989=CARTESIAN_POINT('',(0.010121084933957,-0.00202847222222222,0.0175302333333333));
#1990=CARTESIAN_POINT('',(0.,-0.00211666666666667,0.0175302333333333));
#1991=CARTESIAN_POINT('',(-0.0101210849339569,-0.00220486111111111,0.0175302333333334));
#1992=CARTESIAN_POINT('',(-0.0151816274009354,-0.00229305555555556,0.00876511666666667));
#1993=CARTESIAN_POINT('',(-0.0202421698679139,-0.00238125,1.23947542682689E-18));
#1994=CARTESIAN_POINT('',(-0.0151816274009354,-0.00246944444444444,-0.00876511666666666));
#1995=CARTESIAN_POINT('',(-0.010121084933957,-0.00255763888888889,-0.0175302333333333));
#1996=CARTESIAN_POINT('',(-2.14683441399729E-18,-0.00264583333333334,-0.0175302333333333));
#1997=CARTESIAN_POINT('',(0.0101210849339569,-0.00273402777777778,-0.0175302333333334));
#1998=CARTESIAN_POINT('',(0.0151816274009354,-0.00282222222222223,-0.00876511666666667));
#1999=CARTESIAN_POINT('',(0.0202421698679139,-0.00291041666666667,-3.71842628048066E-18));
#2000=CARTESIAN_POINT('',(0.0151816274009354,-0.00299861111111112,0.00876511666666665));
#2001=CARTESIAN_POINT('',(0.010121084933957,-0.00308680555555556,0.0175302333333333));
#2002=CARTESIAN_POINT('',(0.,-0.003175,0.0175302333333333));
#2003=CARTESIAN_POINT('',(-0.0101210849339569,-0.00326319444444445,0.0175302333333334));
#2004=CARTESIAN_POINT('',(-0.0151816274009354,-0.00335138888888889,0.00876511666666667));
#2005=CARTESIAN_POINT('',(-0.0202421698679139,-0.00343958333333334,1.23947542682689E-18));
#2006=CARTESIAN_POINT('',(-0.0151816274009354,-0.00352777777777778,-0.00876511666666666));
#2007=CARTESIAN_POINT('',(-0.010121084933957,-0.00361597222222222,-0.0175302333333333));
#2008=CARTESIAN_POINT('',(-2.14683441399729E-18,-0.00370416666666667,-0.0175302333333333));
#2009=CARTESIAN_POINT('',(0.0101210849339569,-0.00379236111111111,-0.0175302333333334));
#2010=CARTESIAN_POINT('',(0.0151816274009354,-0.00388055555555556,-0.00876511666666667));
#2011=CARTESIAN_POINT('',(0.0202421698679139,-0.00396875,-3.71842628048066E-18));
#2012=CARTESIAN_POINT('',(0.0151816274009354,-0.00405694444444444,0.00876511666666665));
#2013=CARTESIAN_POINT('',(0.010121084933957,-0.00414513888888889,0.0175302333333333));
#2014=CARTESIAN_POINT('',(0.,-0.00423333333333334,0.0175302333333333));
#2015=CARTESIAN_POINT('',(-0.0101210849339569,-0.00432152777777778,0.0175302333333334));
#2016=CARTESIAN_POINT('',(-0.0151816274009354,-0.00440972222222222,0.00876511666666667));
#2017=CARTESIAN_POINT('',(-0.0202421698679139,-0.00449791666666667,1.23947542682689E-18));
#2018=CARTESIAN_POINT('',(-0.0151816274009354,-0.00458611111111111,-0.00876511666666666));
#2019=CARTESIAN_POINT('',(-0.010121084933957,-0.00467430555555555,-0.0175302333333333));
#2020=CARTESIAN_POINT('',(-2.14683441399729E-18,-0.0047625,-0.0175302333333333));
#2021=CARTESIAN_POINT('',(0.0101210849339569,-0.00485069444444444,-0.0175302333333334));
#2022=CARTESIAN_POINT('',(0.0151816274009354,-0.00493888888888889,-0.00876511666666667));
#2023=CARTESIAN_POINT('',(0.0202421698679139,-0.00502708333333334,-3.71842628048066E-18));
#2024=CARTESIAN_POINT('',(0.0151816274009354,-0.00511527777777778,0.00876511666666665));
#2025=CARTESIAN_POINT('',(0.010121084933957,-0.00520347222222222,0.0175302333333333));
#2026=CARTESIAN_POINT('',(0.,-0.00529166666666667,0.0175302333333333));
#2027=CARTESIAN_POINT('',(-0.0101210849339569,-0.00537986111111111,0.0175302333333334));
#2028=CARTESIAN_POINT('',(-0.0151816274009354,-0.00546805555555556,0.00876511666666667));
#2029=CARTESIAN_POINT('',(-0.0202421698679139,-0.00555625,1.23947542682689E-18));
#2030=CARTESIAN_POINT('',(-0.0151816274009354,-0.00564444444444445,-0.00876511666666666));
#2031=CARTESIAN_POINT('',(-0.010121084933957,-0.00573263888888889,-0.0175302333333333));
#2032=CARTESIAN_POINT('',(-2.14683441399729E-18,-0.00582083333333334,-0.0175302333333333));
#2033=CARTESIAN_POINT('',(0.0101210849339569,-0.00590902777777778,-0.0175302333333334));
#2034=CARTESIAN_POINT('',(0.0151816274009354,-0.00599722222222222,-0.00876511666666667));
#2035=CARTESIAN_POINT('',(0.0202421698679139,-0.00608541666666667,-3.71842628048066E-18));
#2036=CARTESIAN_POINT('',(0.0151816274009354,-0.00617361111111111,0.00876511666666665));
#2037=CARTESIAN_POINT('',(0.010121084933957,-0.00626180555555555,0.0175302333333333));
#2038=CARTESIAN_POINT('',(0.,-0.00635,0.0175302333333333));
#2039=CARTESIAN_POINT('',(-0.0101210849339569,-0.00643819444444444,0.0175302333333334));
#2040=CARTESIAN_POINT('',(-0.0151816274009354,-0.00652638888888889,0.00876511666666667));
#2041=CARTESIAN_POINT('',(-0.0202421698679139,-0.00661458333333333,1.23947542682689E-18));
#2042=CARTESIAN_POINT('',(-0.0151816274009354,-0.00670277777777778,-0.00876511666666666));
#2043=CARTESIAN_POINT('',(-0.010121084933957,-0.00679097222222222,-0.0175302333333333));
#2044=CARTESIAN_POINT('',(-2.14683441399729E-18,-0.00687916666666667,-0.0175302333333333));
#2045=CARTESIAN_POINT('',(0.0101210849339569,-0.00696736111111111,-0.0175302333333334));
#2046=CARTESIAN_POINT('',(0.0151816274009354,-0.00705555555555556,-0.00876511666666667));
#2047=CARTESIAN_POINT('',(0.0202421698679139,-0.00714375,-3.71842628048066E-18));
#2048=CARTESIAN_POINT('',(0.0151816274009354,-0.00723194444444445,0.00876511666666665));
#2049=CARTESIAN_POINT('',(0.010121084933957,-0.00732013888888888,0.0175302333333333));
#2050=CARTESIAN_POINT('',(0.,-0.00740833333333334,0.0175302333333333));
#2051=CARTESIAN_POINT('',(-0.0101210849339569,-0.00749652777777777,0.0175302333333334));
#2052=CARTESIAN_POINT('',(-0.0151816274009354,-0.00758472222222222,0.00876511666666667));
#2053=CARTESIAN_POINT('',(-0.0202421698679139,-0.00767291666666667,1.23947542682689E-18));
#2054=CARTESIAN_POINT('',(-0.0151816274009354,-0.00776111111111111,-0.00876511666666666));
#2055=CARTESIAN_POINT('',(-0.010121084933957,-0.00784930555555556,-0.0175302333333333));
#2056=CARTESIAN_POINT('',(-2.14683441399729E-18,-0.0079375,-0.0175302333333333));
#2057=CARTESIAN_POINT('',(0.00256104129162675,-0.00795981673930099,-0.0175302333333334));
#2058=CARTESIAN_POINT('',(0.00501504589109345,-0.00798488678510614,-0.0167975711170198));
#2059=CARTESIAN_POINT('',(0.,0.0017859375,0.0181030730510417));
#2060=CARTESIAN_POINT('',(-0.0104518140991784,0.00169774305555555,0.0181030730510417));
#2061=CARTESIAN_POINT('',(-0.0156777211487675,0.00160954861111111,0.00905153652552083));
#2062=CARTESIAN_POINT('',(-0.0209036281983567,0.00152135416666666,1.2799780681842E-18));
#2063=CARTESIAN_POINT('',(-0.0156777211487675,0.00143315972222222,-0.00905153652552083));
#2064=CARTESIAN_POINT('',(-0.0104518140991784,0.00134496527777778,-0.0181030730510417));
#2065=CARTESIAN_POINT('',(-2.21698704666889E-18,0.00125677083333333,-0.0181030730510417));
#2066=CARTESIAN_POINT('',(0.0104518140991784,0.00116857638888889,-0.0181030730510417));
#2067=CARTESIAN_POINT('',(0.0156777211487675,0.00108038194444444,-0.00905153652552084));
#2068=CARTESIAN_POINT('',(0.0209036281983567,0.000992187499999998,-3.83993420455259E-18));
#2069=CARTESIAN_POINT('',(0.0156777211487675,0.000903993055555554,0.00905153652552082));
#2070=CARTESIAN_POINT('',(0.0104518140991784,0.000815798611111109,0.0181030730510417));
#2071=CARTESIAN_POINT('',(4.43397409333778E-18,0.000727604166666665,0.0181030730510417));
#2072=CARTESIAN_POINT('',(-0.0104518140991783,0.00063940972222222,0.0181030730510417));
#2073=CARTESIAN_POINT('',(-0.0156777211487675,0.000551215277777776,0.00905153652552084));
#2074=CARTESIAN_POINT('',(-0.0209036281983567,0.000463020833333332,2.49660418001364E-17));
#2075=CARTESIAN_POINT('',(-0.0156777211487675,0.000374826388888887,-0.00905153652552082));
#2076=CARTESIAN_POINT('',(-0.0104518140991784,0.000286631944444443,-0.0181030730510417));
#2077=CARTESIAN_POINT('',(-6.65096114000666E-18,0.0001984375,-0.0181030730510417));
#2078=CARTESIAN_POINT('',(0.0104518140991783,0.000110243055555554,-0.0181030730510417));
#2079=CARTESIAN_POINT('',(0.0156777211487675,2.20486111111094E-5,-0.00905153652552086));
#2080=CARTESIAN_POINT('',(0.0209036281983567,-6.61458333333352E-5,-8.95984647728937E-18));
#2081=CARTESIAN_POINT('',(0.0156777211487675,-0.00015434027777778,0.00905153652552082));
#2082=CARTESIAN_POINT('',(0.0104518140991784,-0.000242534722222224,0.0181030730510417));
#2083=CARTESIAN_POINT('',(8.86794818667555E-18,-0.000330729166666669,0.0181030730510417));
#2084=CARTESIAN_POINT('',(-0.0104518140991783,-0.000418923611111113,0.0181030730510417));
#2085=CARTESIAN_POINT('',(-0.0156777211487675,-0.000507118055555558,0.00905153652552086));
#2086=CARTESIAN_POINT('',(-0.0209036281983567,-0.000595312500000002,4.86521055320886E-17));
#2087=CARTESIAN_POINT('',(-0.0156777211487675,-0.000683506944444446,-0.00905153652552082));
#2088=CARTESIAN_POINT('',(-0.0104518140991784,-0.000771701388888891,-0.0181030730510417));
#2089=CARTESIAN_POINT('',(-4.32424528617246E-17,-0.000859895833333335,-0.0181030730510417));
#2090=CARTESIAN_POINT('',(0.0104518140991783,-0.000948090277777779,-0.0181030730510417));
#2091=CARTESIAN_POINT('',(0.0156777211487675,-0.00103628472222222,-0.00905153652552086));
#2092=CARTESIAN_POINT('',(0.0209036281983567,-0.00112447916666667,-5.1212061668457E-17));
#2093=CARTESIAN_POINT('',(0.0156777211487675,-0.00121267361111111,0.00905153652552078));
#2094=CARTESIAN_POINT('',(0.0104518140991784,-0.00130086805555556,0.0181030730510416));
#2095=CARTESIAN_POINT('',(1.33019222800133E-17,-0.0013890625,0.0181030730510417));
#2096=CARTESIAN_POINT('',(-0.0104518140991783,-0.00147725694444445,0.0181030730510417));
#2097=CARTESIAN_POINT('',(-0.0156777211487675,-0.00156545138888889,0.00905153652552086));
#2098=CARTESIAN_POINT('',(-0.0209036281983567,-0.00165364583333333,5.37720178048254E-17));
#2099=CARTESIAN_POINT('',(-0.0156777211487676,-0.00174184027777778,-0.00905153652552078));
#2100=CARTESIAN_POINT('',(-0.0104518140991784,-0.00183003472222222,-0.0181030730510416));
#2101=CARTESIAN_POINT('',(-1.55189093266822E-17,-0.00191822916666667,-0.0181030730510417));
#2102=CARTESIAN_POINT('',(0.0104518140991783,-0.00200642361111111,-0.0181030730510417));
#2103=CARTESIAN_POINT('',(0.0156777211487675,-0.00209461805555556,-0.00905153652552087));
#2104=CARTESIAN_POINT('',(0.0209036281983567,-0.0021828125,-5.63319739411938E-17));
#2105=CARTESIAN_POINT('',(0.0156777211487676,-0.00227100694444444,0.00905153652552078));
#2106=CARTESIAN_POINT('',(0.0104518140991784,-0.00235920138888889,0.0181030730510416));
#2107=CARTESIAN_POINT('',(1.77358963733511E-17,-0.00244739583333333,0.0181030730510417));
#2108=CARTESIAN_POINT('',(-0.0104518140991783,-0.00253559027777778,0.0181030730510417));
#2109=CARTESIAN_POINT('',(-0.0156777211487675,-0.00262378472222222,0.00905153652552087));
#2110=CARTESIAN_POINT('',(-0.0209036281983567,-0.00271197916666667,5.88919300775623E-17));
#2111=CARTESIAN_POINT('',(-0.0156777211487676,-0.00280017361111112,-0.00905153652552078));
#2112=CARTESIAN_POINT('',(-0.0104518140991784,-0.00288836805555556,-0.0181030730510416));
#2113=CARTESIAN_POINT('',(-8.42679186767804E-17,-0.0029765625,-0.0181030730510417));
#2114=CARTESIAN_POINT('',(0.0104518140991783,-0.00306475694444445,-0.0181030730510417));
#2115=CARTESIAN_POINT('',(0.0156777211487675,-0.00315295138888889,-0.00905153652552087));
#2116=CARTESIAN_POINT('',(0.0209036281983567,-0.00324114583333334,-6.14518862139307E-17));
#2117=CARTESIAN_POINT('',(0.0156777211487676,-0.00332934027777778,0.00905153652552078));
#2118=CARTESIAN_POINT('',(0.0104518140991784,-0.00341753472222222,0.0181030730510416));
#2119=CARTESIAN_POINT('',(8.64849057234493E-17,-0.00350572916666667,0.0181030730510417));
#2120=CARTESIAN_POINT('',(-0.0104518140991783,-0.00359392361111111,0.0181030730510417));
#2121=CARTESIAN_POINT('',(-0.0156777211487675,-0.00368211805555556,0.00905153652552087));
#2122=CARTESIAN_POINT('',(-0.0209036281983567,-0.0037703125,1.38276448187161E-16));
#2123=CARTESIAN_POINT('',(-0.0156777211487676,-0.00385850694444444,-0.00905153652552078));
#2124=CARTESIAN_POINT('',(-0.0104518140991784,-0.00394670138888889,-0.0181030730510417));
#2125=CARTESIAN_POINT('',(-8.87018927701182E-17,-0.00403489583333334,-0.0181030730510417));
#2126=CARTESIAN_POINT('',(0.0104518140991783,-0.00412309027777778,-0.0181030730510417));
#2127=CARTESIAN_POINT('',(0.0156777211487675,-0.00421128472222222,-0.00905153652552093));
#2128=CARTESIAN_POINT('',(0.0209036281983567,-0.00429947916666667,-6.65717984866673E-17));
#2129=CARTESIAN_POINT('',(0.0156777211487676,-0.00438767361111111,0.00905153652552072));
#2130=CARTESIAN_POINT('',(0.0104518140991784,-0.00447586805555556,0.0181030730510416));
#2131=CARTESIAN_POINT('',(2.66038445600266E-17,-0.0045640625,0.0181030730510417));
#2132=CARTESIAN_POINT('',(-0.0104518140991783,-0.00465225694444444,0.0181030730510417));
#2133=CARTESIAN_POINT('',(-0.0156777211487675,-0.00474045138888889,0.00905153652552087));
#2134=CARTESIAN_POINT('',(-0.0209036281983567,-0.00482864583333333,1.43396360459898E-16));
#2135=CARTESIAN_POINT('',(-0.0156777211487676,-0.00491684027777778,-0.00905153652552077));
#2136=CARTESIAN_POINT('',(-0.0104518140991784,-0.00500503472222222,-0.0181030730510417));
#2137=CARTESIAN_POINT('',(-9.3135866863456E-17,-0.00509322916666667,-0.0181030730510417));
#2138=CARTESIAN_POINT('',(0.0104518140991783,-0.00518142361111111,-0.0181030730510417));
#2139=CARTESIAN_POINT('',(0.0156777211487675,-0.00526961805555556,-0.00905153652552093));
#2140=CARTESIAN_POINT('',(0.0209036281983567,-0.00535781250000001,-7.16917107594042E-17));
#2141=CARTESIAN_POINT('',(0.0156777211487676,-0.00544600694444445,0.00905153652552071));
#2142=CARTESIAN_POINT('',(0.0104518140991785,-0.00553420138888889,0.0181030730510416));
#2143=CARTESIAN_POINT('',(3.10378186533644E-17,-0.00562239583333334,0.0181030730510417));
#2144=CARTESIAN_POINT('',(-0.0104518140991783,-0.00571059027777778,0.0181030730510417));
#2145=CARTESIAN_POINT('',(-0.0156777211487675,-0.00579878472222222,0.00905153652552088));
#2146=CARTESIAN_POINT('',(-0.0209036281983567,-0.00588697916666667,1.48516272732634E-16));
#2147=CARTESIAN_POINT('',(-0.0156777211487676,-0.00597517361111111,-0.00905153652552077));
#2148=CARTESIAN_POINT('',(-0.0104518140991785,-0.00606336805555556,-0.0181030730510415));
#2149=CARTESIAN_POINT('',(-9.75698409567938E-17,-0.0061515625,-0.0181030730510417));
#2150=CARTESIAN_POINT('',(0.0104518140991783,-0.00623975694444445,-0.0181030730510417));
#2151=CARTESIAN_POINT('',(0.0156777211487675,-0.00632795138888889,-0.00905153652552094));
#2152=CARTESIAN_POINT('',(0.0209036281983567,-0.00641614583333334,-7.6811623032141E-17));
#2153=CARTESIAN_POINT('',(0.0156777211487676,-0.00650434027777778,0.00905153652552071));
#2154=CARTESIAN_POINT('',(0.0104518140991785,-0.00659253472222222,0.0181030730510416));
#2155=CARTESIAN_POINT('',(3.54717927467022E-17,-0.00668072916666667,0.0181030730510417));
#2156=CARTESIAN_POINT('',(-0.0104518140991783,-0.00676892361111111,0.0181030730510417));
#2157=CARTESIAN_POINT('',(-0.0156777211487675,-0.00685711805555556,0.00905153652552088));
#2158=CARTESIAN_POINT('',(-0.0209036281983567,-0.0069453125,1.53636185005371E-16));
#2159=CARTESIAN_POINT('',(-0.0156777211487676,-0.00703350694444445,-0.00905153652552076));
#2160=CARTESIAN_POINT('',(-0.0104518140991785,-0.00712170138888889,-0.0181030730510415));
#2161=CARTESIAN_POINT('',(-1.02003815050132E-16,-0.00720989583333334,-0.0181030730510417));
#2162=CARTESIAN_POINT('',(0.0104518140991783,-0.00729809027777778,-0.0181030730510417));
#2163=CARTESIAN_POINT('',(0.0156777211487675,-0.00738628472222223,-0.00905153652552094));
#2164=CARTESIAN_POINT('',(0.0209036281983567,-0.00747447916666667,-8.19315353048778E-17));
#2165=CARTESIAN_POINT('',(0.0156777211487676,-0.00756267361111111,0.00905153652552071));
#2166=CARTESIAN_POINT('',(0.0104518140991785,-0.00765086805555556,0.0181030730510416));
#2167=CARTESIAN_POINT('',(1.68535837353561E-16,-0.0077390625,0.0181030730510417));
#2168=CARTESIAN_POINT('',(-0.0104518140991782,-0.00782725694444444,0.0181030730510417));
#2169=CARTESIAN_POINT('',(-0.0156777211487675,-0.00791545138888889,0.00905153652552089));
#2170=CARTESIAN_POINT('',(-0.0209036281983567,-0.00800364583333333,1.58756097278108E-16));
#2171=CARTESIAN_POINT('',(-0.0156777211487676,-0.00809184027777778,-0.00905153652552076));
#2172=CARTESIAN_POINT('',(-0.0104518140991785,-0.00818003472222222,-0.0181030730510415));
#2173=CARTESIAN_POINT('',(-1.06437789143469E-16,-0.00826822916666667,-0.0181030730510417));
#2174=CARTESIAN_POINT('',(0.0104518140991782,-0.00835642361111111,-0.0181030730510418));
#2175=CARTESIAN_POINT('',(0.0156777211487675,-0.00844461805555556,-0.00905153652552094));
#2176=CARTESIAN_POINT('',(0.0209036281983567,-0.0085328125,-8.70514475776146E-17));
#2177=CARTESIAN_POINT('',(0.0156777211487676,-0.00862100694444445,0.0090515365255207));
#2178=CARTESIAN_POINT('',(0.0104518140991785,-0.00870920138888889,0.0181030730510416));
#2179=CARTESIAN_POINT('',(1.72969811446898E-16,-0.00879739583333334,0.0181030730510417));
#2180=CARTESIAN_POINT('',(-0.0104518140991782,-0.00888559027777777,0.0181030730510417));
#2181=CARTESIAN_POINT('',(-0.0156777211487675,-0.00897378472222223,0.00905153652552089));
#2182=CARTESIAN_POINT('',(-0.0209036281983567,-0.00906197916666666,1.63876009550845E-16));
#2183=CARTESIAN_POINT('',(-0.0156777211487676,-0.00915017361111111,-0.00905153652552076));
#2184=CARTESIAN_POINT('',(-0.0104518140991784,-0.00923836805555555,-0.0181030730510417));
#2185=CARTESIAN_POINT('',(-2.39501833750328E-16,-0.0093265625,-0.0181030730510417));
#2186=CARTESIAN_POINT('',(0.0104518140991782,-0.00941475694444444,-0.0181030730510418));
#2187=CARTESIAN_POINT('',(0.0156777211487675,-0.00950295138888889,-0.00905153652552095));
#2188=CARTESIAN_POINT('',(0.0209036281983567,-0.00959114583333334,-9.21713598503513E-17));
#2189=CARTESIAN_POINT('',(0.0156777211487675,-0.00967934027777778,0.00905153652552081));
#2190=CARTESIAN_POINT('',(0.0104518140991786,-0.00976753472222223,0.0181030730510415));
#2191=CARTESIAN_POINT('',(1.77403785540236E-16,-0.00985572916666667,0.0181030730510417));
#2192=CARTESIAN_POINT('',(-0.0167819978716146,-0.0079375,0.00678865239414088));
#2193=CARTESIAN_POINT('',(-0.0167819978716146,-0.0079375,0.00678865239414088));
#2194=CARTESIAN_POINT('',(-0.0170151951415801,-0.0079375,0.00618518587820318));
#2195=CARTESIAN_POINT('',(-0.0172155500130912,-0.0079375,0.00556995171634706));
#2196=CARTESIAN_POINT('',(-0.0173824300618638,-0.0079375,0.0049448886291212));
#2197=CARTESIAN_POINT('',(0.,0.00211666666666667,0.0175302333333333));
#2198=CARTESIAN_POINT('',(-0.0101210849339569,0.00202847222222222,0.0175302333333334));
#2199=CARTESIAN_POINT('',(-0.0151816274009354,0.00194027777777777,0.00876511666666667));
#2200=CARTESIAN_POINT('',(-0.0202421698679139,0.00185208333333333,1.23947542682689E-18));
#2201=CARTESIAN_POINT('',(-0.0151816274009354,0.00176388888888889,-0.00876511666666666));
#2202=CARTESIAN_POINT('',(-0.010121084933957,0.00167569444444444,-0.0175302333333333));
#2203=CARTESIAN_POINT('',(-2.14683441399729E-18,0.0015875,-0.0175302333333333));
#2204=CARTESIAN_POINT('',(0.0101210849339569,0.00149930555555555,-0.0175302333333334));
#2205=CARTESIAN_POINT('',(0.0151816274009354,0.00141111111111111,-0.00876511666666667));
#2206=CARTESIAN_POINT('',(0.0202421698679139,0.00132291666666666,-3.71842628048066E-18));
#2207=CARTESIAN_POINT('',(0.0151816274009354,0.00123472222222222,0.00876511666666665));
#2208=CARTESIAN_POINT('',(0.010121084933957,0.00114652777777778,0.0175302333333333));
#2209=CARTESIAN_POINT('',(4.29366882799458E-18,0.00105833333333333,0.0175302333333333));
#2210=CARTESIAN_POINT('',(-0.0101210849339569,0.000970138888888887,0.0175302333333334));
#2211=CARTESIAN_POINT('',(-0.0151816274009354,0.000881944444444443,0.00876511666666668));
#2212=CARTESIAN_POINT('',(-0.0202421698679139,0.000793749999999998,2.41760355787197E-17));
#2213=CARTESIAN_POINT('',(-0.0151816274009354,0.000705555555555554,-0.00876511666666665));
#2214=CARTESIAN_POINT('',(-0.010121084933957,0.000617361111111109,-0.0175302333333333));
#2215=CARTESIAN_POINT('',(-6.44050324199187E-18,0.000529166666666665,-0.0175302333333333));
#2216=CARTESIAN_POINT('',(0.0101210849339569,0.000440972222222221,-0.0175302333333334));
#2217=CARTESIAN_POINT('',(0.0151816274009354,0.000352777777777776,-0.00876511666666669));
#2218=CARTESIAN_POINT('',(0.0202421698679139,0.000264583333333331,-8.67632798778822E-18));
#2219=CARTESIAN_POINT('',(0.0151816274009354,0.000176388888888887,0.00876511666666665));
#2220=CARTESIAN_POINT('',(0.010121084933957,8.81944444444427E-5,0.0175302333333333));
#2221=CARTESIAN_POINT('',(8.58733765598916E-18,-1.7347234759768E-18,0.0175302333333333));
#2222=CARTESIAN_POINT('',(-0.0101210849339569,-8.81944444444463E-5,0.0175302333333334));
#2223=CARTESIAN_POINT('',(-0.0151816274009354,-0.000176388888888891,0.00876511666666669));
#2224=CARTESIAN_POINT('',(-0.0202421698679139,-0.000264583333333335,4.71125957306125E-17));
#2225=CARTESIAN_POINT('',(-0.0151816274009354,-0.000352777777777779,-0.00876511666666665));
#2226=CARTESIAN_POINT('',(-0.010121084933957,-0.000440972222222224,-0.0175302333333333));
#2227=CARTESIAN_POINT('',(-4.18741219479353E-17,-0.000529166666666668,-0.0175302333333333));
#2228=CARTESIAN_POINT('',(0.0101210849339569,-0.000617361111111112,-0.0175302333333334));
#2229=CARTESIAN_POINT('',(0.0151816274009354,-0.000705555555555557,-0.00876511666666669));
#2230=CARTESIAN_POINT('',(0.0202421698679139,-0.000793750000000002,-4.95915465842663E-17));
#2231=CARTESIAN_POINT('',(0.0151816274009354,-0.000881944444444447,0.00876511666666662));
#2232=CARTESIAN_POINT('',(0.010121084933957,-0.00097013888888889,0.0175302333333333));
#2233=CARTESIAN_POINT('',(1.28810064839837E-17,-0.00105833333333333,0.0175302333333333));
#2234=CARTESIAN_POINT('',(-0.0101210849339569,-0.00114652777777778,0.0175302333333334));
#2235=CARTESIAN_POINT('',(-0.0151816274009354,-0.00123472222222222,0.0087651166666667));
#2236=CARTESIAN_POINT('',(-0.0202421698679139,-0.00132291666666667,5.207049743792E-17));
#2237=CARTESIAN_POINT('',(-0.0151816274009354,-0.00141111111111111,-0.00876511666666662));
#2238=CARTESIAN_POINT('',(-0.010121084933957,-0.00149930555555556,-0.0175302333333333));
#2239=CARTESIAN_POINT('',(-1.5027840897981E-17,-0.0015875,-0.0175302333333333));
#2240=CARTESIAN_POINT('',(0.0101210849339569,-0.00167569444444445,-0.0175302333333334));
#2241=CARTESIAN_POINT('',(0.0151816274009354,-0.00176388888888889,-0.0087651166666667));
#2242=CARTESIAN_POINT('',(0.0202421698679139,-0.00185208333333333,-5.45494482915738E-17));
#2243=CARTESIAN_POINT('',(0.0151816274009354,-0.00194027777777778,0.00876511666666662));
#2244=CARTESIAN_POINT('',(0.010121084933957,-0.00202847222222222,0.0175302333333333));
#2245=CARTESIAN_POINT('',(1.71746753119783E-17,-0.00211666666666667,0.0175302333333333));
#2246=CARTESIAN_POINT('',(-0.0101210849339569,-0.00220486111111111,0.0175302333333334));
#2247=CARTESIAN_POINT('',(-0.0151816274009354,-0.00229305555555556,0.0087651166666667));
#2248=CARTESIAN_POINT('',(-0.0202421698679139,-0.00238125,5.70283991452276E-17));
#2249=CARTESIAN_POINT('',(-0.0151816274009354,-0.00246944444444444,-0.00876511666666661));
#2250=CARTESIAN_POINT('',(-0.010121084933957,-0.00255763888888889,-0.0175302333333333));
#2251=CARTESIAN_POINT('',(-8.16014094818735E-17,-0.00264583333333334,-0.0175302333333333));
#2252=CARTESIAN_POINT('',(0.0101210849339569,-0.00273402777777778,-0.0175302333333334));
#2253=CARTESIAN_POINT('',(0.0151816274009354,-0.00282222222222223,-0.0087651166666667));
#2254=CARTESIAN_POINT('',(0.0202421698679139,-0.00291041666666667,-5.95073499988814E-17));
#2255=CARTESIAN_POINT('',(0.0151816274009354,-0.00299861111111112,0.00876511666666661));
#2256=CARTESIAN_POINT('',(0.010121084933957,-0.00308680555555556,0.0175302333333333));
#2257=CARTESIAN_POINT('',(8.37482438958707E-17,-0.003175,0.0175302333333333));
#2258=CARTESIAN_POINT('',(-0.0101210849339569,-0.00326319444444445,0.0175302333333334));
#2259=CARTESIAN_POINT('',(-0.0151816274009354,-0.00335138888888889,0.0087651166666667));
#2260=CARTESIAN_POINT('',(-0.0202421698679139,-0.00343958333333334,1.33900934630876E-16));
#2261=CARTESIAN_POINT('',(-0.0151816274009354,-0.00352777777777778,-0.00876511666666661));
#2262=CARTESIAN_POINT('',(-0.010121084933957,-0.00361597222222222,-0.0175302333333333));
#2263=CARTESIAN_POINT('',(-8.5895078309868E-17,-0.00370416666666667,-0.0175302333333333));
#2264=CARTESIAN_POINT('',(0.0101210849339569,-0.00379236111111111,-0.0175302333333334));
#2265=CARTESIAN_POINT('',(0.0151816274009354,-0.00388055555555556,-0.00876511666666676));
#2266=CARTESIAN_POINT('',(0.0202421698679139,-0.00396875,-6.4465251706189E-17));
#2267=CARTESIAN_POINT('',(0.0151816274009355,-0.00405694444444444,0.00876511666666655));
#2268=CARTESIAN_POINT('',(0.010121084933957,-0.00414513888888889,0.0175302333333333));
#2269=CARTESIAN_POINT('',(2.57620129679675E-17,-0.00423333333333334,0.0175302333333333));
#2270=CARTESIAN_POINT('',(-0.0101210849339568,-0.00432152777777778,0.0175302333333334));
#2271=CARTESIAN_POINT('',(-0.0151816274009354,-0.00440972222222222,0.00876511666666671));
#2272=CARTESIAN_POINT('',(-0.0202421698679139,-0.00449791666666667,1.38858836338184E-16));
#2273=CARTESIAN_POINT('',(-0.0151816274009354,-0.00458611111111111,-0.00876511666666661));
#2274=CARTESIAN_POINT('',(-0.010121084933957,-0.00467430555555555,-0.0175302333333333));
#2275=CARTESIAN_POINT('',(-9.01887471378626E-17,-0.0047625,-0.0175302333333333));
#2276=CARTESIAN_POINT('',(0.0101210849339569,-0.00485069444444444,-0.0175302333333334));
#2277=CARTESIAN_POINT('',(0.0151816274009354,-0.00493888888888889,-0.00876511666666676));
#2278=CARTESIAN_POINT('',(0.0202421698679139,-0.00502708333333334,-6.94231534134964E-17));
#2279=CARTESIAN_POINT('',(0.0151816274009355,-0.00511527777777778,0.00876511666666655));
#2280=CARTESIAN_POINT('',(0.010121084933957,-0.00520347222222222,0.0175302333333333));
#2281=CARTESIAN_POINT('',(3.00556817959621E-17,-0.00529166666666667,0.0175302333333333));
#2282=CARTESIAN_POINT('',(-0.0101210849339568,-0.00537986111111111,0.0175302333333334));
#2283=CARTESIAN_POINT('',(-0.0151816274009354,-0.00546805555555556,0.00876511666666671));
#2284=CARTESIAN_POINT('',(-0.0202421698679139,-0.00555625,1.43816738045491E-16));
#2285=CARTESIAN_POINT('',(-0.0151816274009354,-0.00564444444444445,-0.0087651166666666));
#2286=CARTESIAN_POINT('',(-0.0101210849339571,-0.00573263888888889,-0.0175302333333332));
#2287=CARTESIAN_POINT('',(-9.44824159658572E-17,-0.00582083333333334,-0.0175302333333333));
#2288=CARTESIAN_POINT('',(0.0101210849339569,-0.00590902777777778,-0.0175302333333334));
#2289=CARTESIAN_POINT('',(0.0151816274009354,-0.00599722222222222,-0.00876511666666677));
#2290=CARTESIAN_POINT('',(0.0202421698679139,-0.00608541666666667,-7.4381055120804E-17));
#2291=CARTESIAN_POINT('',(0.0151816274009355,-0.00617361111111111,0.00876511666666655));
#2292=CARTESIAN_POINT('',(0.010121084933957,-0.00626180555555555,0.0175302333333333));
#2293=CARTESIAN_POINT('',(3.43493506239567E-17,-0.00635,0.0175302333333333));
#2294=CARTESIAN_POINT('',(-0.0101210849339568,-0.00643819444444444,0.0175302333333334));
#2295=CARTESIAN_POINT('',(-0.0151816274009354,-0.00652638888888889,0.00876511666666672));
#2296=CARTESIAN_POINT('',(-0.0202421698679139,-0.00661458333333333,1.48774639752799E-16));
#2297=CARTESIAN_POINT('',(-0.0151816274009354,-0.00670277777777778,-0.0087651166666666));
#2298=CARTESIAN_POINT('',(-0.0101210849339571,-0.00679097222222222,-0.0175302333333332));
#2299=CARTESIAN_POINT('',(-9.87760847938518E-17,-0.00687916666666667,-0.0175302333333333));
#2300=CARTESIAN_POINT('',(0.0101210849339569,-0.00696736111111111,-0.0175302333333334));
#2301=CARTESIAN_POINT('',(0.0151816274009354,-0.00705555555555556,-0.00876511666666677));
#2302=CARTESIAN_POINT('',(0.0202421698679139,-0.00714375,-7.93389568281116E-17));
#2303=CARTESIAN_POINT('',(0.0151816274009355,-0.00723194444444445,0.00876511666666654));
#2304=CARTESIAN_POINT('',(0.010121084933957,-0.00732013888888888,0.0175302333333333));
#2305=CARTESIAN_POINT('',(1.63202818963747E-16,-0.00740833333333334,0.0175302333333333));
#2306=CARTESIAN_POINT('',(-0.0101210849339568,-0.00749652777777777,0.0175302333333334));
#2307=CARTESIAN_POINT('',(-0.0151816274009354,-0.00758472222222222,0.00876511666666672));
#2308=CARTESIAN_POINT('',(-0.0202421698679139,-0.00767291666666667,1.53732541460106E-16));
#2309=CARTESIAN_POINT('',(-0.0151816274009354,-0.00776111111111111,-0.0087651166666666));
#2310=CARTESIAN_POINT('',(-0.0101210849339571,-0.00784930555555556,-0.0175302333333332));
#2311=CARTESIAN_POINT('',(-1.03069753621846E-16,-0.0079375,-0.0175302333333333));
#2312=CARTESIAN_POINT('',(0.0101210849339568,-0.00802569444444445,-0.0175302333333334));
#2313=CARTESIAN_POINT('',(0.0151816274009354,-0.00811388888888889,-0.00876511666666677));
#2314=CARTESIAN_POINT('',(0.0202421698679139,-0.00820208333333334,-8.42968585354191E-17));
#2315=CARTESIAN_POINT('',(0.0151816274009355,-0.00829027777777778,0.00876511666666654));
#2316=CARTESIAN_POINT('',(0.010121084933957,-0.00837847222222223,0.0175302333333333));
#2317=CARTESIAN_POINT('',(1.67496487791741E-16,-0.00846666666666667,0.0175302333333333));
#2318=CARTESIAN_POINT('',(-0.0101210849339568,-0.00855486111111111,0.0175302333333334));
#2319=CARTESIAN_POINT('',(-0.0151816274009354,-0.00864305555555556,0.00876511666666672));
#2320=CARTESIAN_POINT('',(-0.0202421698679139,-0.00873125,1.58690443167414E-16));
#2321=CARTESIAN_POINT('',(-0.0151816274009354,-0.00881944444444445,-0.00876511666666659));
#2322=CARTESIAN_POINT('',(-0.010121084933957,-0.00890763888888889,-0.0175302333333333));
#2323=CARTESIAN_POINT('',(-2.31923221961636E-16,-0.00899583333333334,-0.0175302333333333));
#2324=CARTESIAN_POINT('',(0.0101210849339568,-0.00908402777777778,-0.0175302333333334));
#2325=CARTESIAN_POINT('',(0.0151816274009354,-0.00917222222222222,-0.00876511666666678));
#2326=CARTESIAN_POINT('',(0.0202421698679139,-0.00926041666666667,-8.92547602427267E-17));
#2327=CARTESIAN_POINT('',(0.0151816274009354,-0.00934861111111111,0.00876511666666664));
#2328=CARTESIAN_POINT('',(0.0101210849339572,-0.00943680555555556,0.0175302333333332));
#2329=CARTESIAN_POINT('',(1.71790156619736E-16,-0.009525,0.0175302333333333));
#2330=CARTESIAN_POINT('',(-0.0167512008288965,5.19984991041994E-5,0.00516781883497174));
#2331=CARTESIAN_POINT('',(-0.0190060241722466,-2.15433787174331E-5,-0.00214106715045339));
#2332=CARTESIAN_POINT('',(-0.0151816274009354,-8.81944444444443E-5,-0.00876511666666666));
#2333=CARTESIAN_POINT('',(-0.010121084933957,-0.000176388888888889,-0.0175302333333333));
#2334=CARTESIAN_POINT('',(-2.14683441399729E-18,-0.000264583333333334,-0.0175302333333333));
#2335=CARTESIAN_POINT('',(0.0101210849339569,-0.000352777777777778,-0.0175302333333334));
#2336=CARTESIAN_POINT('',(0.0151816274009354,-0.000440972222222222,-0.00876511666666667));
#2337=CARTESIAN_POINT('',(0.0202421698679139,-0.000529166666666667,-3.71842628048066E-18));
#2338=CARTESIAN_POINT('',(0.0151816274009354,-0.000617361111111111,0.00876511666666665));
#2339=CARTESIAN_POINT('',(0.010121084933957,-0.000705555555555555,0.0175302333333333));
#2340=CARTESIAN_POINT('',(0.,-0.00079375,0.0175302333333333));
#2341=CARTESIAN_POINT('',(-0.0101210849339569,-0.000881944444444445,0.0175302333333334));
#2342=CARTESIAN_POINT('',(-0.0151816274009354,-0.000970138888888889,0.00876511666666667));
#2343=CARTESIAN_POINT('',(-0.0202421698679139,-0.00105833333333333,1.23947542682689E-18));
#2344=CARTESIAN_POINT('',(-0.0151816274009354,-0.00114652777777778,-0.00876511666666666));
#2345=CARTESIAN_POINT('',(-0.010121084933957,-0.00123472222222222,-0.0175302333333333));
#2346=CARTESIAN_POINT('',(-2.14683441399729E-18,-0.00132291666666667,-0.0175302333333333));
#2347=CARTESIAN_POINT('',(0.0101210849339569,-0.00141111111111111,-0.0175302333333334));
#2348=CARTESIAN_POINT('',(0.0151816274009354,-0.00149930555555556,-0.00876511666666667));
#2349=CARTESIAN_POINT('',(0.0202421698679139,-0.0015875,-3.71842628048066E-18));
#2350=CARTESIAN_POINT('',(0.0151816274009354,-0.00167569444444445,0.00876511666666665));
#2351=CARTESIAN_POINT('',(0.010121084933957,-0.00176388888888889,0.0175302333333333));
#2352=CARTESIAN_POINT('',(0.,-0.00185208333333333,0.0175302333333333));
#2353=CARTESIAN_POINT('',(-0.0101210849339569,-0.00194027777777778,0.0175302333333334));
#2354=CARTESIAN_POINT('',(-0.0151816274009354,-0.00202847222222222,0.00876511666666667));
#2355=CARTESIAN_POINT('',(-0.0202421698679139,-0.00211666666666666,1.23947542682689E-18));
#2356=CARTESIAN_POINT('',(-0.0151816274009354,-0.00220486111111111,-0.00876511666666666));
#2357=CARTESIAN_POINT('',(-0.010121084933957,-0.00229305555555555,-0.0175302333333333));
#2358=CARTESIAN_POINT('',(-2.14683441399729E-18,-0.00238125,-0.0175302333333333));
#2359=CARTESIAN_POINT('',(0.0101210849339569,-0.00246944444444445,-0.0175302333333334));
#2360=CARTESIAN_POINT('',(0.0151816274009354,-0.00255763888888889,-0.00876511666666667));
#2361=CARTESIAN_POINT('',(0.0202421698679139,-0.00264583333333334,-3.71842628048066E-18));
#2362=CARTESIAN_POINT('',(0.0151816274009354,-0.00273402777777778,0.00876511666666665));
#2363=CARTESIAN_POINT('',(0.010121084933957,-0.00282222222222222,0.0175302333333333));
#2364=CARTESIAN_POINT('',(0.,-0.00291041666666666,0.0175302333333333));
#2365=CARTESIAN_POINT('',(-0.0101210849339569,-0.00299861111111111,0.0175302333333334));
#2366=CARTESIAN_POINT('',(-0.0151816274009354,-0.00308680555555556,0.00876511666666667));
#2367=CARTESIAN_POINT('',(-0.0202421698679139,-0.003175,1.23947542682689E-18));
#2368=CARTESIAN_POINT('',(-0.0151816274009354,-0.00326319444444444,-0.00876511666666666));
#2369=CARTESIAN_POINT('',(-0.010121084933957,-0.00335138888888889,-0.0175302333333333));
#2370=CARTESIAN_POINT('',(-2.14683441399729E-18,-0.00343958333333333,-0.0175302333333333));
#2371=CARTESIAN_POINT('',(0.0101210849339569,-0.00352777777777778,-0.0175302333333334));
#2372=CARTESIAN_POINT('',(0.0151816274009354,-0.00361597222222222,-0.00876511666666667));
#2373=CARTESIAN_POINT('',(0.0202421698679139,-0.00370416666666667,-3.71842628048066E-18));
#2374=CARTESIAN_POINT('',(0.0151816274009354,-0.00379236111111111,0.00876511666666665));
#2375=CARTESIAN_POINT('',(0.010121084933957,-0.00388055555555556,0.0175302333333333));
#2376=CARTESIAN_POINT('',(0.,-0.00396875,0.0175302333333333));
#2377=CARTESIAN_POINT('',(-0.0101210849339569,-0.00405694444444444,0.0175302333333334));
#2378=CARTESIAN_POINT('',(-0.0151816274009354,-0.00414513888888889,0.00876511666666667));
#2379=CARTESIAN_POINT('',(-0.0202421698679139,-0.00423333333333333,1.23947542682689E-18));
#2380=CARTESIAN_POINT('',(-0.0151816274009354,-0.00432152777777778,-0.00876511666666666));
#2381=CARTESIAN_POINT('',(-0.010121084933957,-0.00440972222222222,-0.0175302333333333));
#2382=CARTESIAN_POINT('',(-2.14683441399729E-18,-0.00449791666666667,-0.0175302333333333));
#2383=CARTESIAN_POINT('',(0.0101210849339569,-0.00458611111111111,-0.0175302333333334));
#2384=CARTESIAN_POINT('',(0.0151816274009354,-0.00467430555555556,-0.00876511666666667));
#2385=CARTESIAN_POINT('',(0.0202421698679139,-0.0047625,-3.71842628048066E-18));
#2386=CARTESIAN_POINT('',(0.0151816274009354,-0.00485069444444445,0.00876511666666665));
#2387=CARTESIAN_POINT('',(0.010121084933957,-0.00493888888888889,0.0175302333333333));
#2388=CARTESIAN_POINT('',(0.,-0.00502708333333333,0.0175302333333333));
#2389=CARTESIAN_POINT('',(-0.0101210849339569,-0.00511527777777777,0.0175302333333334));
#2390=CARTESIAN_POINT('',(-0.0151816274009354,-0.00520347222222222,0.00876511666666667));
#2391=CARTESIAN_POINT('',(-0.0202421698679139,-0.00529166666666667,1.23947542682689E-18));
#2392=CARTESIAN_POINT('',(-0.0151816274009354,-0.00537986111111111,-0.00876511666666666));
#2393=CARTESIAN_POINT('',(-0.010121084933957,-0.00546805555555555,-0.0175302333333333));
#2394=CARTESIAN_POINT('',(-2.14683441399729E-18,-0.00555625,-0.0175302333333333));
#2395=CARTESIAN_POINT('',(0.0101210849339569,-0.00564444444444444,-0.0175302333333334));
#2396=CARTESIAN_POINT('',(0.0151816274009354,-0.00573263888888889,-0.00876511666666667));
#2397=CARTESIAN_POINT('',(0.0202421698679139,-0.00582083333333333,-3.71842628048066E-18));
#2398=CARTESIAN_POINT('',(0.0151816274009354,-0.00590902777777778,0.00876511666666665));
#2399=CARTESIAN_POINT('',(0.010121084933957,-0.00599722222222222,0.0175302333333333));
#2400=CARTESIAN_POINT('',(0.,-0.00608541666666667,0.0175302333333333));
#2401=CARTESIAN_POINT('',(-0.0101210849339569,-0.00617361111111111,0.0175302333333334));
#2402=CARTESIAN_POINT('',(-0.0151816274009354,-0.00626180555555556,0.00876511666666667));
#2403=CARTESIAN_POINT('',(-0.0202421698679139,-0.00635,1.23947542682689E-18));
#2404=CARTESIAN_POINT('',(-0.0151816274009354,-0.00643819444444445,-0.00876511666666666));
#2405=CARTESIAN_POINT('',(-0.010121084933957,-0.00652638888888889,-0.0175302333333333));
#2406=CARTESIAN_POINT('',(-2.14683441399729E-18,-0.00661458333333333,-0.0175302333333333));
#2407=CARTESIAN_POINT('',(0.0101210849339569,-0.00670277777777777,-0.0175302333333334));
#2408=CARTESIAN_POINT('',(0.0151816274009354,-0.00679097222222222,-0.00876511666666667));
#2409=CARTESIAN_POINT('',(0.0202421698679139,-0.00687916666666666,-3.71842628048066E-18));
#2410=CARTESIAN_POINT('',(0.0151816274009354,-0.00696736111111111,0.00876511666666665));
#2411=CARTESIAN_POINT('',(0.010121084933957,-0.00705555555555555,0.0175302333333333));
#2412=CARTESIAN_POINT('',(0.,-0.00714375,0.0175302333333333));
#2413=CARTESIAN_POINT('',(-0.0101210849339569,-0.00723194444444444,0.0175302333333334));
#2414=CARTESIAN_POINT('',(-0.0151816274009354,-0.00732013888888889,0.00876511666666667));
#2415=CARTESIAN_POINT('',(-0.0202421698679139,-0.00740833333333333,1.23947542682689E-18));
#2416=CARTESIAN_POINT('',(-0.0151816274009354,-0.00749652777777778,-0.00876511666666666));
#2417=CARTESIAN_POINT('',(-0.010121084933957,-0.00758472222222223,-0.0175302333333333));
#2418=CARTESIAN_POINT('',(-2.14683441399729E-18,-0.00767291666666667,-0.0175302333333333));
#2419=CARTESIAN_POINT('',(0.0101210849339569,-0.00776111111111112,-0.0175302333333334));
#2420=CARTESIAN_POINT('',(0.0151816274009354,-0.00784930555555556,-0.00876511666666667));
#2421=CARTESIAN_POINT('',(0.0202421698679139,-0.00793749999999999,-3.71842628048066E-18));
#2422=CARTESIAN_POINT('',(0.0151816274009354,-0.00802569444444445,0.00876511666666665));
#2423=CARTESIAN_POINT('',(0.010121084933957,-0.00811388888888889,0.0175302333333333));
#2424=CARTESIAN_POINT('',(0.,-0.00820208333333333,0.0175302333333333));
#2425=CARTESIAN_POINT('',(-0.00639057455530562,-0.00825777036454231,0.0175302333333334));
#2426=CARTESIAN_POINT('',(-0.011281860799244,-0.00832108393766468,0.0134174773198092));
#2427=CARTESIAN_POINT('',(-0.0172985839111202,0.000382727665770866,0.00533668891366967));
#2428=CARTESIAN_POINT('',(-0.0196270886677707,0.000309185787949233,-0.00221103132484508));
#2429=CARTESIAN_POINT('',(-0.0156777211487675,0.000242534722222222,-0.00905153652552083));
#2430=CARTESIAN_POINT('',(-0.0104518140991784,0.000154340277777777,-0.0181030730510417));
#2431=CARTESIAN_POINT('',(-2.21698704666889E-18,6.61458333333332E-5,-0.0181030730510417));
#2432=CARTESIAN_POINT('',(0.0104518140991784,-2.20486111111112E-5,-0.0181030730510417));
#2433=CARTESIAN_POINT('',(0.0156777211487675,-0.000110243055555556,-0.00905153652552084));
#2434=CARTESIAN_POINT('',(0.0209036281983567,-0.0001984375,-3.83993420455259E-18));
#2435=CARTESIAN_POINT('',(0.0156777211487675,-0.000286631944444444,0.00905153652552082));
#2436=CARTESIAN_POINT('',(0.0104518140991784,-0.000374826388888889,0.0181030730510417));
#2437=CARTESIAN_POINT('',(0.,-0.000463020833333334,0.0181030730510417));
#2438=CARTESIAN_POINT('',(-0.0104518140991784,-0.000551215277777778,0.0181030730510417));
#2439=CARTESIAN_POINT('',(-0.0156777211487675,-0.000639409722222223,0.00905153652552083));
#2440=CARTESIAN_POINT('',(-0.0209036281983567,-0.000727604166666666,1.2799780681842E-18));
#2441=CARTESIAN_POINT('',(-0.0156777211487675,-0.000815798611111111,-0.00905153652552083));
#2442=CARTESIAN_POINT('',(-0.0104518140991784,-0.000903993055555556,-0.0181030730510417));
#2443=CARTESIAN_POINT('',(-2.21698704666889E-18,-0.0009921875,-0.0181030730510417));
#2444=CARTESIAN_POINT('',(0.0104518140991784,-0.00108038194444444,-0.0181030730510417));
#2445=CARTESIAN_POINT('',(0.0156777211487675,-0.00116857638888889,-0.00905153652552084));
#2446=CARTESIAN_POINT('',(0.0209036281983567,-0.00125677083333333,-3.83993420455259E-18));
#2447=CARTESIAN_POINT('',(0.0156777211487675,-0.00134496527777778,0.00905153652552082));
#2448=CARTESIAN_POINT('',(0.0104518140991784,-0.00143315972222222,0.0181030730510417));
#2449=CARTESIAN_POINT('',(0.,-0.00152135416666666,0.0181030730510417));
#2450=CARTESIAN_POINT('',(-0.0104518140991784,-0.00160954861111111,0.0181030730510417));
#2451=CARTESIAN_POINT('',(-0.0156777211487675,-0.00169774305555555,0.00905153652552083));
#2452=CARTESIAN_POINT('',(-0.0209036281983567,-0.0017859375,1.2799780681842E-18));
#2453=CARTESIAN_POINT('',(-0.0156777211487675,-0.00187413194444444,-0.00905153652552083));
#2454=CARTESIAN_POINT('',(-0.0104518140991784,-0.00196232638888889,-0.0181030730510417));
#2455=CARTESIAN_POINT('',(-2.21698704666889E-18,-0.00205052083333333,-0.0181030730510417));
#2456=CARTESIAN_POINT('',(0.0104518140991784,-0.00213871527777778,-0.0181030730510417));
#2457=CARTESIAN_POINT('',(0.0156777211487675,-0.00222690972222223,-0.00905153652552084));
#2458=CARTESIAN_POINT('',(0.0209036281983567,-0.00231510416666666,-3.83993420455259E-18));
#2459=CARTESIAN_POINT('',(0.0156777211487675,-0.00240329861111111,0.00905153652552082));
#2460=CARTESIAN_POINT('',(0.0104518140991784,-0.00249149305555555,0.0181030730510417));
#2461=CARTESIAN_POINT('',(0.,-0.0025796875,0.0181030730510417));
#2462=CARTESIAN_POINT('',(-0.0104518140991784,-0.00266788194444445,0.0181030730510417));
#2463=CARTESIAN_POINT('',(-0.0156777211487675,-0.00275607638888889,0.00905153652552083));
#2464=CARTESIAN_POINT('',(-0.0209036281983567,-0.00284427083333334,1.2799780681842E-18));
#2465=CARTESIAN_POINT('',(-0.0156777211487675,-0.00293246527777778,-0.00905153652552083));
#2466=CARTESIAN_POINT('',(-0.0104518140991784,-0.00302065972222222,-0.0181030730510417));
#2467=CARTESIAN_POINT('',(-2.21698704666889E-18,-0.00310885416666667,-0.0181030730510417));
#2468=CARTESIAN_POINT('',(0.0104518140991784,-0.00319704861111111,-0.0181030730510417));
#2469=CARTESIAN_POINT('',(0.0156777211487675,-0.00328524305555556,-0.00905153652552084));
#2470=CARTESIAN_POINT('',(0.0209036281983567,-0.0033734375,-3.83993420455259E-18));
#2471=CARTESIAN_POINT('',(0.0156777211487675,-0.00346163194444444,0.00905153652552082));
#2472=CARTESIAN_POINT('',(0.0104518140991784,-0.00354982638888889,0.0181030730510417));
#2473=CARTESIAN_POINT('',(0.,-0.00363802083333334,0.0181030730510417));
#2474=CARTESIAN_POINT('',(-0.0104518140991784,-0.00372621527777778,0.0181030730510417));
#2475=CARTESIAN_POINT('',(-0.0156777211487675,-0.00381440972222223,0.00905153652552083));
#2476=CARTESIAN_POINT('',(-0.0209036281983567,-0.00390260416666667,1.2799780681842E-18));
#2477=CARTESIAN_POINT('',(-0.0156777211487675,-0.00399079861111111,-0.00905153652552083));
#2478=CARTESIAN_POINT('',(-0.0104518140991784,-0.00407899305555555,-0.0181030730510417));
#2479=CARTESIAN_POINT('',(-2.21698704666889E-18,-0.0041671875,-0.0181030730510417));
#2480=CARTESIAN_POINT('',(0.0104518140991784,-0.00425538194444444,-0.0181030730510417));
#2481=CARTESIAN_POINT('',(0.0156777211487675,-0.00434357638888889,-0.00905153652552084));
#2482=CARTESIAN_POINT('',(0.0209036281983567,-0.00443177083333333,-3.83993420455259E-18));
#2483=CARTESIAN_POINT('',(0.0156777211487675,-0.00451996527777778,0.00905153652552082));
#2484=CARTESIAN_POINT('',(0.0104518140991784,-0.00460815972222222,0.0181030730510417));
#2485=CARTESIAN_POINT('',(0.,-0.00469635416666667,0.0181030730510417));
#2486=CARTESIAN_POINT('',(-0.0104518140991784,-0.00478454861111111,0.0181030730510417));
#2487=CARTESIAN_POINT('',(-0.0156777211487675,-0.00487274305555556,0.00905153652552083));
#2488=CARTESIAN_POINT('',(-0.0209036281983567,-0.0049609375,1.2799780681842E-18));
#2489=CARTESIAN_POINT('',(-0.0156777211487675,-0.00504913194444445,-0.00905153652552083));
#2490=CARTESIAN_POINT('',(-0.0104518140991784,-0.00513732638888889,-0.0181030730510417));
#2491=CARTESIAN_POINT('',(-2.21698704666889E-18,-0.00522552083333333,-0.0181030730510417));
#2492=CARTESIAN_POINT('',(0.0104518140991784,-0.00531371527777778,-0.0181030730510417));
#2493=CARTESIAN_POINT('',(0.0156777211487675,-0.00540190972222222,-0.00905153652552084));
#2494=CARTESIAN_POINT('',(0.0209036281983567,-0.00549010416666667,-3.83993420455259E-18));
#2495=CARTESIAN_POINT('',(0.0156777211487675,-0.00557829861111111,0.00905153652552082));
#2496=CARTESIAN_POINT('',(0.0104518140991784,-0.00566649305555556,0.0181030730510417));
#2497=CARTESIAN_POINT('',(0.,-0.0057546875,0.0181030730510417));
#2498=CARTESIAN_POINT('',(-0.0104518140991784,-0.00584288194444445,0.0181030730510417));
#2499=CARTESIAN_POINT('',(-0.0156777211487675,-0.00593107638888889,0.00905153652552083));
#2500=CARTESIAN_POINT('',(-0.0209036281983567,-0.00601927083333334,1.2799780681842E-18));
#2501=CARTESIAN_POINT('',(-0.0156777211487675,-0.00610746527777778,-0.00905153652552083));
#2502=CARTESIAN_POINT('',(-0.0104518140991784,-0.00619565972222222,-0.0181030730510417));
#2503=CARTESIAN_POINT('',(-2.21698704666889E-18,-0.00628385416666667,-0.0181030730510417));
#2504=CARTESIAN_POINT('',(0.0104518140991784,-0.00637204861111111,-0.0181030730510417));
#2505=CARTESIAN_POINT('',(0.0156777211487675,-0.00646024305555556,-0.00905153652552084));
#2506=CARTESIAN_POINT('',(0.0209036281983567,-0.0065484375,-3.83993420455259E-18));
#2507=CARTESIAN_POINT('',(0.0156777211487675,-0.00663663194444445,0.00905153652552082));
#2508=CARTESIAN_POINT('',(0.0104518140991784,-0.00672482638888889,0.0181030730510417));
#2509=CARTESIAN_POINT('',(0.,-0.00681302083333333,0.0181030730510417));
#2510=CARTESIAN_POINT('',(-0.0104518140991784,-0.00690121527777778,0.0181030730510417));
#2511=CARTESIAN_POINT('',(-0.0156777211487675,-0.00698940972222222,0.00905153652552083));
#2512=CARTESIAN_POINT('',(-0.0209036281983567,-0.00707760416666667,1.2799780681842E-18));
#2513=CARTESIAN_POINT('',(-0.0156777211487675,-0.00716579861111111,-0.00905153652552083));
#2514=CARTESIAN_POINT('',(-0.0104518140991784,-0.00725399305555556,-0.0181030730510417));
#2515=CARTESIAN_POINT('',(-2.21698704666889E-18,-0.0073421875,-0.0181030730510417));
#2516=CARTESIAN_POINT('',(0.0104518140991784,-0.00743038194444444,-0.0181030730510417));
#2517=CARTESIAN_POINT('',(0.0156777211487675,-0.00751857638888889,-0.00905153652552084));
#2518=CARTESIAN_POINT('',(0.0209036281983567,-0.00760677083333333,-3.83993420455259E-18));
#2519=CARTESIAN_POINT('',(0.0156777211487675,-0.00769496527777778,0.00905153652552082));
#2520=CARTESIAN_POINT('',(0.0104518140991784,-0.00778315972222222,0.0181030730510417));
#2521=CARTESIAN_POINT('',(0.,-0.00787135416666667,0.0181030730510417));
#2522=CARTESIAN_POINT('',(-0.00659940092142675,-0.00792704119787565,0.0181030730510417));
#2523=CARTESIAN_POINT('',(-0.011650520921022,-0.00799035477099802,0.0138559235044143));
#2524=CARTESIAN_POINT('',(-0.00525841606692006,-0.00793749999999997,0.017290166536999));
#2525=CARTESIAN_POINT('',(-0.00585598126302822,-0.00793749999999997,0.0171191268134785));
#2526=CARTESIAN_POINT('',(-0.00644395868190576,-0.00793750000000001,0.0169176307035562));
#2527=CARTESIAN_POINT('',(-0.00702082784248384,-0.00793750000000001,0.0166861987971363));
#2528=CARTESIAN_POINT('',(-0.0070208278424838,-0.0079375,0.0166861987971363));
#2529=CARTESIAN_POINT('',(0.,0.00165364583333333,0.0181030730510417));
#2530=CARTESIAN_POINT('',(-0.0104518140991784,0.00156545138888889,0.0181030730510417));
#2531=CARTESIAN_POINT('',(-0.0156777211487675,0.00147725694444444,0.00905153652552083));
#2532=CARTESIAN_POINT('',(-0.0209036281983567,0.0013890625,1.2799780681842E-18));
#2533=CARTESIAN_POINT('',(-0.0156777211487675,0.00130086805555556,-0.00905153652552083));
#2534=CARTESIAN_POINT('',(-0.0104518140991784,0.00121267361111111,-0.0181030730510417));
#2535=CARTESIAN_POINT('',(-2.21698704666889E-18,0.00112447916666667,-0.0181030730510417));
#2536=CARTESIAN_POINT('',(0.0104518140991784,0.00103628472222222,-0.0181030730510417));
#2537=CARTESIAN_POINT('',(0.0156777211487675,0.000948090277777778,-0.00905153652552084));
#2538=CARTESIAN_POINT('',(0.0209036281983567,0.000859895833333333,-3.83993420455259E-18));
#2539=CARTESIAN_POINT('',(0.0156777211487675,0.000771701388888889,0.00905153652552082));
#2540=CARTESIAN_POINT('',(0.0104518140991784,0.000683506944444444,0.0181030730510417));
#2541=CARTESIAN_POINT('',(4.43397409333778E-18,0.0005953125,0.0181030730510417));
#2542=CARTESIAN_POINT('',(-0.0104518140991783,0.000507118055555555,0.0181030730510417));
#2543=CARTESIAN_POINT('',(-0.0156777211487675,0.000418923611111111,0.00905153652552084));
#2544=CARTESIAN_POINT('',(-0.0209036281983567,0.000330729166666667,2.49660418001364E-17));
#2545=CARTESIAN_POINT('',(-0.0156777211487675,0.000242534722222222,-0.00905153652552082));
#2546=CARTESIAN_POINT('',(-0.0104518140991784,0.000154340277777777,-0.0181030730510417));
#2547=CARTESIAN_POINT('',(-6.65096114000666E-18,6.61458333333332E-5,-0.0181030730510417));
#2548=CARTESIAN_POINT('',(0.0104518140991783,-2.20486111111112E-5,-0.0181030730510417));
#2549=CARTESIAN_POINT('',(0.0156777211487675,-0.000110243055555556,-0.00905153652552086));
#2550=CARTESIAN_POINT('',(0.0209036281983567,-0.0001984375,-8.95984647728937E-18));
#2551=CARTESIAN_POINT('',(0.0156777211487675,-0.000286631944444444,0.00905153652552082));
#2552=CARTESIAN_POINT('',(0.0104518140991784,-0.000374826388888889,0.0181030730510417));
#2553=CARTESIAN_POINT('',(8.86794818667555E-18,-0.000463020833333334,0.0181030730510417));
#2554=CARTESIAN_POINT('',(-0.0104518140991783,-0.000551215277777778,0.0181030730510417));
#2555=CARTESIAN_POINT('',(-0.0156777211487675,-0.000639409722222223,0.00905153652552086));
#2556=CARTESIAN_POINT('',(-0.0209036281983567,-0.000727604166666666,4.86521055320886E-17));
#2557=CARTESIAN_POINT('',(-0.0156777211487675,-0.000815798611111111,-0.00905153652552082));
#2558=CARTESIAN_POINT('',(-0.0104518140991784,-0.000903993055555556,-0.0181030730510417));
#2559=CARTESIAN_POINT('',(-4.32424528617246E-17,-0.0009921875,-0.0181030730510417));
#2560=CARTESIAN_POINT('',(0.0104518140991783,-0.00108038194444444,-0.0181030730510417));
#2561=CARTESIAN_POINT('',(0.0156777211487675,-0.00116857638888889,-0.00905153652552086));
#2562=CARTESIAN_POINT('',(0.0209036281983567,-0.00125677083333333,-5.1212061668457E-17));
#2563=CARTESIAN_POINT('',(0.0156777211487675,-0.00134496527777778,0.00905153652552078));
#2564=CARTESIAN_POINT('',(0.0104518140991784,-0.00143315972222222,0.0181030730510416));
#2565=CARTESIAN_POINT('',(1.33019222800133E-17,-0.00152135416666666,0.0181030730510417));
#2566=CARTESIAN_POINT('',(-0.0104518140991783,-0.00160954861111111,0.0181030730510417));
#2567=CARTESIAN_POINT('',(-0.0156777211487675,-0.00169774305555555,0.00905153652552086));
#2568=CARTESIAN_POINT('',(-0.0209036281983567,-0.0017859375,5.37720178048254E-17));
#2569=CARTESIAN_POINT('',(-0.0156777211487676,-0.00187413194444444,-0.00905153652552078));
#2570=CARTESIAN_POINT('',(-0.0104518140991784,-0.00196232638888889,-0.0181030730510416));
#2571=CARTESIAN_POINT('',(-1.55189093266822E-17,-0.00205052083333333,-0.0181030730510417));
#2572=CARTESIAN_POINT('',(0.0104518140991783,-0.00213871527777778,-0.0181030730510417));
#2573=CARTESIAN_POINT('',(0.0156777211487675,-0.00222690972222223,-0.00905153652552087));
#2574=CARTESIAN_POINT('',(0.0209036281983567,-0.00231510416666666,-5.63319739411938E-17));
#2575=CARTESIAN_POINT('',(0.0156777211487676,-0.00240329861111111,0.00905153652552078));
#2576=CARTESIAN_POINT('',(0.0104518140991784,-0.00249149305555555,0.0181030730510416));
#2577=CARTESIAN_POINT('',(1.77358963733511E-17,-0.0025796875,0.0181030730510417));
#2578=CARTESIAN_POINT('',(-0.0104518140991783,-0.00266788194444445,0.0181030730510417));
#2579=CARTESIAN_POINT('',(-0.0156777211487675,-0.00275607638888889,0.00905153652552087));
#2580=CARTESIAN_POINT('',(-0.0209036281983567,-0.00284427083333334,5.88919300775623E-17));
#2581=CARTESIAN_POINT('',(-0.0156777211487676,-0.00293246527777778,-0.00905153652552078));
#2582=CARTESIAN_POINT('',(-0.0104518140991784,-0.00302065972222222,-0.0181030730510416));
#2583=CARTESIAN_POINT('',(-8.42679186767804E-17,-0.00310885416666667,-0.0181030730510417));
#2584=CARTESIAN_POINT('',(0.0104518140991783,-0.00319704861111111,-0.0181030730510417));
#2585=CARTESIAN_POINT('',(0.0156777211487675,-0.00328524305555556,-0.00905153652552087));
#2586=CARTESIAN_POINT('',(0.0209036281983567,-0.0033734375,-6.14518862139307E-17));
#2587=CARTESIAN_POINT('',(0.0156777211487676,-0.00346163194444444,0.00905153652552078));
#2588=CARTESIAN_POINT('',(0.0104518140991784,-0.00354982638888889,0.0181030730510416));
#2589=CARTESIAN_POINT('',(8.64849057234493E-17,-0.00363802083333334,0.0181030730510417));
#2590=CARTESIAN_POINT('',(-0.0104518140991783,-0.00372621527777778,0.0181030730510417));
#2591=CARTESIAN_POINT('',(-0.0156777211487675,-0.00381440972222223,0.00905153652552087));
#2592=CARTESIAN_POINT('',(-0.0209036281983567,-0.00390260416666667,1.38276448187161E-16));
#2593=CARTESIAN_POINT('',(-0.0156777211487676,-0.00399079861111111,-0.00905153652552078));
#2594=CARTESIAN_POINT('',(-0.0104518140991784,-0.00407899305555555,-0.0181030730510417));
#2595=CARTESIAN_POINT('',(-8.87018927701182E-17,-0.0041671875,-0.0181030730510417));
#2596=CARTESIAN_POINT('',(0.0104518140991783,-0.00425538194444444,-0.0181030730510417));
#2597=CARTESIAN_POINT('',(0.0156777211487675,-0.00434357638888889,-0.00905153652552093));
#2598=CARTESIAN_POINT('',(0.0209036281983567,-0.00443177083333333,-6.65717984866673E-17));
#2599=CARTESIAN_POINT('',(0.0156777211487676,-0.00451996527777778,0.00905153652552072));
#2600=CARTESIAN_POINT('',(0.0104518140991784,-0.00460815972222222,0.0181030730510416));
#2601=CARTESIAN_POINT('',(2.66038445600266E-17,-0.00469635416666667,0.0181030730510417));
#2602=CARTESIAN_POINT('',(-0.0104518140991783,-0.00478454861111111,0.0181030730510417));
#2603=CARTESIAN_POINT('',(-0.0156777211487675,-0.00487274305555556,0.00905153652552087));
#2604=CARTESIAN_POINT('',(-0.0209036281983567,-0.0049609375,1.43396360459898E-16));
#2605=CARTESIAN_POINT('',(-0.0156777211487676,-0.00504913194444445,-0.00905153652552077));
#2606=CARTESIAN_POINT('',(-0.0104518140991784,-0.00513732638888889,-0.0181030730510417));
#2607=CARTESIAN_POINT('',(-9.3135866863456E-17,-0.00522552083333333,-0.0181030730510417));
#2608=CARTESIAN_POINT('',(0.0104518140991783,-0.00531371527777778,-0.0181030730510417));
#2609=CARTESIAN_POINT('',(0.0156777211487675,-0.00540190972222222,-0.00905153652552093));
#2610=CARTESIAN_POINT('',(0.0209036281983567,-0.00549010416666667,-7.16917107594042E-17));
#2611=CARTESIAN_POINT('',(0.0156777211487676,-0.00557829861111111,0.00905153652552071));
#2612=CARTESIAN_POINT('',(0.0104518140991785,-0.00566649305555556,0.0181030730510416));
#2613=CARTESIAN_POINT('',(3.10378186533644E-17,-0.0057546875,0.0181030730510417));
#2614=CARTESIAN_POINT('',(-0.0104518140991783,-0.00584288194444445,0.0181030730510417));
#2615=CARTESIAN_POINT('',(-0.0156777211487675,-0.00593107638888889,0.00905153652552088));
#2616=CARTESIAN_POINT('',(-0.0209036281983567,-0.00601927083333334,1.48516272732634E-16));
#2617=CARTESIAN_POINT('',(-0.0156777211487676,-0.00610746527777778,-0.00905153652552077));
#2618=CARTESIAN_POINT('',(-0.0104518140991785,-0.00619565972222222,-0.0181030730510415));
#2619=CARTESIAN_POINT('',(-9.75698409567938E-17,-0.00628385416666667,-0.0181030730510417));
#2620=CARTESIAN_POINT('',(0.0104518140991783,-0.00637204861111111,-0.0181030730510417));
#2621=CARTESIAN_POINT('',(0.0156777211487675,-0.00646024305555556,-0.00905153652552094));
#2622=CARTESIAN_POINT('',(0.0209036281983567,-0.0065484375,-7.6811623032141E-17));
#2623=CARTESIAN_POINT('',(0.0156777211487676,-0.00663663194444445,0.00905153652552071));
#2624=CARTESIAN_POINT('',(0.0104518140991785,-0.00672482638888889,0.0181030730510416));
#2625=CARTESIAN_POINT('',(3.54717927467022E-17,-0.00681302083333333,0.0181030730510417));
#2626=CARTESIAN_POINT('',(-0.0104518140991783,-0.00690121527777778,0.0181030730510417));
#2627=CARTESIAN_POINT('',(-0.0156777211487675,-0.00698940972222222,0.00905153652552088));
#2628=CARTESIAN_POINT('',(-0.0209036281983567,-0.00707760416666667,1.53636185005371E-16));
#2629=CARTESIAN_POINT('',(-0.0156777211487676,-0.00716579861111111,-0.00905153652552076));
#2630=CARTESIAN_POINT('',(-0.0104518140991785,-0.00725399305555556,-0.0181030730510415));
#2631=CARTESIAN_POINT('',(-1.02003815050132E-16,-0.0073421875,-0.0181030730510417));
#2632=CARTESIAN_POINT('',(0.0104518140991783,-0.00743038194444444,-0.0181030730510417));
#2633=CARTESIAN_POINT('',(0.0156777211487675,-0.00751857638888889,-0.00905153652552094));
#2634=CARTESIAN_POINT('',(0.0209036281983567,-0.00760677083333333,-8.19315353048778E-17));
#2635=CARTESIAN_POINT('',(0.0156777211487676,-0.00769496527777778,0.00905153652552071));
#2636=CARTESIAN_POINT('',(0.0104518140991785,-0.00778315972222222,0.0181030730510416));
#2637=CARTESIAN_POINT('',(1.68535837353561E-16,-0.00787135416666667,0.0181030730510417));
#2638=CARTESIAN_POINT('',(-0.0104518140991782,-0.00795954861111111,0.0181030730510417));
#2639=CARTESIAN_POINT('',(-0.0156777211487675,-0.00804774305555556,0.00905153652552089));
#2640=CARTESIAN_POINT('',(-0.0209036281983567,-0.0081359375,1.58756097278108E-16));
#2641=CARTESIAN_POINT('',(-0.0156777211487676,-0.00822413194444445,-0.00905153652552076));
#2642=CARTESIAN_POINT('',(-0.0104518140991785,-0.00831232638888889,-0.0181030730510415));
#2643=CARTESIAN_POINT('',(-1.06437789143469E-16,-0.00840052083333333,-0.0181030730510417));
#2644=CARTESIAN_POINT('',(0.0104518140991782,-0.00848871527777778,-0.0181030730510418));
#2645=CARTESIAN_POINT('',(0.0156777211487675,-0.00857690972222222,-0.00905153652552094));
#2646=CARTESIAN_POINT('',(0.0209036281983567,-0.00866510416666666,-8.70514475776146E-17));
#2647=CARTESIAN_POINT('',(0.0156777211487676,-0.00875329861111111,0.0090515365255207));
#2648=CARTESIAN_POINT('',(0.0104518140991785,-0.00884149305555555,0.0181030730510416));
#2649=CARTESIAN_POINT('',(1.72969811446898E-16,-0.0089296875,0.0181030730510417));
#2650=CARTESIAN_POINT('',(-0.0104518140991782,-0.00901788194444444,0.0181030730510417));
#2651=CARTESIAN_POINT('',(-0.0156777211487675,-0.00910607638888889,0.00905153652552089));
#2652=CARTESIAN_POINT('',(-0.0209036281983567,-0.00919427083333333,1.63876009550845E-16));
#2653=CARTESIAN_POINT('',(-0.0156777211487676,-0.00928246527777778,-0.00905153652552076));
#2654=CARTESIAN_POINT('',(-0.0104518140991784,-0.00937065972222222,-0.0181030730510417));
#2655=CARTESIAN_POINT('',(-2.39501833750328E-16,-0.00945885416666667,-0.0181030730510417));
#2656=CARTESIAN_POINT('',(0.0104518140991782,-0.00954704861111112,-0.0181030730510418));
#2657=CARTESIAN_POINT('',(0.0156777211487675,-0.00963524305555556,-0.00905153652552095));
#2658=CARTESIAN_POINT('',(0.0209036281983567,-0.0097234375,-9.21713598503513E-17));
#2659=CARTESIAN_POINT('',(0.0156777211487675,-0.00981163194444445,0.00905153652552081));
#2660=CARTESIAN_POINT('',(0.0104518140991786,-0.00989982638888889,0.0181030730510415));
#2661=CARTESIAN_POINT('',(1.77403785540236E-16,-0.00998802083333333,0.0181030730510417));
#2662=CARTESIAN_POINT('',(0.,0.00132291666666667,0.0175302333333333));
#2663=CARTESIAN_POINT('',(-0.0101210849339569,0.00123472222222222,0.0175302333333334));
#2664=CARTESIAN_POINT('',(-0.0151816274009354,0.00114652777777778,0.00876511666666667));
#2665=CARTESIAN_POINT('',(-0.0202421698679139,0.00105833333333333,1.23947542682689E-18));
#2666=CARTESIAN_POINT('',(-0.0151816274009354,0.000970138888888889,-0.00876511666666666));
#2667=CARTESIAN_POINT('',(-0.010121084933957,0.000881944444444445,-0.0175302333333333));
#2668=CARTESIAN_POINT('',(-2.14683441399729E-18,0.00079375,-0.0175302333333333));
#2669=CARTESIAN_POINT('',(0.0101210849339569,0.000705555555555555,-0.0175302333333334));
#2670=CARTESIAN_POINT('',(0.0151816274009354,0.000617361111111111,-0.00876511666666667));
#2671=CARTESIAN_POINT('',(0.0202421698679139,0.000529166666666667,-3.71842628048066E-18));
#2672=CARTESIAN_POINT('',(0.0151816274009354,0.000440972222222223,0.00876511666666665));
#2673=CARTESIAN_POINT('',(0.010121084933957,0.000352777777777778,0.0175302333333333));
#2674=CARTESIAN_POINT('',(4.29366882799458E-18,0.000264583333333334,0.0175302333333333));
#2675=CARTESIAN_POINT('',(-0.0101210849339569,0.000176388888888889,0.0175302333333334));
#2676=CARTESIAN_POINT('',(-0.0151816274009354,8.81944444444446E-5,0.00876511666666668));
#2677=CARTESIAN_POINT('',(-0.0202421698679139,2.16840434497101E-19,2.41760355787197E-17));
#2678=CARTESIAN_POINT('',(-0.0151816274009354,-8.81944444444443E-5,-0.00876511666666665));
#2679=CARTESIAN_POINT('',(-0.010121084933957,-0.000176388888888889,-0.0175302333333333));
#2680=CARTESIAN_POINT('',(-6.44050324199187E-18,-0.000264583333333334,-0.0175302333333333));
#2681=CARTESIAN_POINT('',(0.0101210849339569,-0.000352777777777778,-0.0175302333333334));
#2682=CARTESIAN_POINT('',(0.0151816274009354,-0.000440972222222222,-0.00876511666666669));
#2683=CARTESIAN_POINT('',(0.0202421698679139,-0.000529166666666667,-8.67632798778822E-18));
#2684=CARTESIAN_POINT('',(0.0151816274009354,-0.000617361111111111,0.00876511666666665));
#2685=CARTESIAN_POINT('',(0.010121084933957,-0.000705555555555555,0.0175302333333333));
#2686=CARTESIAN_POINT('',(8.58733765598916E-18,-0.00079375,0.0175302333333333));
#2687=CARTESIAN_POINT('',(-0.0101210849339569,-0.000881944444444445,0.0175302333333334));
#2688=CARTESIAN_POINT('',(-0.0151816274009354,-0.000970138888888889,0.00876511666666669));
#2689=CARTESIAN_POINT('',(-0.0202421698679139,-0.00105833333333333,4.71125957306125E-17));
#2690=CARTESIAN_POINT('',(-0.0151816274009354,-0.00114652777777778,-0.00876511666666665));
#2691=CARTESIAN_POINT('',(-0.010121084933957,-0.00123472222222222,-0.0175302333333333));
#2692=CARTESIAN_POINT('',(-4.18741219479353E-17,-0.00132291666666667,-0.0175302333333333));
#2693=CARTESIAN_POINT('',(0.0101210849339569,-0.00141111111111111,-0.0175302333333334));
#2694=CARTESIAN_POINT('',(0.0151816274009354,-0.00149930555555556,-0.00876511666666669));
#2695=CARTESIAN_POINT('',(0.0202421698679139,-0.0015875,-4.95915465842663E-17));
#2696=CARTESIAN_POINT('',(0.0151816274009354,-0.00167569444444445,0.00876511666666662));
#2697=CARTESIAN_POINT('',(0.010121084933957,-0.00176388888888889,0.0175302333333333));
#2698=CARTESIAN_POINT('',(1.28810064839837E-17,-0.00185208333333333,0.0175302333333333));
#2699=CARTESIAN_POINT('',(-0.0101210849339569,-0.00194027777777778,0.0175302333333334));
#2700=CARTESIAN_POINT('',(-0.0151816274009354,-0.00202847222222222,0.0087651166666667));
#2701=CARTESIAN_POINT('',(-0.0202421698679139,-0.00211666666666666,5.207049743792E-17));
#2702=CARTESIAN_POINT('',(-0.0151816274009354,-0.00220486111111111,-0.00876511666666662));
#2703=CARTESIAN_POINT('',(-0.010121084933957,-0.00229305555555555,-0.0175302333333333));
#2704=CARTESIAN_POINT('',(-1.5027840897981E-17,-0.00238125,-0.0175302333333333));
#2705=CARTESIAN_POINT('',(0.0101210849339569,-0.00246944444444445,-0.0175302333333334));
#2706=CARTESIAN_POINT('',(0.0151816274009354,-0.00255763888888889,-0.0087651166666667));
#2707=CARTESIAN_POINT('',(0.0202421698679139,-0.00264583333333334,-5.45494482915738E-17));
#2708=CARTESIAN_POINT('',(0.0151816274009354,-0.00273402777777778,0.00876511666666662));
#2709=CARTESIAN_POINT('',(0.010121084933957,-0.00282222222222222,0.0175302333333333));
#2710=CARTESIAN_POINT('',(1.71746753119783E-17,-0.00291041666666666,0.0175302333333333));
#2711=CARTESIAN_POINT('',(-0.0101210849339569,-0.00299861111111111,0.0175302333333334));
#2712=CARTESIAN_POINT('',(-0.0151816274009354,-0.00308680555555556,0.0087651166666667));
#2713=CARTESIAN_POINT('',(-0.0202421698679139,-0.003175,5.70283991452276E-17));
#2714=CARTESIAN_POINT('',(-0.0151816274009354,-0.00326319444444444,-0.00876511666666661));
#2715=CARTESIAN_POINT('',(-0.010121084933957,-0.00335138888888889,-0.0175302333333333));
#2716=CARTESIAN_POINT('',(-8.16014094818735E-17,-0.00343958333333333,-0.0175302333333333));
#2717=CARTESIAN_POINT('',(0.0101210849339569,-0.00352777777777778,-0.0175302333333334));
#2718=CARTESIAN_POINT('',(0.0151816274009354,-0.00361597222222222,-0.0087651166666667));
#2719=CARTESIAN_POINT('',(0.0202421698679139,-0.00370416666666667,-5.95073499988814E-17));
#2720=CARTESIAN_POINT('',(0.0151816274009354,-0.00379236111111111,0.00876511666666661));
#2721=CARTESIAN_POINT('',(0.010121084933957,-0.00388055555555556,0.0175302333333333));
#2722=CARTESIAN_POINT('',(8.37482438958707E-17,-0.00396875,0.0175302333333333));
#2723=CARTESIAN_POINT('',(-0.0101210849339569,-0.00405694444444444,0.0175302333333334));
#2724=CARTESIAN_POINT('',(-0.0151816274009354,-0.00414513888888889,0.0087651166666667));
#2725=CARTESIAN_POINT('',(-0.0202421698679139,-0.00423333333333333,1.33900934630876E-16));
#2726=CARTESIAN_POINT('',(-0.0151816274009354,-0.00432152777777778,-0.00876511666666661));
#2727=CARTESIAN_POINT('',(-0.010121084933957,-0.00440972222222222,-0.0175302333333333));
#2728=CARTESIAN_POINT('',(-8.5895078309868E-17,-0.00449791666666667,-0.0175302333333333));
#2729=CARTESIAN_POINT('',(0.0101210849339569,-0.00458611111111111,-0.0175302333333334));
#2730=CARTESIAN_POINT('',(0.0151816274009354,-0.00467430555555556,-0.00876511666666676));
#2731=CARTESIAN_POINT('',(0.0202421698679139,-0.0047625,-6.4465251706189E-17));
#2732=CARTESIAN_POINT('',(0.0151816274009355,-0.00485069444444445,0.00876511666666655));
#2733=CARTESIAN_POINT('',(0.010121084933957,-0.00493888888888889,0.0175302333333333));
#2734=CARTESIAN_POINT('',(2.57620129679675E-17,-0.00502708333333333,0.0175302333333333));
#2735=CARTESIAN_POINT('',(-0.0101210849339568,-0.00511527777777777,0.0175302333333334));
#2736=CARTESIAN_POINT('',(-0.0151816274009354,-0.00520347222222222,0.00876511666666671));
#2737=CARTESIAN_POINT('',(-0.0202421698679139,-0.00529166666666667,1.38858836338184E-16));
#2738=CARTESIAN_POINT('',(-0.0151816274009354,-0.00537986111111111,-0.00876511666666661));
#2739=CARTESIAN_POINT('',(-0.010121084933957,-0.00546805555555555,-0.0175302333333333));
#2740=CARTESIAN_POINT('',(-9.01887471378626E-17,-0.00555625,-0.0175302333333333));
#2741=CARTESIAN_POINT('',(0.0101210849339569,-0.00564444444444444,-0.0175302333333334));
#2742=CARTESIAN_POINT('',(0.0151816274009354,-0.00573263888888889,-0.00876511666666676));
#2743=CARTESIAN_POINT('',(0.0202421698679139,-0.00582083333333333,-6.94231534134964E-17));
#2744=CARTESIAN_POINT('',(0.0151816274009355,-0.00590902777777778,0.00876511666666655));
#2745=CARTESIAN_POINT('',(0.010121084933957,-0.00599722222222222,0.0175302333333333));
#2746=CARTESIAN_POINT('',(3.00556817959621E-17,-0.00608541666666667,0.0175302333333333));
#2747=CARTESIAN_POINT('',(-0.0101210849339568,-0.00617361111111111,0.0175302333333334));
#2748=CARTESIAN_POINT('',(-0.0151816274009354,-0.00626180555555556,0.00876511666666671));
#2749=CARTESIAN_POINT('',(-0.0202421698679139,-0.00635,1.43816738045491E-16));
#2750=CARTESIAN_POINT('',(-0.0151816274009354,-0.00643819444444445,-0.0087651166666666));
#2751=CARTESIAN_POINT('',(-0.0101210849339571,-0.00652638888888889,-0.0175302333333332));
#2752=CARTESIAN_POINT('',(-9.44824159658572E-17,-0.00661458333333333,-0.0175302333333333));
#2753=CARTESIAN_POINT('',(0.0101210849339569,-0.00670277777777777,-0.0175302333333334));
#2754=CARTESIAN_POINT('',(0.0151816274009354,-0.00679097222222222,-0.00876511666666677));
#2755=CARTESIAN_POINT('',(0.0202421698679139,-0.00687916666666666,-7.4381055120804E-17));
#2756=CARTESIAN_POINT('',(0.0151816274009355,-0.00696736111111111,0.00876511666666655));
#2757=CARTESIAN_POINT('',(0.010121084933957,-0.00705555555555555,0.0175302333333333));
#2758=CARTESIAN_POINT('',(3.43493506239567E-17,-0.00714375,0.0175302333333333));
#2759=CARTESIAN_POINT('',(-0.0101210849339568,-0.00723194444444444,0.0175302333333334));
#2760=CARTESIAN_POINT('',(-0.0151816274009354,-0.00732013888888889,0.00876511666666672));
#2761=CARTESIAN_POINT('',(-0.0202421698679139,-0.00740833333333333,1.48774639752799E-16));
#2762=CARTESIAN_POINT('',(-0.0151816274009354,-0.00749652777777778,-0.0087651166666666));
#2763=CARTESIAN_POINT('',(-0.0101210849339571,-0.00758472222222223,-0.0175302333333332));
#2764=CARTESIAN_POINT('',(-9.87760847938518E-17,-0.00767291666666667,-0.0175302333333333));
#2765=CARTESIAN_POINT('',(0.0101210849339569,-0.00776111111111112,-0.0175302333333334));
#2766=CARTESIAN_POINT('',(0.0151816274009354,-0.00784930555555556,-0.00876511666666677));
#2767=CARTESIAN_POINT('',(0.0202421698679139,-0.00793749999999999,-7.93389568281116E-17));
#2768=CARTESIAN_POINT('',(0.0151816274009355,-0.00802569444444445,0.00876511666666654));
#2769=CARTESIAN_POINT('',(0.010121084933957,-0.00811388888888889,0.0175302333333333));
#2770=CARTESIAN_POINT('',(1.63202818963747E-16,-0.00820208333333333,0.0175302333333333));
#2771=CARTESIAN_POINT('',(-0.0101210849339568,-0.00829027777777778,0.0175302333333334));
#2772=CARTESIAN_POINT('',(-0.0151816274009354,-0.00837847222222222,0.00876511666666672));
#2773=CARTESIAN_POINT('',(-0.0202421698679139,-0.00846666666666667,1.53732541460106E-16));
#2774=CARTESIAN_POINT('',(-0.0151816274009354,-0.00855486111111111,-0.0087651166666666));
#2775=CARTESIAN_POINT('',(-0.0101210849339571,-0.00864305555555556,-0.0175302333333332));
#2776=CARTESIAN_POINT('',(-1.03069753621846E-16,-0.00873125,-0.0175302333333333));
#2777=CARTESIAN_POINT('',(0.0101210849339568,-0.00881944444444445,-0.0175302333333334));
#2778=CARTESIAN_POINT('',(0.0151816274009354,-0.00890763888888889,-0.00876511666666677));
#2779=CARTESIAN_POINT('',(0.0202421698679139,-0.00899583333333333,-8.42968585354191E-17));
#2780=CARTESIAN_POINT('',(0.0151816274009355,-0.00908402777777778,0.00876511666666654));
#2781=CARTESIAN_POINT('',(0.010121084933957,-0.00917222222222222,0.0175302333333333));
#2782=CARTESIAN_POINT('',(1.67496487791741E-16,-0.00926041666666667,0.0175302333333333));
#2783=CARTESIAN_POINT('',(-0.0101210849339568,-0.00934861111111111,0.0175302333333334));
#2784=CARTESIAN_POINT('',(-0.0151816274009354,-0.00943680555555556,0.00876511666666672));
#2785=CARTESIAN_POINT('',(-0.0202421698679139,-0.009525,1.58690443167414E-16));
#2786=CARTESIAN_POINT('',(-0.0151816274009354,-0.00961319444444445,-0.00876511666666659));
#2787=CARTESIAN_POINT('',(-0.010121084933957,-0.00970138888888889,-0.0175302333333333));
#2788=CARTESIAN_POINT('',(-2.31923221961636E-16,-0.00978958333333333,-0.0175302333333333));
#2789=CARTESIAN_POINT('',(0.0101210849339568,-0.00987777777777778,-0.0175302333333334));
#2790=CARTESIAN_POINT('',(0.0151816274009354,-0.00996597222222222,-0.00876511666666678));
#2791=CARTESIAN_POINT('',(0.0202421698679139,-0.0100541666666667,-8.92547602427267E-17));
#2792=CARTESIAN_POINT('',(0.0151816274009354,-0.0101423611111111,0.00876511666666664));
#2793=CARTESIAN_POINT('',(0.0101210849339572,-0.0102305555555555,0.0175302333333332));
#2794=CARTESIAN_POINT('',(1.71790156619736E-16,-0.01031875,0.0175302333333333));
#2795=CARTESIAN_POINT('',(0.0019851117897243,4.88632245412193E-5,-0.0179939041087155));
#2796=CARTESIAN_POINT('',(0.0110950946196151,-3.29048639268426E-5,-0.0169888785061258));
#2797=CARTESIAN_POINT('',(0.0156777211487675,-0.000110243055555556,-0.00905153652552084));
#2798=CARTESIAN_POINT('',(0.0209036281983567,-0.0001984375,-3.83993420455259E-18));
#2799=CARTESIAN_POINT('',(0.0156777211487675,-0.000286631944444444,0.00905153652552082));
#2800=CARTESIAN_POINT('',(0.0104518140991784,-0.000374826388888889,0.0181030730510417));
#2801=CARTESIAN_POINT('',(0.,-0.000463020833333334,0.0181030730510417));
#2802=CARTESIAN_POINT('',(-0.0104518140991784,-0.000551215277777778,0.0181030730510417));
#2803=CARTESIAN_POINT('',(-0.0156777211487675,-0.000639409722222223,0.00905153652552083));
#2804=CARTESIAN_POINT('',(-0.0209036281983567,-0.000727604166666666,1.2799780681842E-18));
#2805=CARTESIAN_POINT('',(-0.0156777211487675,-0.000815798611111111,-0.00905153652552083));
#2806=CARTESIAN_POINT('',(-0.0104518140991784,-0.000903993055555556,-0.0181030730510417));
#2807=CARTESIAN_POINT('',(-2.21698704666889E-18,-0.0009921875,-0.0181030730510417));
#2808=CARTESIAN_POINT('',(0.0104518140991784,-0.00108038194444444,-0.0181030730510417));
#2809=CARTESIAN_POINT('',(0.0156777211487675,-0.00116857638888889,-0.00905153652552084));
#2810=CARTESIAN_POINT('',(0.0209036281983567,-0.00125677083333333,-3.83993420455259E-18));
#2811=CARTESIAN_POINT('',(0.0156777211487675,-0.00134496527777778,0.00905153652552082));
#2812=CARTESIAN_POINT('',(0.0104518140991784,-0.00143315972222222,0.0181030730510417));
#2813=CARTESIAN_POINT('',(0.,-0.00152135416666666,0.0181030730510417));
#2814=CARTESIAN_POINT('',(-0.0104518140991784,-0.00160954861111111,0.0181030730510417));
#2815=CARTESIAN_POINT('',(-0.0156777211487675,-0.00169774305555555,0.00905153652552083));
#2816=CARTESIAN_POINT('',(-0.0209036281983567,-0.0017859375,1.2799780681842E-18));
#2817=CARTESIAN_POINT('',(-0.0156777211487675,-0.00187413194444444,-0.00905153652552083));
#2818=CARTESIAN_POINT('',(-0.0104518140991784,-0.00196232638888889,-0.0181030730510417));
#2819=CARTESIAN_POINT('',(-2.21698704666889E-18,-0.00205052083333333,-0.0181030730510417));
#2820=CARTESIAN_POINT('',(0.0104518140991784,-0.00213871527777778,-0.0181030730510417));
#2821=CARTESIAN_POINT('',(0.0156777211487675,-0.00222690972222223,-0.00905153652552084));
#2822=CARTESIAN_POINT('',(0.0209036281983567,-0.00231510416666666,-3.83993420455259E-18));
#2823=CARTESIAN_POINT('',(0.0156777211487675,-0.00240329861111111,0.00905153652552082));
#2824=CARTESIAN_POINT('',(0.0104518140991784,-0.00249149305555555,0.0181030730510417));
#2825=CARTESIAN_POINT('',(0.,-0.0025796875,0.0181030730510417));
#2826=CARTESIAN_POINT('',(-0.0104518140991784,-0.00266788194444445,0.0181030730510417));
#2827=CARTESIAN_POINT('',(-0.0156777211487675,-0.00275607638888889,0.00905153652552083));
#2828=CARTESIAN_POINT('',(-0.0209036281983567,-0.00284427083333334,1.2799780681842E-18));
#2829=CARTESIAN_POINT('',(-0.0156777211487675,-0.00293246527777778,-0.00905153652552083));
#2830=CARTESIAN_POINT('',(-0.0104518140991784,-0.00302065972222222,-0.0181030730510417));
#2831=CARTESIAN_POINT('',(-2.21698704666889E-18,-0.00310885416666667,-0.0181030730510417));
#2832=CARTESIAN_POINT('',(0.0104518140991784,-0.00319704861111111,-0.0181030730510417));
#2833=CARTESIAN_POINT('',(0.0156777211487675,-0.00328524305555556,-0.00905153652552084));
#2834=CARTESIAN_POINT('',(0.0209036281983567,-0.0033734375,-3.83993420455259E-18));
#2835=CARTESIAN_POINT('',(0.0156777211487675,-0.00346163194444444,0.00905153652552082));
#2836=CARTESIAN_POINT('',(0.0104518140991784,-0.00354982638888889,0.0181030730510417));
#2837=CARTESIAN_POINT('',(0.,-0.00363802083333334,0.0181030730510417));
#2838=CARTESIAN_POINT('',(-0.0104518140991784,-0.00372621527777778,0.0181030730510417));
#2839=CARTESIAN_POINT('',(-0.0156777211487675,-0.00381440972222223,0.00905153652552083));
#2840=CARTESIAN_POINT('',(-0.0209036281983567,-0.00390260416666667,1.2799780681842E-18));
#2841=CARTESIAN_POINT('',(-0.0156777211487675,-0.00399079861111111,-0.00905153652552083));
#2842=CARTESIAN_POINT('',(-0.0104518140991784,-0.00407899305555555,-0.0181030730510417));
#2843=CARTESIAN_POINT('',(-2.21698704666889E-18,-0.0041671875,-0.0181030730510417));
#2844=CARTESIAN_POINT('',(0.0104518140991784,-0.00425538194444444,-0.0181030730510417));
#2845=CARTESIAN_POINT('',(0.0156777211487675,-0.00434357638888889,-0.00905153652552084));
#2846=CARTESIAN_POINT('',(0.0209036281983567,-0.00443177083333333,-3.83993420455259E-18));
#2847=CARTESIAN_POINT('',(0.0156777211487675,-0.00451996527777778,0.00905153652552082));
#2848=CARTESIAN_POINT('',(0.0104518140991784,-0.00460815972222222,0.0181030730510417));
#2849=CARTESIAN_POINT('',(0.,-0.00469635416666667,0.0181030730510417));
#2850=CARTESIAN_POINT('',(-0.0104518140991784,-0.00478454861111111,0.0181030730510417));
#2851=CARTESIAN_POINT('',(-0.0156777211487675,-0.00487274305555556,0.00905153652552083));
#2852=CARTESIAN_POINT('',(-0.0209036281983567,-0.0049609375,1.2799780681842E-18));
#2853=CARTESIAN_POINT('',(-0.0156777211487675,-0.00504913194444445,-0.00905153652552083));
#2854=CARTESIAN_POINT('',(-0.0104518140991784,-0.00513732638888889,-0.0181030730510417));
#2855=CARTESIAN_POINT('',(-2.21698704666889E-18,-0.00522552083333333,-0.0181030730510417));
#2856=CARTESIAN_POINT('',(0.0104518140991784,-0.00531371527777778,-0.0181030730510417));
#2857=CARTESIAN_POINT('',(0.0156777211487675,-0.00540190972222222,-0.00905153652552084));
#2858=CARTESIAN_POINT('',(0.0209036281983567,-0.00549010416666667,-3.83993420455259E-18));
#2859=CARTESIAN_POINT('',(0.0156777211487675,-0.00557829861111111,0.00905153652552082));
#2860=CARTESIAN_POINT('',(0.0104518140991784,-0.00566649305555556,0.0181030730510417));
#2861=CARTESIAN_POINT('',(0.,-0.0057546875,0.0181030730510417));
#2862=CARTESIAN_POINT('',(-0.0104518140991784,-0.00584288194444445,0.0181030730510417));
#2863=CARTESIAN_POINT('',(-0.0156777211487675,-0.00593107638888889,0.00905153652552083));
#2864=CARTESIAN_POINT('',(-0.0209036281983567,-0.00601927083333334,1.2799780681842E-18));
#2865=CARTESIAN_POINT('',(-0.0156777211487675,-0.00610746527777778,-0.00905153652552083));
#2866=CARTESIAN_POINT('',(-0.0104518140991784,-0.00619565972222222,-0.0181030730510417));
#2867=CARTESIAN_POINT('',(-2.21698704666889E-18,-0.00628385416666667,-0.0181030730510417));
#2868=CARTESIAN_POINT('',(0.0104518140991784,-0.00637204861111111,-0.0181030730510417));
#2869=CARTESIAN_POINT('',(0.0156777211487675,-0.00646024305555556,-0.00905153652552084));
#2870=CARTESIAN_POINT('',(0.0209036281983567,-0.0065484375,-3.83993420455259E-18));
#2871=CARTESIAN_POINT('',(0.0156777211487675,-0.00663663194444445,0.00905153652552082));
#2872=CARTESIAN_POINT('',(0.0104518140991784,-0.00672482638888889,0.0181030730510417));
#2873=CARTESIAN_POINT('',(0.,-0.00681302083333333,0.0181030730510417));
#2874=CARTESIAN_POINT('',(-0.0104518140991784,-0.00690121527777778,0.0181030730510417));
#2875=CARTESIAN_POINT('',(-0.0156777211487675,-0.00698940972222222,0.00905153652552083));
#2876=CARTESIAN_POINT('',(-0.0209036281983567,-0.00707760416666667,1.2799780681842E-18));
#2877=CARTESIAN_POINT('',(-0.0156777211487675,-0.00716579861111111,-0.00905153652552083));
#2878=CARTESIAN_POINT('',(-0.0104518140991784,-0.00725399305555556,-0.0181030730510417));
#2879=CARTESIAN_POINT('',(-2.21698704666889E-18,-0.0073421875,-0.0181030730510417));
#2880=CARTESIAN_POINT('',(0.0104518140991784,-0.00743038194444444,-0.0181030730510417));
#2881=CARTESIAN_POINT('',(0.0156777211487675,-0.00751857638888889,-0.00905153652552084));
#2882=CARTESIAN_POINT('',(0.0209036281983567,-0.00760677083333333,-3.83993420455259E-18));
#2883=CARTESIAN_POINT('',(0.0156777211487675,-0.00769496527777778,0.00905153652552082));
#2884=CARTESIAN_POINT('',(0.0104518140991784,-0.00778315972222222,0.0181030730510417));
#2885=CARTESIAN_POINT('',(0.,-0.00787135416666667,0.0181030730510417));
#2886=CARTESIAN_POINT('',(-0.0104518140991784,-0.00795954861111111,0.0181030730510417));
#2887=CARTESIAN_POINT('',(-0.0156777211487675,-0.00804774305555556,0.00905153652552083));
#2888=CARTESIAN_POINT('',(-0.0176482019701244,-0.00808099765799662,0.0056385636275907));
#2889=CARTESIAN_POINT('',(-0.0180216227156308,-0.00811922399797704,0.00171533337483134));
#2890=CARTESIAN_POINT('',(0.0019903869111248,8.49427699957635E-5,-0.0180417200700803));
#2891=CARTESIAN_POINT('',(0.0111245780831517,3.17468152770163E-6,-0.0170340237705094));
#2892=CARTESIAN_POINT('',(0.0157193822193284,-7.41635101010115E-5,-0.00907558955582387));
#2893=CARTESIAN_POINT('',(0.0209591762924378,-0.000162357954545456,-3.85013822389486E-18));
#2894=CARTESIAN_POINT('',(0.0157193822193284,-0.000250552398989901,0.00907558955582384));
#2895=CARTESIAN_POINT('',(0.0104795881462189,-0.000338746843434345,0.0181511791116477));
#2896=CARTESIAN_POINT('',(0.,-0.000426941287878789,0.0181511791116477));
#2897=CARTESIAN_POINT('',(-0.0104795881462189,-0.000515135732323234,0.0181511791116477));
#2898=CARTESIAN_POINT('',(-0.0157193822193284,-0.000603330176767678,0.00907558955582385));
#2899=CARTESIAN_POINT('',(-0.0209591762924378,-0.000691524621212122,1.28337940796496E-18));
#2900=CARTESIAN_POINT('',(-0.0157193822193284,-0.000779719065656566,-0.00907558955582385));
#2901=CARTESIAN_POINT('',(-0.0104795881462189,-0.000867913510101011,-0.0181511791116477));
#2902=CARTESIAN_POINT('',(-2.22287833998297E-18,-0.000956107954545456,-0.0181511791116477));
#2903=CARTESIAN_POINT('',(0.0104795881462189,-0.0010443023989899,-0.0181511791116477));
#2904=CARTESIAN_POINT('',(0.0157193822193284,-0.00113249684343434,-0.00907558955582387));
#2905=CARTESIAN_POINT('',(0.0209591762924378,-0.00122069128787879,-3.85013822389486E-18));
#2906=CARTESIAN_POINT('',(0.0157193822193284,-0.00130888573232323,0.00907558955582384));
#2907=CARTESIAN_POINT('',(0.0104795881462189,-0.00139708017676768,0.0181511791116477));
#2908=CARTESIAN_POINT('',(0.,-0.00148527462121212,0.0181511791116477));
#2909=CARTESIAN_POINT('',(-0.0104795881462189,-0.00157346906565657,0.0181511791116477));
#2910=CARTESIAN_POINT('',(-0.0157193822193284,-0.00166166351010101,0.00907558955582385));
#2911=CARTESIAN_POINT('',(-0.0209591762924378,-0.00174985795454545,1.28337940796496E-18));
#2912=CARTESIAN_POINT('',(-0.0157193822193284,-0.0018380523989899,-0.00907558955582385));
#2913=CARTESIAN_POINT('',(-0.0104795881462189,-0.00192624684343434,-0.0181511791116477));
#2914=CARTESIAN_POINT('',(-2.22287833998297E-18,-0.00201444128787879,-0.0181511791116477));
#2915=CARTESIAN_POINT('',(0.0104795881462189,-0.00210263573232323,-0.0181511791116477));
#2916=CARTESIAN_POINT('',(0.0157193822193284,-0.00219083017676767,-0.00907558955582387));
#2917=CARTESIAN_POINT('',(0.0209591762924378,-0.00227902462121212,-3.85013822389486E-18));
#2918=CARTESIAN_POINT('',(0.0157193822193284,-0.00236721906565657,0.00907558955582384));
#2919=CARTESIAN_POINT('',(0.0104795881462189,-0.00245541351010101,0.0181511791116477));
#2920=CARTESIAN_POINT('',(0.,-0.00254360795454546,0.0181511791116477));
#2921=CARTESIAN_POINT('',(-0.0104795881462189,-0.00263180239898989,0.0181511791116477));
#2922=CARTESIAN_POINT('',(-0.0157193822193284,-0.00271999684343434,0.00907558955582385));
#2923=CARTESIAN_POINT('',(-0.0209591762924378,-0.00280819128787879,1.28337940796496E-18));
#2924=CARTESIAN_POINT('',(-0.0157193822193284,-0.00289638573232323,-0.00907558955582385));
#2925=CARTESIAN_POINT('',(-0.0104795881462189,-0.00298458017676767,-0.0181511791116477));
#2926=CARTESIAN_POINT('',(-2.22287833998297E-18,-0.00307277462121212,-0.0181511791116477));
#2927=CARTESIAN_POINT('',(0.0104795881462189,-0.00316096906565657,-0.0181511791116477));
#2928=CARTESIAN_POINT('',(0.0157193822193284,-0.00324916351010101,-0.00907558955582387));
#2929=CARTESIAN_POINT('',(0.0209591762924378,-0.00333735795454545,-3.85013822389486E-18));
#2930=CARTESIAN_POINT('',(0.0157193822193284,-0.0034255523989899,0.00907558955582384));
#2931=CARTESIAN_POINT('',(0.0104795881462189,-0.00351374684343434,0.0181511791116477));
#2932=CARTESIAN_POINT('',(0.,-0.00360194128787879,0.0181511791116477));
#2933=CARTESIAN_POINT('',(-0.0104795881462189,-0.00369013573232323,0.0181511791116477));
#2934=CARTESIAN_POINT('',(-0.0157193822193284,-0.00377833017676768,0.00907558955582385));
#2935=CARTESIAN_POINT('',(-0.0209591762924378,-0.00386652462121212,1.28337940796496E-18));
#2936=CARTESIAN_POINT('',(-0.0157193822193284,-0.00395471906565657,-0.00907558955582385));
#2937=CARTESIAN_POINT('',(-0.0104795881462189,-0.00404291351010101,-0.0181511791116477));
#2938=CARTESIAN_POINT('',(-2.22287833998297E-18,-0.00413110795454546,-0.0181511791116477));
#2939=CARTESIAN_POINT('',(0.0104795881462189,-0.0042193023989899,-0.0181511791116477));
#2940=CARTESIAN_POINT('',(0.0157193822193284,-0.00430749684343434,-0.00907558955582387));
#2941=CARTESIAN_POINT('',(0.0209591762924378,-0.00439569128787879,-3.85013822389486E-18));
#2942=CARTESIAN_POINT('',(0.0157193822193284,-0.00448388573232323,0.00907558955582384));
#2943=CARTESIAN_POINT('',(0.0104795881462189,-0.00457208017676767,0.0181511791116477));
#2944=CARTESIAN_POINT('',(0.,-0.00466027462121212,0.0181511791116477));
#2945=CARTESIAN_POINT('',(-0.0104795881462189,-0.00474846906565657,0.0181511791116477));
#2946=CARTESIAN_POINT('',(-0.0157193822193284,-0.00483666351010101,0.00907558955582385));
#2947=CARTESIAN_POINT('',(-0.0209591762924378,-0.00492485795454545,1.28337940796496E-18));
#2948=CARTESIAN_POINT('',(-0.0157193822193284,-0.0050130523989899,-0.00907558955582385));
#2949=CARTESIAN_POINT('',(-0.0104795881462189,-0.00510124684343434,-0.0181511791116477));
#2950=CARTESIAN_POINT('',(-2.22287833998297E-18,-0.00518944128787878,-0.0181511791116477));
#2951=CARTESIAN_POINT('',(0.0104795881462189,-0.00527763573232323,-0.0181511791116477));
#2952=CARTESIAN_POINT('',(0.0157193822193284,-0.00536583017676768,-0.00907558955582387));
#2953=CARTESIAN_POINT('',(0.0209591762924378,-0.00545402462121212,-3.85013822389486E-18));
#2954=CARTESIAN_POINT('',(0.0157193822193284,-0.00554221906565657,0.00907558955582384));
#2955=CARTESIAN_POINT('',(0.0104795881462189,-0.005630413510101,0.0181511791116477));
#2956=CARTESIAN_POINT('',(0.,-0.00571860795454545,0.0181511791116477));
#2957=CARTESIAN_POINT('',(-0.0104795881462189,-0.0058068023989899,0.0181511791116477));
#2958=CARTESIAN_POINT('',(-0.0157193822193284,-0.00589499684343434,0.00907558955582385));
#2959=CARTESIAN_POINT('',(-0.0209591762924378,-0.00598319128787878,1.28337940796496E-18));
#2960=CARTESIAN_POINT('',(-0.0157193822193284,-0.00607138573232323,-0.00907558955582385));
#2961=CARTESIAN_POINT('',(-0.0104795881462189,-0.00615958017676767,-0.0181511791116477));
#2962=CARTESIAN_POINT('',(-2.22287833998297E-18,-0.00624777462121212,-0.0181511791116477));
#2963=CARTESIAN_POINT('',(0.0104795881462189,-0.00633596906565656,-0.0181511791116477));
#2964=CARTESIAN_POINT('',(0.0157193822193284,-0.00642416351010101,-0.00907558955582387));
#2965=CARTESIAN_POINT('',(0.0209591762924378,-0.00651235795454545,-3.85013822389486E-18));
#2966=CARTESIAN_POINT('',(0.0157193822193284,-0.0066005523989899,0.00907558955582384));
#2967=CARTESIAN_POINT('',(0.0104795881462189,-0.00668874684343434,0.0181511791116477));
#2968=CARTESIAN_POINT('',(0.,-0.00677694128787879,0.0181511791116477));
#2969=CARTESIAN_POINT('',(-0.0104795881462189,-0.00686513573232323,0.0181511791116477));
#2970=CARTESIAN_POINT('',(-0.0157193822193284,-0.00695333017676767,0.00907558955582385));
#2971=CARTESIAN_POINT('',(-0.0209591762924378,-0.00704152462121212,1.28337940796496E-18));
#2972=CARTESIAN_POINT('',(-0.0157193822193284,-0.00712971906565656,-0.00907558955582385));
#2973=CARTESIAN_POINT('',(-0.0104795881462189,-0.007217913510101,-0.0181511791116477));
#2974=CARTESIAN_POINT('',(-2.22287833998297E-18,-0.00730610795454545,-0.0181511791116477));
#2975=CARTESIAN_POINT('',(0.0104795881462189,-0.0073943023989899,-0.0181511791116477));
#2976=CARTESIAN_POINT('',(0.0157193822193284,-0.00748249684343434,-0.00907558955582387));
#2977=CARTESIAN_POINT('',(0.0209591762924378,-0.00757069128787879,-3.85013822389486E-18));
#2978=CARTESIAN_POINT('',(0.0157193822193284,-0.00765888573232323,0.00907558955582384));
#2979=CARTESIAN_POINT('',(0.0104795881462189,-0.00774708017676768,0.0181511791116477));
#2980=CARTESIAN_POINT('',(0.,-0.00783527462121212,0.0181511791116477));
#2981=CARTESIAN_POINT('',(-0.0104795881462189,-0.00792346906565656,0.0181511791116477));
#2982=CARTESIAN_POINT('',(-0.0157193822193284,-0.008011663510101,0.00907558955582385));
#2983=CARTESIAN_POINT('',(-0.0176950992825955,-0.00804491811254206,0.00565354722086435));
#2984=CARTESIAN_POINT('',(-0.0180695123348205,-0.00808314445252248,0.00171989160265579));
#2985=CARTESIAN_POINT('',(0.0019903869111248,0.000145075345753341,-0.0180417200700803));
#2986=CARTESIAN_POINT('',(0.0111245780831517,6.33072572852787E-5,-0.0170340237705094));
#2987=CARTESIAN_POINT('',(0.0157193822193284,-1.40309343434344E-5,-0.00907558955582387));
#2988=CARTESIAN_POINT('',(0.0209591762924378,-0.000102225378787879,-3.85013822389486E-18));
#2989=CARTESIAN_POINT('',(0.0157193822193284,-0.000190419823232323,0.00907558955582384));
#2990=CARTESIAN_POINT('',(0.0104795881462189,-0.000278614267676767,0.0181511791116477));
#2991=CARTESIAN_POINT('',(0.,-0.000366808712121212,0.0181511791116477));
#2992=CARTESIAN_POINT('',(-0.0104795881462189,-0.000455003156565657,0.0181511791116477));
#2993=CARTESIAN_POINT('',(-0.0157193822193284,-0.000543197601010101,0.00907558955582385));
#2994=CARTESIAN_POINT('',(-0.0209591762924378,-0.000631392045454545,1.28337940796496E-18));
#2995=CARTESIAN_POINT('',(-0.0157193822193284,-0.00071958648989899,-0.00907558955582385));
#2996=CARTESIAN_POINT('',(-0.0104795881462189,-0.000807780934343434,-0.0181511791116477));
#2997=CARTESIAN_POINT('',(-2.22287833998297E-18,-0.000895975378787879,-0.0181511791116477));
#2998=CARTESIAN_POINT('',(0.0104795881462189,-0.000984169823232323,-0.0181511791116477));
#2999=CARTESIAN_POINT('',(0.0157193822193284,-0.00107236426767677,-0.00907558955582387));
#3000=CARTESIAN_POINT('',(0.0209591762924378,-0.00116055871212121,-3.85013822389486E-18));
#3001=CARTESIAN_POINT('',(0.0157193822193284,-0.00124875315656566,0.00907558955582384));
#3002=CARTESIAN_POINT('',(0.0104795881462189,-0.0013369476010101,0.0181511791116477));
#3003=CARTESIAN_POINT('',(0.,-0.00142514204545454,0.0181511791116477));
#3004=CARTESIAN_POINT('',(-0.0104795881462189,-0.00151333648989899,0.0181511791116477));
#3005=CARTESIAN_POINT('',(-0.0157193822193284,-0.00160153093434343,0.00907558955582385));
#3006=CARTESIAN_POINT('',(-0.0209591762924378,-0.00168972537878788,1.28337940796496E-18));
#3007=CARTESIAN_POINT('',(-0.0157193822193284,-0.00177791982323232,-0.00907558955582385));
#3008=CARTESIAN_POINT('',(-0.0104795881462189,-0.00186611426767677,-0.0181511791116477));
#3009=CARTESIAN_POINT('',(-2.22287833998297E-18,-0.00195430871212121,-0.0181511791116477));
#3010=CARTESIAN_POINT('',(0.0104795881462189,-0.00204250315656565,-0.0181511791116477));
#3011=CARTESIAN_POINT('',(0.0157193822193284,-0.0021306976010101,-0.00907558955582387));
#3012=CARTESIAN_POINT('',(0.0209591762924378,-0.00221889204545454,-3.85013822389486E-18));
#3013=CARTESIAN_POINT('',(0.0157193822193284,-0.00230708648989899,0.00907558955582384));
#3014=CARTESIAN_POINT('',(0.0104795881462189,-0.00239528093434343,0.0181511791116477));
#3015=CARTESIAN_POINT('',(0.,-0.00248347537878788,0.0181511791116477));
#3016=CARTESIAN_POINT('',(-0.0104795881462189,-0.00257166982323232,0.0181511791116477));
#3017=CARTESIAN_POINT('',(-0.0157193822193284,-0.00265986426767677,0.00907558955582385));
#3018=CARTESIAN_POINT('',(-0.0209591762924378,-0.00274805871212121,1.28337940796496E-18));
#3019=CARTESIAN_POINT('',(-0.0157193822193284,-0.00283625315656566,-0.00907558955582385));
#3020=CARTESIAN_POINT('',(-0.0104795881462189,-0.0029244476010101,-0.0181511791116477));
#3021=CARTESIAN_POINT('',(-2.22287833998297E-18,-0.00301264204545454,-0.0181511791116477));
#3022=CARTESIAN_POINT('',(0.0104795881462189,-0.00310083648989899,-0.0181511791116477));
#3023=CARTESIAN_POINT('',(0.0157193822193284,-0.00318903093434343,-0.00907558955582387));
#3024=CARTESIAN_POINT('',(0.0209591762924378,-0.00327722537878787,-3.85013822389486E-18));
#3025=CARTESIAN_POINT('',(0.0157193822193284,-0.00336541982323232,0.00907558955582384));
#3026=CARTESIAN_POINT('',(0.0104795881462189,-0.00345361426767677,0.0181511791116477));
#3027=CARTESIAN_POINT('',(0.,-0.00354180871212121,0.0181511791116477));
#3028=CARTESIAN_POINT('',(-0.0104795881462189,-0.00363000315656565,0.0181511791116477));
#3029=CARTESIAN_POINT('',(-0.0157193822193284,-0.0037181976010101,0.00907558955582385));
#3030=CARTESIAN_POINT('',(-0.0209591762924378,-0.00380639204545455,1.28337940796496E-18));
#3031=CARTESIAN_POINT('',(-0.0157193822193284,-0.00389458648989899,-0.00907558955582385));
#3032=CARTESIAN_POINT('',(-0.0104795881462189,-0.00398278093434343,-0.0181511791116477));
#3033=CARTESIAN_POINT('',(-2.22287833998297E-18,-0.00407097537878788,-0.0181511791116477));
#3034=CARTESIAN_POINT('',(0.0104795881462189,-0.00415916982323232,-0.0181511791116477));
#3035=CARTESIAN_POINT('',(0.0157193822193284,-0.00424736426767677,-0.00907558955582387));
#3036=CARTESIAN_POINT('',(0.0209591762924378,-0.00433555871212121,-3.85013822389486E-18));
#3037=CARTESIAN_POINT('',(0.0157193822193284,-0.00442375315656565,0.00907558955582384));
#3038=CARTESIAN_POINT('',(0.0104795881462189,-0.0045119476010101,0.0181511791116477));
#3039=CARTESIAN_POINT('',(0.,-0.00460014204545454,0.0181511791116477));
#3040=CARTESIAN_POINT('',(-0.0104795881462189,-0.00468833648989898,0.0181511791116477));
#3041=CARTESIAN_POINT('',(-0.0157193822193284,-0.00477653093434343,0.00907558955582385));
#3042=CARTESIAN_POINT('',(-0.0209591762924378,-0.00486472537878788,1.28337940796496E-18));
#3043=CARTESIAN_POINT('',(-0.0157193822193284,-0.00495291982323232,-0.00907558955582385));
#3044=CARTESIAN_POINT('',(-0.0104795881462189,-0.00504111426767676,-0.0181511791116477));
#3045=CARTESIAN_POINT('',(-2.22287833998297E-18,-0.00512930871212121,-0.0181511791116477));
#3046=CARTESIAN_POINT('',(0.0104795881462189,-0.00521750315656565,-0.0181511791116477));
#3047=CARTESIAN_POINT('',(0.0157193822193284,-0.0053056976010101,-0.00907558955582387));
#3048=CARTESIAN_POINT('',(0.0209591762924378,-0.00539389204545454,-3.85013822389486E-18));
#3049=CARTESIAN_POINT('',(0.0157193822193284,-0.00548208648989898,0.00907558955582384));
#3050=CARTESIAN_POINT('',(0.0104795881462189,-0.00557028093434343,0.0181511791116477));
#3051=CARTESIAN_POINT('',(0.,-0.00565847537878788,0.0181511791116477));
#3052=CARTESIAN_POINT('',(-0.0104795881462189,-0.00574666982323232,0.0181511791116477));
#3053=CARTESIAN_POINT('',(-0.0157193822193284,-0.00583486426767677,0.00907558955582385));
#3054=CARTESIAN_POINT('',(-0.0209591762924378,-0.00592305871212121,1.28337940796496E-18));
#3055=CARTESIAN_POINT('',(-0.0157193822193284,-0.00601125315656565,-0.00907558955582385));
#3056=CARTESIAN_POINT('',(-0.0104795881462189,-0.0060994476010101,-0.0181511791116477));
#3057=CARTESIAN_POINT('',(-2.22287833998297E-18,-0.00618764204545454,-0.0181511791116477));
#3058=CARTESIAN_POINT('',(0.0104795881462189,-0.00627583648989898,-0.0181511791116477));
#3059=CARTESIAN_POINT('',(0.0157193822193284,-0.00636403093434343,-0.00907558955582387));
#3060=CARTESIAN_POINT('',(0.0209591762924378,-0.00645222537878788,-3.85013822389486E-18));
#3061=CARTESIAN_POINT('',(0.0157193822193284,-0.00654041982323233,0.00907558955582384));
#3062=CARTESIAN_POINT('',(0.0104795881462189,-0.00662861426767676,0.0181511791116477));
#3063=CARTESIAN_POINT('',(0.,-0.0067168087121212,0.0181511791116477));
#3064=CARTESIAN_POINT('',(-0.0104795881462189,-0.00680500315656565,0.0181511791116477));
#3065=CARTESIAN_POINT('',(-0.0157193822193284,-0.0068931976010101,0.00907558955582385));
#3066=CARTESIAN_POINT('',(-0.0209591762924378,-0.00698139204545454,1.28337940796496E-18));
#3067=CARTESIAN_POINT('',(-0.0157193822193284,-0.00706958648989899,-0.00907558955582385));
#3068=CARTESIAN_POINT('',(-0.0104795881462189,-0.00715778093434343,-0.0181511791116477));
#3069=CARTESIAN_POINT('',(-2.22287833998297E-18,-0.00724597537878788,-0.0181511791116477));
#3070=CARTESIAN_POINT('',(0.0104795881462189,-0.00733416982323231,-0.0181511791116477));
#3071=CARTESIAN_POINT('',(0.0157193822193284,-0.00742236426767677,-0.00907558955582387));
#3072=CARTESIAN_POINT('',(0.0209591762924378,-0.0075105587121212,-3.85013822389486E-18));
#3073=CARTESIAN_POINT('',(0.0157193822193284,-0.00759875315656565,0.00907558955582384));
#3074=CARTESIAN_POINT('',(0.0104795881462189,-0.0076869476010101,0.0181511791116477));
#3075=CARTESIAN_POINT('',(0.,-0.00777514204545454,0.0181511791116477));
#3076=CARTESIAN_POINT('',(-0.0104795881462189,-0.00786333648989899,0.0181511791116477));
#3077=CARTESIAN_POINT('',(-0.0157193822193284,-0.00795153093434343,0.00907558955582385));
#3078=CARTESIAN_POINT('',(-0.0176950992825955,-0.00798478553678449,0.00565354722086435));
#3079=CARTESIAN_POINT('',(-0.0180695123348205,-0.00802301187676491,0.00171989160265579));
#3080=CARTESIAN_POINT('',(0.0019851117897243,0.000181154891207886,-0.0179939041087155));
#3081=CARTESIAN_POINT('',(0.0110950946196151,9.93868027398232E-5,-0.0169888785061258));
#3082=CARTESIAN_POINT('',(0.0156777211487675,2.204861111111E-5,-0.00905153652552084));
#3083=CARTESIAN_POINT('',(0.0209036281983567,-6.61458333333345E-5,-3.83993420455259E-18));
#3084=CARTESIAN_POINT('',(0.0156777211487675,-0.000154340277777779,0.00905153652552082));
#3085=CARTESIAN_POINT('',(0.0104518140991784,-0.000242534722222223,0.0181030730510417));
#3086=CARTESIAN_POINT('',(0.,-0.000330729166666668,0.0181030730510417));
#3087=CARTESIAN_POINT('',(-0.0104518140991784,-0.000418923611111113,0.0181030730510417));
#3088=CARTESIAN_POINT('',(-0.0156777211487675,-0.000507118055555557,0.00905153652552083));
#3089=CARTESIAN_POINT('',(-0.0209036281983567,-0.000595312500000002,1.2799780681842E-18));
#3090=CARTESIAN_POINT('',(-0.0156777211487675,-0.000683506944444446,-0.00905153652552083));
#3091=CARTESIAN_POINT('',(-0.0104518140991784,-0.00077170138888889,-0.0181030730510417));
#3092=CARTESIAN_POINT('',(-2.21698704666889E-18,-0.000859895833333334,-0.0181030730510417));
#3093=CARTESIAN_POINT('',(0.0104518140991784,-0.000948090277777779,-0.0181030730510417));
#3094=CARTESIAN_POINT('',(0.0156777211487675,-0.00103628472222222,-0.00905153652552084));
#3095=CARTESIAN_POINT('',(0.0209036281983567,-0.00112447916666667,-3.83993420455259E-18));
#3096=CARTESIAN_POINT('',(0.0156777211487675,-0.00121267361111111,0.00905153652552082));
#3097=CARTESIAN_POINT('',(0.0104518140991784,-0.00130086805555556,0.0181030730510417));
#3098=CARTESIAN_POINT('',(0.,-0.0013890625,0.0181030730510417));
#3099=CARTESIAN_POINT('',(-0.0104518140991784,-0.00147725694444444,0.0181030730510417));
#3100=CARTESIAN_POINT('',(-0.0156777211487675,-0.00156545138888889,0.00905153652552083));
#3101=CARTESIAN_POINT('',(-0.0209036281983567,-0.00165364583333333,1.2799780681842E-18));
#3102=CARTESIAN_POINT('',(-0.0156777211487675,-0.00174184027777778,-0.00905153652552083));
#3103=CARTESIAN_POINT('',(-0.0104518140991784,-0.00183003472222222,-0.0181030730510417));
#3104=CARTESIAN_POINT('',(-2.21698704666889E-18,-0.00191822916666667,-0.0181030730510417));
#3105=CARTESIAN_POINT('',(0.0104518140991784,-0.00200642361111111,-0.0181030730510417));
#3106=CARTESIAN_POINT('',(0.0156777211487675,-0.00209461805555556,-0.00905153652552084));
#3107=CARTESIAN_POINT('',(0.0209036281983567,-0.0021828125,-3.83993420455259E-18));
#3108=CARTESIAN_POINT('',(0.0156777211487675,-0.00227100694444444,0.00905153652552082));
#3109=CARTESIAN_POINT('',(0.0104518140991784,-0.00235920138888889,0.0181030730510417));
#3110=CARTESIAN_POINT('',(0.,-0.00244739583333333,0.0181030730510417));
#3111=CARTESIAN_POINT('',(-0.0104518140991784,-0.00253559027777778,0.0181030730510417));
#3112=CARTESIAN_POINT('',(-0.0156777211487675,-0.00262378472222222,0.00905153652552083));
#3113=CARTESIAN_POINT('',(-0.0209036281983567,-0.00271197916666667,1.2799780681842E-18));
#3114=CARTESIAN_POINT('',(-0.0156777211487675,-0.00280017361111112,-0.00905153652552083));
#3115=CARTESIAN_POINT('',(-0.0104518140991784,-0.00288836805555556,-0.0181030730510417));
#3116=CARTESIAN_POINT('',(-2.21698704666889E-18,-0.0029765625,-0.0181030730510417));
#3117=CARTESIAN_POINT('',(0.0104518140991784,-0.00306475694444445,-0.0181030730510417));
#3118=CARTESIAN_POINT('',(0.0156777211487675,-0.00315295138888889,-0.00905153652552084));
#3119=CARTESIAN_POINT('',(0.0209036281983567,-0.00324114583333333,-3.83993420455259E-18));
#3120=CARTESIAN_POINT('',(0.0156777211487675,-0.00332934027777778,0.00905153652552082));
#3121=CARTESIAN_POINT('',(0.0104518140991784,-0.00341753472222222,0.0181030730510417));
#3122=CARTESIAN_POINT('',(0.,-0.00350572916666667,0.0181030730510417));
#3123=CARTESIAN_POINT('',(-0.0104518140991784,-0.00359392361111111,0.0181030730510417));
#3124=CARTESIAN_POINT('',(-0.0156777211487675,-0.00368211805555556,0.00905153652552083));
#3125=CARTESIAN_POINT('',(-0.0209036281983567,-0.0037703125,1.2799780681842E-18));
#3126=CARTESIAN_POINT('',(-0.0156777211487675,-0.00385850694444444,-0.00905153652552083));
#3127=CARTESIAN_POINT('',(-0.0104518140991784,-0.00394670138888889,-0.0181030730510417));
#3128=CARTESIAN_POINT('',(-2.21698704666889E-18,-0.00403489583333334,-0.0181030730510417));
#3129=CARTESIAN_POINT('',(0.0104518140991784,-0.00412309027777778,-0.0181030730510417));
#3130=CARTESIAN_POINT('',(0.0156777211487675,-0.00421128472222222,-0.00905153652552084));
#3131=CARTESIAN_POINT('',(0.0209036281983567,-0.00429947916666667,-3.83993420455259E-18));
#3132=CARTESIAN_POINT('',(0.0156777211487675,-0.00438767361111111,0.00905153652552082));
#3133=CARTESIAN_POINT('',(0.0104518140991784,-0.00447586805555555,0.0181030730510417));
#3134=CARTESIAN_POINT('',(0.,-0.0045640625,0.0181030730510417));
#3135=CARTESIAN_POINT('',(-0.0104518140991784,-0.00465225694444444,0.0181030730510417));
#3136=CARTESIAN_POINT('',(-0.0156777211487675,-0.00474045138888889,0.00905153652552083));
#3137=CARTESIAN_POINT('',(-0.0209036281983567,-0.00482864583333333,1.2799780681842E-18));
#3138=CARTESIAN_POINT('',(-0.0156777211487675,-0.00491684027777778,-0.00905153652552083));
#3139=CARTESIAN_POINT('',(-0.0104518140991784,-0.00500503472222222,-0.0181030730510417));
#3140=CARTESIAN_POINT('',(-2.21698704666889E-18,-0.00509322916666667,-0.0181030730510417));
#3141=CARTESIAN_POINT('',(0.0104518140991784,-0.00518142361111111,-0.0181030730510417));
#3142=CARTESIAN_POINT('',(0.0156777211487675,-0.00526961805555556,-0.00905153652552084));
#3143=CARTESIAN_POINT('',(0.0209036281983567,-0.00535781249999999,-3.83993420455259E-18));
#3144=CARTESIAN_POINT('',(0.0156777211487675,-0.00544600694444445,0.00905153652552082));
#3145=CARTESIAN_POINT('',(0.0104518140991784,-0.00553420138888889,0.0181030730510417));
#3146=CARTESIAN_POINT('',(0.,-0.00562239583333334,0.0181030730510417));
#3147=CARTESIAN_POINT('',(-0.0104518140991784,-0.00571059027777778,0.0181030730510417));
#3148=CARTESIAN_POINT('',(-0.0156777211487675,-0.00579878472222222,0.00905153652552083));
#3149=CARTESIAN_POINT('',(-0.0209036281983567,-0.00588697916666667,1.2799780681842E-18));
#3150=CARTESIAN_POINT('',(-0.0156777211487675,-0.00597517361111111,-0.00905153652552083));
#3151=CARTESIAN_POINT('',(-0.0104518140991784,-0.00606336805555556,-0.0181030730510417));
#3152=CARTESIAN_POINT('',(-2.21698704666889E-18,-0.0061515625,-0.0181030730510417));
#3153=CARTESIAN_POINT('',(0.0104518140991784,-0.00623975694444445,-0.0181030730510417));
#3154=CARTESIAN_POINT('',(0.0156777211487675,-0.00632795138888889,-0.00905153652552084));
#3155=CARTESIAN_POINT('',(0.0209036281983567,-0.00641614583333334,-3.83993420455259E-18));
#3156=CARTESIAN_POINT('',(0.0156777211487675,-0.00650434027777778,0.00905153652552082));
#3157=CARTESIAN_POINT('',(0.0104518140991784,-0.00659253472222222,0.0181030730510417));
#3158=CARTESIAN_POINT('',(0.,-0.00668072916666667,0.0181030730510417));
#3159=CARTESIAN_POINT('',(-0.0104518140991784,-0.00676892361111111,0.0181030730510417));
#3160=CARTESIAN_POINT('',(-0.0156777211487675,-0.00685711805555556,0.00905153652552083));
#3161=CARTESIAN_POINT('',(-0.0209036281983567,-0.0069453125,1.2799780681842E-18));
#3162=CARTESIAN_POINT('',(-0.0156777211487675,-0.00703350694444445,-0.00905153652552083));
#3163=CARTESIAN_POINT('',(-0.0104518140991784,-0.00712170138888889,-0.0181030730510417));
#3164=CARTESIAN_POINT('',(-2.21698704666889E-18,-0.00720989583333334,-0.0181030730510417));
#3165=CARTESIAN_POINT('',(0.0104518140991784,-0.00729809027777778,-0.0181030730510417));
#3166=CARTESIAN_POINT('',(0.0156777211487675,-0.00738628472222223,-0.00905153652552084));
#3167=CARTESIAN_POINT('',(0.0209036281983567,-0.00747447916666667,-3.83993420455259E-18));
#3168=CARTESIAN_POINT('',(0.0156777211487675,-0.00756267361111111,0.00905153652552082));
#3169=CARTESIAN_POINT('',(0.0104518140991784,-0.00765086805555555,0.0181030730510417));
#3170=CARTESIAN_POINT('',(0.,-0.0077390625,0.0181030730510417));
#3171=CARTESIAN_POINT('',(-0.0104518140991784,-0.00782725694444444,0.0181030730510417));
#3172=CARTESIAN_POINT('',(-0.0156777211487675,-0.00791545138888889,0.00905153652552083));
#3173=CARTESIAN_POINT('',(-0.0176482019701244,-0.00794870599132995,0.0056385636275907));
#3174=CARTESIAN_POINT('',(-0.0180216227156308,-0.00798693233131036,0.00171533337483134));
#3175=CARTESIAN_POINT('',(-0.00702082784248388,-0.00793749999999989,0.0166861987971365));
#3176=CARTESIAN_POINT('',(-0.0081309946190748,-0.00793749999999989,0.0162358408395364));
#3177=CARTESIAN_POINT('',(-0.010256102383694,-0.00793750000000005,0.015095096201864));
#3178=CARTESIAN_POINT('',(-0.0129990827628434,-0.00793749999999998,0.0128182094572486));
#3179=CARTESIAN_POINT('',(-0.0152578065031786,-0.00793750000000001,0.0100075382399987));
#3180=CARTESIAN_POINT('',(-0.0163459992863329,-0.0079375,0.00790495530179414));
#3181=CARTESIAN_POINT('',(-0.0167819978716146,-0.0079375,0.00678865239414089));
#3182=CARTESIAN_POINT('',(0.,-0.0079375,0.));
#3183=CARTESIAN_POINT('',(0.,0.,0.));
#3184=MECHANICAL_DESIGN_GEOMETRIC_PRESENTATION_REPRESENTATION('',(#287),
#3185);
#3185=(
GEOMETRIC_REPRESENTATION_CONTEXT(3)
GLOBAL_UNCERTAINTY_ASSIGNED_CONTEXT((#3186))
GLOBAL_UNIT_ASSIGNED_CONTEXT((#3189,#3188,#3187))
REPRESENTATION_CONTEXT('RMS-38/480','TOP_LEVEL_ASSEMBLY_PART')
);
#3186=UNCERTAINTY_MEASURE_WITH_UNIT(LENGTH_MEASURE(2.E-5),#3189,
'DISTANCE_ACCURACY_VALUE','Maximum Tolerance applied to model');
#3187=(
NAMED_UNIT(*)
SI_UNIT($,.STERADIAN.)
SOLID_ANGLE_UNIT()
);
#3188=(
NAMED_UNIT(*)
PLANE_ANGLE_UNIT()
SI_UNIT($,.RADIAN.)
);
#3189=(
LENGTH_UNIT()
NAMED_UNIT(*)
SI_UNIT($,.METRE.)
);
#3190=PRODUCT_DEFINITION_SHAPE('','',#3191);
#3191=PRODUCT_DEFINITION('','',#3193,#3192);
#3192=PRODUCT_DEFINITION_CONTEXT('',#3199,'design');
#3193=PRODUCT_DEFINITION_FORMATION_WITH_SPECIFIED_SOURCE('','',#3195,
 .NOT_KNOWN.);
#3194=PRODUCT_RELATED_PRODUCT_CATEGORY('','',(#3195));
#3195=PRODUCT('RMS-38/480','RMS-38/480','RMS-38/480',(#3197));
#3196=PRODUCT_CATEGORY('','');
#3197=PRODUCT_CONTEXT('',#3199,'mechanical');
#3198=APPLICATION_PROTOCOL_DEFINITION('international standard',
'ap242_managed_model_based_3d_engineering',2020,#3199);
#3199=APPLICATION_CONTEXT('managed model based 3d engineering');
ENDSEC;
END-ISO-10303-21;
